decision_id,sim_time (before GA and trip),elapsed_time_minutes,best_fitness,avg_fitness,std_fitness,best_Makespan,best_TWT,mean_Makespan,mean_TWT,pareto_front_size,genotypic_diversity,phenotypic_diversity,priority_diversity,robots_positions,robots_batterys,robots_knapsack_capacity,robots_speed,time_matrix,batch_items,items_indices,best_tours,item_assignment,pop_size,generations
1,0.0,0.02330565849939982,71.38904390644234,101.22918525291294,18.719925142361134,6959.004,6929.76,9867.820978453954,9865.545422230289,1,0.41808333333333325,0.7112795780098327,0.05680974601967636,"[3, 4, 2]","[202.98808804582524, 172.2708265350098, 146.8999024794033]",6,6000,"[[0.    7.988 9.748 8.544 7.828]
 [7.988 0.    1.76  1.052 0.528]
 [9.748 1.76  0.    1.94  2.288]
 [8.544 1.052 1.94  0.    1.084]
 [7.828 0.528 2.288 1.084 0.   ]]","[[20.0, 2.0, 2.0, 60.0, 0.0], [45.0, 1.0, 2.0, 60.0, 0.0], [100.0, 2.0, 2.0, 60.0, 0.0], [46.0, 2.0, 1.0, 30.0, 0.0], [29.0, 3.0, 1.0, 30.0, 0.0], [89.0, 2.0, 2.0, 60.0, 0.0], [21.0, 1.0, 2.0, 60.0, 0.0], [110.0, 1.0, 1.0, 30.0, 0.0], [30.0, 2.0, 2.0, 60.0, 0.0], [53.0, 2.0, 2.0, 60.0, 0.0], [35.0, 3.0, 1.0, 30.0, 0.0], [29.0, 3.0, 1.0, 30.0, 0.0], [85.0, 3.0, 2.0, 60.0, 0.0], [21.0, 3.0, 2.0, 60.0, 0.0], [48.0, 2.0, 2.0, 60.0, 0.0], [45.0, 2.0, 2.0, 60.0, 0.0], [88.0, 3.0, 3.0, 120.0, 0.0], [58.0, 2.0, 2.0, 60.0, 0.0], [141.0, 1.0, 2.0, 60.0, 0.0], [445.0, 1.0, 1.0, 30.0, 0.0], [55.0, 2.0, 2.0, 60.0, 0.0], [100.0, 1.0, 3.0, 120.0, 0.0], [25.0, 2.0, 2.0, 60.0, 0.0], [4.0, 1.0, 1.0, 30.0, 0.0], [73.0, 3.0, 2.0, 60.0, 12.021043019829973], [11.0, 1.0, 2.0, 60.0, 23.70199129895224], [24.0, 2.0, 2.0, 60.0, 35.625796298323515], [80.0, 2.0, 2.0, 60.0, 37.02476774758143], [16.0, 2.0, 1.0, 30.0, 37.456954746073315], [45.0, 2.0, 2.0, 60.0, 44.72025732460407], [47.0, 2.0, 2.0, 60.0, 51.770060795891936], [104.0, 2.0, 2.0, 60.0, 67.39154057863942], [79.0, 2.0, 2.0, 60.0, 67.78801156455697], [65.0, 2.0, 2.0, 60.0, 73.02081579727279], [10.0, 3.0, 1.0, 30.0, 73.37299733126183], [92.0, 2.0, 2.0, 60.0, 78.81811547138163], [34.0, 2.0, 2.0, 60.0, 87.47475223580068], [23.0, 1.0, 1.0, 30.0, 89.40922635875023], [55.0, 2.0, 2.0, 60.0, 95.5671546720581], [184.0, 3.0, 2.0, 60.0, 96.33602094118923], [121.0, 3.0, 2.0, 60.0, 96.7939072781402], [61.0, 2.0, 2.0, 60.0, 98.36980328880216], [90.0, 2.0, 2.0, 60.0, 102.87579966565295], [18.0, 1.0, 1.0, 30.0, 104.9407263143454], [13.0, 1.0, 1.0, 30.0, 111.17765606341352], [184.0, 2.0, 2.0, 60.0, 112.29553792447513], [59.0, 3.0, 2.0, 60.0, 121.48538924519744], [87.0, 3.0, 1.0, 30.0, 127.62081856126873], [76.0, 1.0, 1.0, 30.0, 130.89979933108373], [64.0, 2.0, 2.0, 60.0, 132.98523286264282], [79.0, 1.0, 1.0, 30.0, 135.25183130913413], [74.0, 1.0, 1.0, 30.0, 135.6372170444124], [132.0, 1.0, 1.0, 30.0, 136.53537831628518], [13.0, 1.0, 1.0, 30.0, 139.96198057430644], [37.0, 1.0, 1.0, 30.0, 141.90538175510554], [3.0, 1.0, 2.0, 60.0, 148.22641604293108], [105.0, 1.0, 1.0, 30.0, 151.7688691800117], [19.0, 2.0, 2.0, 60.0, 152.9585189515018], [17.0, 2.0, 2.0, 60.0, 155.26396063278915], [45.0, 3.0, 2.0, 60.0, 158.4717443187417], [41.0, 2.0, 2.0, 60.0, 160.19091112593068], [14.0, 3.0, 2.0, 60.0, 161.80046723046223], [40.0, 2.0, 2.0, 60.0, 166.19504064142495], [119.0, 2.0, 2.0, 60.0, 167.67977668606895], [52.0, 2.0, 2.0, 60.0, 174.34828881122837], [52.0, 2.0, 2.0, 60.0, 181.30260874245792], [445.0, 2.0, 1.0, 30.0, 186.72302338228388], [68.0, 2.0, 2.0, 60.0, 187.08816512218607], [55.0, 2.0, 2.0, 60.0, 192.75850263079985], [27.0, 2.0, 2.0, 60.0, 199.5301925701257], [129.0, 1.0, 1.0, 30.0, 205.14039082741283], [45.0, 2.0, 2.0, 60.0, 206.54063642859495], [22.0, 2.0, 1.0, 30.0, 208.1453173837751], [17.0, 1.0, 1.0, 30.0, 208.9739969202831], [24.0, 3.0, 1.0, 30.0, 210.74581448374042], [18.0, 1.0, 1.0, 30.0, 210.85151326578935], [59.0, 2.0, 3.0, 120.0, 211.68829524636791], [58.0, 2.0, 2.0, 60.0, 218.2635794691037], [79.0, 2.0, 2.0, 60.0, 238.24236082502787], [79.0, 1.0, 2.0, 60.0, 241.06005128697106], [91.0, 1.0, 1.0, 30.0, 242.4802497949752], [62.0, 2.0, 2.0, 60.0, 244.4690310645114], [134.0, 3.0, 2.0, 60.0, 246.27574217918595], [80.0, 2.0, 2.0, 60.0, 246.92391019530396], [22.0, 2.0, 2.0, 60.0, 252.340535869662], [79.0, 1.0, 1.0, 30.0, 259.21978013724924], [107.0, 2.0, 2.0, 60.0, 266.7588257904633], [53.0, 2.0, 2.0, 60.0, 293.3082397692622], [55.0, 3.0, 1.0, 30.0, 303.841540943146], [17.0, 1.0, 1.0, 30.0, 312.06587014562393], [46.0, 3.0, 2.0, 60.0, 317.28332755550696], [84.0, 1.0, 1.0, 30.0, 320.2459485503109], [29.0, 3.0, 1.0, 30.0, 320.46821633167013], [93.0, 2.0, 2.0, 60.0, 325.25123026577114], [10.0, 1.0, 1.0, 30.0, 328.35814570323583], [72.0, 3.0, 1.0, 30.0, 335.8979525787838], [105.0, 1.0, 2.0, 60.0, 346.037960484565], [9.0, 3.0, 1.0, 30.0, 347.69830455805135], [66.0, 2.0, 1.0, 30.0, 347.94705816407], [12.0, 2.0, 2.0, 60.0, 352.5711693396838], [64.0, 1.0, 2.0, 60.0, 365.3382663386541], [134.0, 3.0, 2.0, 60.0, 369.44362432169635], [99.0, 2.0, 2.0, 60.0, 380.09833875091823], [28.0, 1.0, 1.0, 30.0, 383.8634124776174], [86.0, 2.0, 2.0, 60.0, 390.4333827158369], [100.0, 3.0, 3.0, 120.0, 391.8772976892559], [111.0, 1.0, 1.0, 30.0, 392.54938394344936], [19.0, 1.0, 1.0, 30.0, 393.26178810715084], [100.0, 3.0, 3.0, 120.0, 393.85019969752625], [47.0, 2.0, 2.0, 60.0, 394.1235652920939], [100.0, 2.0, 3.0, 120.0, 402.7065312495663], [272.0, 1.0, 1.0, 30.0, 404.9496062434009], [40.0, 2.0, 2.0, 60.0, 406.8802625567264], [81.0, 1.0, 2.0, 60.0, 411.5550592296831], [13.0, 2.0, 2.0, 60.0, 412.491396507024], [60.0, 2.0, 2.0, 60.0, 422.0828587162822], [92.0, 2.0, 2.0, 60.0, 428.54263891348444], [5.0, 1.0, 1.0, 30.0, 430.18884989348794], [32.0, 2.0, 2.0, 60.0, 431.1918089653501], [115.0, 3.0, 1.0, 30.0, 433.84690701169285]]","[0, 1, 2, 3, 4, 5, 6, 7, 8, 9, 10, 11, 12, 13, 14, 15, 16, 17, 18, 19, 20, 21, 22, 23]","[[3, 0, 3, 2, 1, 0], [4, 0, 1, 2, 3, 0], [2, 0, 2, 1, 0]]","[1, 2, 2, 0, 0, 2, 2, 1, -1, 0, 0, 0, 1, -1, 2, 2, -1, 1, -1, 1, -1, -1, 1, 0]",200,10
2,9.0233056584994,0.026061904430389405,64.51884281583487,90.2248406272127,17.55375569777137,6961.297838362797,6937.746761618545,9734.861330629652,9796.290217018826,2,0.4236607142857144,0.6812036765428258,0.049189664144775797,"[3, 0, 2]","[194.44408804582523, 164.6148265350098, 137.1519024794033]",6,6000,"[[ 0.          8.41044054 10.7895578   9.04874986  8.43019249]
 [ 8.41044054  0.          2.51965003  1.14088874  0.71007702]
 [10.7895578   2.51965003  0.          2.51024806  3.22972705]
 [ 9.04874986  1.14088874  2.51024806  0.          1.34838634]
 [ 8.43019249  0.71007702  3.22972705  1.34838634  0.        ]]","[[20.0, 2.0, 2.0, 60.0, 0.0], [45.0, 1.0, 2.0, 60.0, 0.0], [100.0, 2.0, 2.0, 60.0, 0.0], [46.0, 2.0, 1.0, 30.0, 0.0], [29.0, 3.0, 1.0, 30.0, 0.0], [89.0, 2.0, 2.0, 60.0, 0.0], [21.0, 1.0, 2.0, 60.0, 0.0], [110.0, 1.0, 1.0, 30.0, 0.0], [30.0, 2.0, 2.0, 60.0, 0.0], [53.0, 2.0, 2.0, 60.0, 0.0], [35.0, 3.0, 1.0, 30.0, 0.0], [29.0, 3.0, 1.0, 30.0, 0.0], [85.0, 3.0, 2.0, 60.0, 0.0], [21.0, 3.0, 2.0, 60.0, 0.0], [48.0, 2.0, 2.0, 60.0, 0.0], [45.0, 2.0, 2.0, 60.0, 0.0], [88.0, 3.0, 3.0, 120.0, 0.0], [58.0, 2.0, 2.0, 60.0, 0.0], [141.0, 1.0, 2.0, 60.0, 0.0], [445.0, 1.0, 1.0, 30.0, 0.0], [55.0, 2.0, 2.0, 60.0, 0.0], [100.0, 1.0, 3.0, 120.0, 0.0], [25.0, 2.0, 2.0, 60.0, 0.0], [4.0, 1.0, 1.0, 30.0, 0.0], [73.0, 3.0, 2.0, 60.0, 12.021043019829973], [11.0, 1.0, 2.0, 60.0, 23.70199129895224], [24.0, 2.0, 2.0, 60.0, 35.625796298323515], [80.0, 2.0, 2.0, 60.0, 37.02476774758143], [16.0, 2.0, 1.0, 30.0, 37.456954746073315], [45.0, 2.0, 2.0, 60.0, 44.72025732460407], [47.0, 2.0, 2.0, 60.0, 51.770060795891936], [104.0, 2.0, 2.0, 60.0, 67.39154057863942], [79.0, 2.0, 2.0, 60.0, 67.78801156455697], [65.0, 2.0, 2.0, 60.0, 73.02081579727279], [10.0, 3.0, 1.0, 30.0, 73.37299733126183], [92.0, 2.0, 2.0, 60.0, 78.81811547138163], [34.0, 2.0, 2.0, 60.0, 87.47475223580068], [23.0, 1.0, 1.0, 30.0, 89.40922635875023], [55.0, 2.0, 2.0, 60.0, 95.5671546720581], [184.0, 3.0, 2.0, 60.0, 96.33602094118923], [121.0, 3.0, 2.0, 60.0, 96.7939072781402], [61.0, 2.0, 2.0, 60.0, 98.36980328880216], [90.0, 2.0, 2.0, 60.0, 102.87579966565295], [18.0, 1.0, 1.0, 30.0, 104.9407263143454], [13.0, 1.0, 1.0, 30.0, 111.17765606341352], [184.0, 2.0, 2.0, 60.0, 112.29553792447513], [59.0, 3.0, 2.0, 60.0, 121.48538924519744], [87.0, 3.0, 1.0, 30.0, 127.62081856126873], [76.0, 1.0, 1.0, 30.0, 130.89979933108373], [64.0, 2.0, 2.0, 60.0, 132.98523286264282], [79.0, 1.0, 1.0, 30.0, 135.25183130913413], [74.0, 1.0, 1.0, 30.0, 135.6372170444124], [132.0, 1.0, 1.0, 30.0, 136.53537831628518], [13.0, 1.0, 1.0, 30.0, 139.96198057430644], [37.0, 1.0, 1.0, 30.0, 141.90538175510554], [3.0, 1.0, 2.0, 60.0, 148.22641604293108], [105.0, 1.0, 1.0, 30.0, 151.7688691800117], [19.0, 2.0, 2.0, 60.0, 152.9585189515018], [17.0, 2.0, 2.0, 60.0, 155.26396063278915], [45.0, 3.0, 2.0, 60.0, 158.4717443187417], [41.0, 2.0, 2.0, 60.0, 160.19091112593068], [14.0, 3.0, 2.0, 60.0, 161.80046723046223], [40.0, 2.0, 2.0, 60.0, 166.19504064142495], [119.0, 2.0, 2.0, 60.0, 167.67977668606895], [52.0, 2.0, 2.0, 60.0, 174.34828881122837], [52.0, 2.0, 2.0, 60.0, 181.30260874245792], [445.0, 2.0, 1.0, 30.0, 186.72302338228388], [68.0, 2.0, 2.0, 60.0, 187.08816512218607], [55.0, 2.0, 2.0, 60.0, 192.75850263079985], [27.0, 2.0, 2.0, 60.0, 199.5301925701257], [129.0, 1.0, 1.0, 30.0, 205.14039082741283], [45.0, 2.0, 2.0, 60.0, 206.54063642859495], [22.0, 2.0, 1.0, 30.0, 208.1453173837751], [17.0, 1.0, 1.0, 30.0, 208.9739969202831], [24.0, 3.0, 1.0, 30.0, 210.74581448374042], [18.0, 1.0, 1.0, 30.0, 210.85151326578935], [59.0, 2.0, 3.0, 120.0, 211.68829524636791], [58.0, 2.0, 2.0, 60.0, 218.2635794691037], [79.0, 2.0, 2.0, 60.0, 238.24236082502787], [79.0, 1.0, 2.0, 60.0, 241.06005128697106], [91.0, 1.0, 1.0, 30.0, 242.4802497949752], [62.0, 2.0, 2.0, 60.0, 244.4690310645114], [134.0, 3.0, 2.0, 60.0, 246.27574217918595], [80.0, 2.0, 2.0, 60.0, 246.92391019530396], [22.0, 2.0, 2.0, 60.0, 252.340535869662], [79.0, 1.0, 1.0, 30.0, 259.21978013724924], [107.0, 2.0, 2.0, 60.0, 266.7588257904633], [53.0, 2.0, 2.0, 60.0, 293.3082397692622], [55.0, 3.0, 1.0, 30.0, 303.841540943146], [17.0, 1.0, 1.0, 30.0, 312.06587014562393], [46.0, 3.0, 2.0, 60.0, 317.28332755550696], [84.0, 1.0, 1.0, 30.0, 320.2459485503109], [29.0, 3.0, 1.0, 30.0, 320.46821633167013], [93.0, 2.0, 2.0, 60.0, 325.25123026577114], [10.0, 1.0, 1.0, 30.0, 328.35814570323583], [72.0, 3.0, 1.0, 30.0, 335.8979525787838], [105.0, 1.0, 2.0, 60.0, 346.037960484565], [9.0, 3.0, 1.0, 30.0, 347.69830455805135], [66.0, 2.0, 1.0, 30.0, 347.94705816407], [12.0, 2.0, 2.0, 60.0, 352.5711693396838], [64.0, 1.0, 2.0, 60.0, 365.3382663386541], [134.0, 3.0, 2.0, 60.0, 369.44362432169635], [99.0, 2.0, 2.0, 60.0, 380.09833875091823], [28.0, 1.0, 1.0, 30.0, 383.8634124776174], [86.0, 2.0, 2.0, 60.0, 390.4333827158369], [100.0, 3.0, 3.0, 120.0, 391.8772976892559], [111.0, 1.0, 1.0, 30.0, 392.54938394344936], [19.0, 1.0, 1.0, 30.0, 393.26178810715084], [100.0, 3.0, 3.0, 120.0, 393.85019969752625], [47.0, 2.0, 2.0, 60.0, 394.1235652920939], [100.0, 2.0, 3.0, 120.0, 402.7065312495663], [272.0, 1.0, 1.0, 30.0, 404.9496062434009], [40.0, 2.0, 2.0, 60.0, 406.8802625567264], [81.0, 1.0, 2.0, 60.0, 411.5550592296831], [13.0, 2.0, 2.0, 60.0, 412.491396507024], [60.0, 2.0, 2.0, 60.0, 422.0828587162822], [92.0, 2.0, 2.0, 60.0, 428.54263891348444], [5.0, 1.0, 1.0, 30.0, 430.18884989348794], [32.0, 2.0, 2.0, 60.0, 431.1918089653501], [115.0, 3.0, 1.0, 30.0, 433.84690701169285]]","[0, 1, 2, 3, 4, 5, 6, 7, 8, 9, 10, 11, 12, 13, 14, 15, 16, 17, 18, 19, 20, 21, 22, 23]","[[3, 0, 1, 2, 3, 0], [0, 1, 2, 0], [2, 0, 3, 1, 0]]","[-1, 2, 1, -1, 2, 1, 2, 0, -1, 0, 2, 2, 0, -1, 1, 1, 2, -1, 0, 1, 0, -1, 1, 0]",200,10
3,12.049367562929788,0.04928153355916341,69.50513130797631,69.50813223024177,0.007993886043242042,8108.963396612728,8084.72,8109.313505566539,8085.082744827273,118,0.020714285714285727,0.3659080396884775,6.144737375684535e-16,"[0, 0, 0]","[196.92614995025562, 156.23044789742679, 138.4299643838337]",6,6000,"[[ 0.          9.2875946  11.66671186  9.92590392  9.30734655]
 [ 9.2875946   0.          2.51965003  1.14088874  0.71007702]
 [11.66671186  2.51965003  0.          2.51024806  3.22972705]
 [ 9.92590392  1.14088874  2.51024806  0.          1.34838634]
 [ 9.30734655  0.71007702  3.22972705  1.34838634  0.        ]]","[[20.0, 2.0, 2.0, 60.0, 0.0], [45.0, 1.0, 2.0, 60.0, 0.0], [100.0, 2.0, 2.0, 60.0, 0.0], [46.0, 2.0, 1.0, 30.0, 0.0], [29.0, 3.0, 1.0, 30.0, 0.0], [89.0, 2.0, 2.0, 60.0, 0.0], [21.0, 1.0, 2.0, 60.0, 0.0], [110.0, 1.0, 1.0, 30.0, 0.0], [30.0, 2.0, 2.0, 60.0, 0.0], [53.0, 2.0, 2.0, 60.0, 0.0], [35.0, 3.0, 1.0, 30.0, 0.0], [29.0, 3.0, 1.0, 30.0, 0.0], [85.0, 3.0, 2.0, 60.0, 0.0], [21.0, 3.0, 2.0, 60.0, 0.0], [48.0, 2.0, 2.0, 60.0, 0.0], [45.0, 2.0, 2.0, 60.0, 0.0], [88.0, 3.0, 3.0, 120.0, 0.0], [58.0, 2.0, 2.0, 60.0, 0.0], [141.0, 1.0, 2.0, 60.0, 0.0], [445.0, 1.0, 1.0, 30.0, 0.0], [55.0, 2.0, 2.0, 60.0, 0.0], [100.0, 1.0, 3.0, 120.0, 0.0], [25.0, 2.0, 2.0, 60.0, 0.0], [4.0, 1.0, 1.0, 30.0, 0.0], [73.0, 3.0, 2.0, 60.0, 12.021043019829973], [11.0, 1.0, 2.0, 60.0, 23.70199129895224], [24.0, 2.0, 2.0, 60.0, 35.625796298323515], [80.0, 2.0, 2.0, 60.0, 37.02476774758143], [16.0, 2.0, 1.0, 30.0, 37.456954746073315], [45.0, 2.0, 2.0, 60.0, 44.72025732460407], [47.0, 2.0, 2.0, 60.0, 51.770060795891936], [104.0, 2.0, 2.0, 60.0, 67.39154057863942], [79.0, 2.0, 2.0, 60.0, 67.78801156455697], [65.0, 2.0, 2.0, 60.0, 73.02081579727279], [10.0, 3.0, 1.0, 30.0, 73.37299733126183], [92.0, 2.0, 2.0, 60.0, 78.81811547138163], [34.0, 2.0, 2.0, 60.0, 87.47475223580068], [23.0, 1.0, 1.0, 30.0, 89.40922635875023], [55.0, 2.0, 2.0, 60.0, 95.5671546720581], [184.0, 3.0, 2.0, 60.0, 96.33602094118923], [121.0, 3.0, 2.0, 60.0, 96.7939072781402], [61.0, 2.0, 2.0, 60.0, 98.36980328880216], [90.0, 2.0, 2.0, 60.0, 102.87579966565295], [18.0, 1.0, 1.0, 30.0, 104.9407263143454], [13.0, 1.0, 1.0, 30.0, 111.17765606341352], [184.0, 2.0, 2.0, 60.0, 112.29553792447513], [59.0, 3.0, 2.0, 60.0, 121.48538924519744], [87.0, 3.0, 1.0, 30.0, 127.62081856126873], [76.0, 1.0, 1.0, 30.0, 130.89979933108373], [64.0, 2.0, 2.0, 60.0, 132.98523286264282], [79.0, 1.0, 1.0, 30.0, 135.25183130913413], [74.0, 1.0, 1.0, 30.0, 135.6372170444124], [132.0, 1.0, 1.0, 30.0, 136.53537831628518], [13.0, 1.0, 1.0, 30.0, 139.96198057430644], [37.0, 1.0, 1.0, 30.0, 141.90538175510554], [3.0, 1.0, 2.0, 60.0, 148.22641604293108], [105.0, 1.0, 1.0, 30.0, 151.7688691800117], [19.0, 2.0, 2.0, 60.0, 152.9585189515018], [17.0, 2.0, 2.0, 60.0, 155.26396063278915], [45.0, 3.0, 2.0, 60.0, 158.4717443187417], [41.0, 2.0, 2.0, 60.0, 160.19091112593068], [14.0, 3.0, 2.0, 60.0, 161.80046723046223], [40.0, 2.0, 2.0, 60.0, 166.19504064142495], [119.0, 2.0, 2.0, 60.0, 167.67977668606895], [52.0, 2.0, 2.0, 60.0, 174.34828881122837], [52.0, 2.0, 2.0, 60.0, 181.30260874245792], [445.0, 2.0, 1.0, 30.0, 186.72302338228388], [68.0, 2.0, 2.0, 60.0, 187.08816512218607], [55.0, 2.0, 2.0, 60.0, 192.75850263079985], [27.0, 2.0, 2.0, 60.0, 199.5301925701257], [129.0, 1.0, 1.0, 30.0, 205.14039082741283], [45.0, 2.0, 2.0, 60.0, 206.54063642859495], [22.0, 2.0, 1.0, 30.0, 208.1453173837751], [17.0, 1.0, 1.0, 30.0, 208.9739969202831], [24.0, 3.0, 1.0, 30.0, 210.74581448374042], [18.0, 1.0, 1.0, 30.0, 210.85151326578935], [59.0, 2.0, 3.0, 120.0, 211.68829524636791], [58.0, 2.0, 2.0, 60.0, 218.2635794691037], [79.0, 2.0, 2.0, 60.0, 238.24236082502787], [79.0, 1.0, 2.0, 60.0, 241.06005128697106], [91.0, 1.0, 1.0, 30.0, 242.4802497949752], [62.0, 2.0, 2.0, 60.0, 244.4690310645114], [134.0, 3.0, 2.0, 60.0, 246.27574217918595], [80.0, 2.0, 2.0, 60.0, 246.92391019530396], [22.0, 2.0, 2.0, 60.0, 252.340535869662], [79.0, 1.0, 1.0, 30.0, 259.21978013724924], [107.0, 2.0, 2.0, 60.0, 266.7588257904633], [53.0, 2.0, 2.0, 60.0, 293.3082397692622], [55.0, 3.0, 1.0, 30.0, 303.841540943146], [17.0, 1.0, 1.0, 30.0, 312.06587014562393], [46.0, 3.0, 2.0, 60.0, 317.28332755550696], [84.0, 1.0, 1.0, 30.0, 320.2459485503109], [29.0, 3.0, 1.0, 30.0, 320.46821633167013], [93.0, 2.0, 2.0, 60.0, 325.25123026577114], [10.0, 1.0, 1.0, 30.0, 328.35814570323583], [72.0, 3.0, 1.0, 30.0, 335.8979525787838], [105.0, 1.0, 2.0, 60.0, 346.037960484565], [9.0, 3.0, 1.0, 30.0, 347.69830455805135], [66.0, 2.0, 1.0, 30.0, 347.94705816407], [12.0, 2.0, 2.0, 60.0, 352.5711693396838], [64.0, 1.0, 2.0, 60.0, 365.3382663386541], [134.0, 3.0, 2.0, 60.0, 369.44362432169635], [99.0, 2.0, 2.0, 60.0, 380.09833875091823], [28.0, 1.0, 1.0, 30.0, 383.8634124776174], [86.0, 2.0, 2.0, 60.0, 390.4333827158369], [100.0, 3.0, 3.0, 120.0, 391.8772976892559], [111.0, 1.0, 1.0, 30.0, 392.54938394344936], [19.0, 1.0, 1.0, 30.0, 393.26178810715084], [100.0, 3.0, 3.0, 120.0, 393.85019969752625], [47.0, 2.0, 2.0, 60.0, 394.1235652920939], [100.0, 2.0, 3.0, 120.0, 402.7065312495663], [272.0, 1.0, 1.0, 30.0, 404.9496062434009], [40.0, 2.0, 2.0, 60.0, 406.8802625567264], [81.0, 1.0, 2.0, 60.0, 411.5550592296831], [13.0, 2.0, 2.0, 60.0, 412.491396507024], [60.0, 2.0, 2.0, 60.0, 422.0828587162822], [92.0, 2.0, 2.0, 60.0, 428.54263891348444], [5.0, 1.0, 1.0, 30.0, 430.18884989348794], [32.0, 2.0, 2.0, 60.0, 431.1918089653501], [115.0, 3.0, 1.0, 30.0, 433.84690701169285]]","[0, 1, 2, 3, 4, 5, 6, 7, 8, 9, 10, 11, 12, 13, 14, 15, 16, 17, 18, 19, 20, 21, 22, 23, 24]","[[0, 1, 2, 3, 0], [0, 1, 2, 0], [0, 3, 1, 0]]","[-1, 2, 1, -1, 2, 1, 2, 0, -1, 0, 2, 2, 0, -1, 1, 1, 2, -1, 0, 1, 0, -1, 1, 0, -1]",200,10
4,19.098649096488952,0.025132099787394207,63.2981456810901,66.2059603275458,4.685287788111306,6960.229884228345,6975.41128442158,7279.971610976973,7280.520537051095,15,0.08062500000000002,0.5027581659806868,0.020180098419201292,"[0, 1, 0]","[187.6878368845737, 156.23044789742679, 128.52889831676987]",6,6000,"[[ 0.          8.47799234 10.99594595  9.09386901  8.34118578]
 [ 8.47799234  0.          2.61948754  1.22022313  0.6345519 ]
 [10.99594595  2.61948754  0.          2.51024806  3.15250551]
 [ 9.09386901  1.22022313  2.51024806  0.          1.25042857]
 [ 8.34118578  0.6345519   3.15250551  1.25042857  0.        ]]","[[20.0, 2.0, 2.0, 60.0, 0.0], [45.0, 1.0, 2.0, 60.0, 0.0], [100.0, 2.0, 2.0, 60.0, 0.0], [46.0, 2.0, 1.0, 30.0, 0.0], [29.0, 3.0, 1.0, 30.0, 0.0], [89.0, 2.0, 2.0, 60.0, 0.0], [21.0, 1.0, 2.0, 60.0, 0.0], [110.0, 1.0, 1.0, 30.0, 0.0], [30.0, 2.0, 2.0, 60.0, 0.0], [53.0, 2.0, 2.0, 60.0, 0.0], [35.0, 3.0, 1.0, 30.0, 0.0], [29.0, 3.0, 1.0, 30.0, 0.0], [85.0, 3.0, 2.0, 60.0, 0.0], [21.0, 3.0, 2.0, 60.0, 0.0], [48.0, 2.0, 2.0, 60.0, 0.0], [45.0, 2.0, 2.0, 60.0, 0.0], [88.0, 3.0, 3.0, 120.0, 0.0], [58.0, 2.0, 2.0, 60.0, 0.0], [141.0, 1.0, 2.0, 60.0, 0.0], [445.0, 1.0, 1.0, 30.0, 0.0], [55.0, 2.0, 2.0, 60.0, 0.0], [100.0, 1.0, 3.0, 120.0, 0.0], [25.0, 2.0, 2.0, 60.0, 0.0], [4.0, 1.0, 1.0, 30.0, 0.0], [73.0, 3.0, 2.0, 60.0, 12.021043019829973], [11.0, 1.0, 2.0, 60.0, 23.70199129895224], [24.0, 2.0, 2.0, 60.0, 35.625796298323515], [80.0, 2.0, 2.0, 60.0, 37.02476774758143], [16.0, 2.0, 1.0, 30.0, 37.456954746073315], [45.0, 2.0, 2.0, 60.0, 44.72025732460407], [47.0, 2.0, 2.0, 60.0, 51.770060795891936], [104.0, 2.0, 2.0, 60.0, 67.39154057863942], [79.0, 2.0, 2.0, 60.0, 67.78801156455697], [65.0, 2.0, 2.0, 60.0, 73.02081579727279], [10.0, 3.0, 1.0, 30.0, 73.37299733126183], [92.0, 2.0, 2.0, 60.0, 78.81811547138163], [34.0, 2.0, 2.0, 60.0, 87.47475223580068], [23.0, 1.0, 1.0, 30.0, 89.40922635875023], [55.0, 2.0, 2.0, 60.0, 95.5671546720581], [184.0, 3.0, 2.0, 60.0, 96.33602094118923], [121.0, 3.0, 2.0, 60.0, 96.7939072781402], [61.0, 2.0, 2.0, 60.0, 98.36980328880216], [90.0, 2.0, 2.0, 60.0, 102.87579966565295], [18.0, 1.0, 1.0, 30.0, 104.9407263143454], [13.0, 1.0, 1.0, 30.0, 111.17765606341352], [184.0, 2.0, 2.0, 60.0, 112.29553792447513], [59.0, 3.0, 2.0, 60.0, 121.48538924519744], [87.0, 3.0, 1.0, 30.0, 127.62081856126873], [76.0, 1.0, 1.0, 30.0, 130.89979933108373], [64.0, 2.0, 2.0, 60.0, 132.98523286264282], [79.0, 1.0, 1.0, 30.0, 135.25183130913413], [74.0, 1.0, 1.0, 30.0, 135.6372170444124], [132.0, 1.0, 1.0, 30.0, 136.53537831628518], [13.0, 1.0, 1.0, 30.0, 139.96198057430644], [37.0, 1.0, 1.0, 30.0, 141.90538175510554], [3.0, 1.0, 2.0, 60.0, 148.22641604293108], [105.0, 1.0, 1.0, 30.0, 151.7688691800117], [19.0, 2.0, 2.0, 60.0, 152.9585189515018], [17.0, 2.0, 2.0, 60.0, 155.26396063278915], [45.0, 3.0, 2.0, 60.0, 158.4717443187417], [41.0, 2.0, 2.0, 60.0, 160.19091112593068], [14.0, 3.0, 2.0, 60.0, 161.80046723046223], [40.0, 2.0, 2.0, 60.0, 166.19504064142495], [119.0, 2.0, 2.0, 60.0, 167.67977668606895], [52.0, 2.0, 2.0, 60.0, 174.34828881122837], [52.0, 2.0, 2.0, 60.0, 181.30260874245792], [445.0, 2.0, 1.0, 30.0, 186.72302338228388], [68.0, 2.0, 2.0, 60.0, 187.08816512218607], [55.0, 2.0, 2.0, 60.0, 192.75850263079985], [27.0, 2.0, 2.0, 60.0, 199.5301925701257], [129.0, 1.0, 1.0, 30.0, 205.14039082741283], [45.0, 2.0, 2.0, 60.0, 206.54063642859495], [22.0, 2.0, 1.0, 30.0, 208.1453173837751], [17.0, 1.0, 1.0, 30.0, 208.9739969202831], [24.0, 3.0, 1.0, 30.0, 210.74581448374042], [18.0, 1.0, 1.0, 30.0, 210.85151326578935], [59.0, 2.0, 3.0, 120.0, 211.68829524636791], [58.0, 2.0, 2.0, 60.0, 218.2635794691037], [79.0, 2.0, 2.0, 60.0, 238.24236082502787], [79.0, 1.0, 2.0, 60.0, 241.06005128697106], [91.0, 1.0, 1.0, 30.0, 242.4802497949752], [62.0, 2.0, 2.0, 60.0, 244.4690310645114], [134.0, 3.0, 2.0, 60.0, 246.27574217918595], [80.0, 2.0, 2.0, 60.0, 246.92391019530396], [22.0, 2.0, 2.0, 60.0, 252.340535869662], [79.0, 1.0, 1.0, 30.0, 259.21978013724924], [107.0, 2.0, 2.0, 60.0, 266.7588257904633], [53.0, 2.0, 2.0, 60.0, 293.3082397692622], [55.0, 3.0, 1.0, 30.0, 303.841540943146], [17.0, 1.0, 1.0, 30.0, 312.06587014562393], [46.0, 3.0, 2.0, 60.0, 317.28332755550696], [84.0, 1.0, 1.0, 30.0, 320.2459485503109], [29.0, 3.0, 1.0, 30.0, 320.46821633167013], [93.0, 2.0, 2.0, 60.0, 325.25123026577114], [10.0, 1.0, 1.0, 30.0, 328.35814570323583], [72.0, 3.0, 1.0, 30.0, 335.8979525787838], [105.0, 1.0, 2.0, 60.0, 346.037960484565], [9.0, 3.0, 1.0, 30.0, 347.69830455805135], [66.0, 2.0, 1.0, 30.0, 347.94705816407], [12.0, 2.0, 2.0, 60.0, 352.5711693396838], [64.0, 1.0, 2.0, 60.0, 365.3382663386541], [134.0, 3.0, 2.0, 60.0, 369.44362432169635], [99.0, 2.0, 2.0, 60.0, 380.09833875091823], [28.0, 1.0, 1.0, 30.0, 383.8634124776174], [86.0, 2.0, 2.0, 60.0, 390.4333827158369], [100.0, 3.0, 3.0, 120.0, 391.8772976892559], [111.0, 1.0, 1.0, 30.0, 392.54938394344936], [19.0, 1.0, 1.0, 30.0, 393.26178810715084], [100.0, 3.0, 3.0, 120.0, 393.85019969752625], [47.0, 2.0, 2.0, 60.0, 394.1235652920939], [100.0, 2.0, 3.0, 120.0, 402.7065312495663], [272.0, 1.0, 1.0, 30.0, 404.9496062434009], [40.0, 2.0, 2.0, 60.0, 406.8802625567264], [81.0, 1.0, 2.0, 60.0, 411.5550592296831], [13.0, 2.0, 2.0, 60.0, 412.491396507024], [60.0, 2.0, 2.0, 60.0, 422.0828587162822], [92.0, 2.0, 2.0, 60.0, 428.54263891348444], [5.0, 1.0, 1.0, 30.0, 430.18884989348794], [32.0, 2.0, 2.0, 60.0, 431.1918089653501], [115.0, 3.0, 1.0, 30.0, 433.84690701169285]]","[0, 1, 2, 3, 4, 5, 6, 7, 8, 9, 10, 11, 12, 13, 14, 15, 16, 17, 18, 20, 21, 22, 23, 24]","[[0, 3, 2, 1, 0], [1, 0, 2, 0], [0, 1, 3, 0]]","[-1, 2, 1, 1, 2, 1, 2, 0, -1, 0, 2, 2, 0, -1, 1, 1, 2, -1, 0, 0, -1, 1, 0, -1]",200,10
5,23.123781196276347,0.020806614557902017,0.2851826164349037,27.570988816432667,11.639885427624332,31.085714654481308,37.833317521518445,3005.316038557197,3062.0341291862424,1,0.2836078431372549,0.6634035807618968,0.03467553882089767,"[1, 1, 3]","[187.6878368845737, 147.71073151682177, 128.52889831676987]",6,6000,"[[ 0.          8.5870408  10.90028384  9.02533078  8.42856781]
 [ 8.5870408   0.          2.35421593  1.28011898  0.89848631]
 [10.90028384  2.35421593  0.          2.57305923  3.07315732]
 [ 9.02533078  1.28011898  2.57305923  0.          1.19820426]
 [ 8.42856781  0.89848631  3.07315732  1.19820426  0.        ]]","[[20.0, 2.0, 2.0, 60.0, 0.0], [45.0, 1.0, 2.0, 60.0, 0.0], [100.0, 2.0, 2.0, 60.0, 0.0], [46.0, 2.0, 1.0, 30.0, 0.0], [29.0, 3.0, 1.0, 30.0, 0.0], [89.0, 2.0, 2.0, 60.0, 0.0], [21.0, 1.0, 2.0, 60.0, 0.0], [110.0, 1.0, 1.0, 30.0, 0.0], [30.0, 2.0, 2.0, 60.0, 0.0], [53.0, 2.0, 2.0, 60.0, 0.0], [35.0, 3.0, 1.0, 30.0, 0.0], [29.0, 3.0, 1.0, 30.0, 0.0], [85.0, 3.0, 2.0, 60.0, 0.0], [21.0, 3.0, 2.0, 60.0, 0.0], [48.0, 2.0, 2.0, 60.0, 0.0], [45.0, 2.0, 2.0, 60.0, 0.0], [88.0, 3.0, 3.0, 120.0, 0.0], [58.0, 2.0, 2.0, 60.0, 0.0], [141.0, 1.0, 2.0, 60.0, 0.0], [445.0, 1.0, 1.0, 30.0, 0.0], [55.0, 2.0, 2.0, 60.0, 0.0], [100.0, 1.0, 3.0, 120.0, 0.0], [25.0, 2.0, 2.0, 60.0, 0.0], [4.0, 1.0, 1.0, 30.0, 0.0], [73.0, 3.0, 2.0, 60.0, 12.021043019829973], [11.0, 1.0, 2.0, 60.0, 23.70199129895224], [24.0, 2.0, 2.0, 60.0, 35.625796298323515], [80.0, 2.0, 2.0, 60.0, 37.02476774758143], [16.0, 2.0, 1.0, 30.0, 37.456954746073315], [45.0, 2.0, 2.0, 60.0, 44.72025732460407], [47.0, 2.0, 2.0, 60.0, 51.770060795891936], [104.0, 2.0, 2.0, 60.0, 67.39154057863942], [79.0, 2.0, 2.0, 60.0, 67.78801156455697], [65.0, 2.0, 2.0, 60.0, 73.02081579727279], [10.0, 3.0, 1.0, 30.0, 73.37299733126183], [92.0, 2.0, 2.0, 60.0, 78.81811547138163], [34.0, 2.0, 2.0, 60.0, 87.47475223580068], [23.0, 1.0, 1.0, 30.0, 89.40922635875023], [55.0, 2.0, 2.0, 60.0, 95.5671546720581], [184.0, 3.0, 2.0, 60.0, 96.33602094118923], [121.0, 3.0, 2.0, 60.0, 96.7939072781402], [61.0, 2.0, 2.0, 60.0, 98.36980328880216], [90.0, 2.0, 2.0, 60.0, 102.87579966565295], [18.0, 1.0, 1.0, 30.0, 104.9407263143454], [13.0, 1.0, 1.0, 30.0, 111.17765606341352], [184.0, 2.0, 2.0, 60.0, 112.29553792447513], [59.0, 3.0, 2.0, 60.0, 121.48538924519744], [87.0, 3.0, 1.0, 30.0, 127.62081856126873], [76.0, 1.0, 1.0, 30.0, 130.89979933108373], [64.0, 2.0, 2.0, 60.0, 132.98523286264282], [79.0, 1.0, 1.0, 30.0, 135.25183130913413], [74.0, 1.0, 1.0, 30.0, 135.6372170444124], [132.0, 1.0, 1.0, 30.0, 136.53537831628518], [13.0, 1.0, 1.0, 30.0, 139.96198057430644], [37.0, 1.0, 1.0, 30.0, 141.90538175510554], [3.0, 1.0, 2.0, 60.0, 148.22641604293108], [105.0, 1.0, 1.0, 30.0, 151.7688691800117], [19.0, 2.0, 2.0, 60.0, 152.9585189515018], [17.0, 2.0, 2.0, 60.0, 155.26396063278915], [45.0, 3.0, 2.0, 60.0, 158.4717443187417], [41.0, 2.0, 2.0, 60.0, 160.19091112593068], [14.0, 3.0, 2.0, 60.0, 161.80046723046223], [40.0, 2.0, 2.0, 60.0, 166.19504064142495], [119.0, 2.0, 2.0, 60.0, 167.67977668606895], [52.0, 2.0, 2.0, 60.0, 174.34828881122837], [52.0, 2.0, 2.0, 60.0, 181.30260874245792], [445.0, 2.0, 1.0, 30.0, 186.72302338228388], [68.0, 2.0, 2.0, 60.0, 187.08816512218607], [55.0, 2.0, 2.0, 60.0, 192.75850263079985], [27.0, 2.0, 2.0, 60.0, 199.5301925701257], [129.0, 1.0, 1.0, 30.0, 205.14039082741283], [45.0, 2.0, 2.0, 60.0, 206.54063642859495], [22.0, 2.0, 1.0, 30.0, 208.1453173837751], [17.0, 1.0, 1.0, 30.0, 208.9739969202831], [24.0, 3.0, 1.0, 30.0, 210.74581448374042], [18.0, 1.0, 1.0, 30.0, 210.85151326578935], [59.0, 2.0, 3.0, 120.0, 211.68829524636791], [58.0, 2.0, 2.0, 60.0, 218.2635794691037], [79.0, 2.0, 2.0, 60.0, 238.24236082502787], [79.0, 1.0, 2.0, 60.0, 241.06005128697106], [91.0, 1.0, 1.0, 30.0, 242.4802497949752], [62.0, 2.0, 2.0, 60.0, 244.4690310645114], [134.0, 3.0, 2.0, 60.0, 246.27574217918595], [80.0, 2.0, 2.0, 60.0, 246.92391019530396], [22.0, 2.0, 2.0, 60.0, 252.340535869662], [79.0, 1.0, 1.0, 30.0, 259.21978013724924], [107.0, 2.0, 2.0, 60.0, 266.7588257904633], [53.0, 2.0, 2.0, 60.0, 293.3082397692622], [55.0, 3.0, 1.0, 30.0, 303.841540943146], [17.0, 1.0, 1.0, 30.0, 312.06587014562393], [46.0, 3.0, 2.0, 60.0, 317.28332755550696], [84.0, 1.0, 1.0, 30.0, 320.2459485503109], [29.0, 3.0, 1.0, 30.0, 320.46821633167013], [93.0, 2.0, 2.0, 60.0, 325.25123026577114], [10.0, 1.0, 1.0, 30.0, 328.35814570323583], [72.0, 3.0, 1.0, 30.0, 335.8979525787838], [105.0, 1.0, 2.0, 60.0, 346.037960484565], [9.0, 3.0, 1.0, 30.0, 347.69830455805135], [66.0, 2.0, 1.0, 30.0, 347.94705816407], [12.0, 2.0, 2.0, 60.0, 352.5711693396838], [64.0, 1.0, 2.0, 60.0, 365.3382663386541], [134.0, 3.0, 2.0, 60.0, 369.44362432169635], [99.0, 2.0, 2.0, 60.0, 380.09833875091823], [28.0, 1.0, 1.0, 30.0, 383.8634124776174], [86.0, 2.0, 2.0, 60.0, 390.4333827158369], [100.0, 3.0, 3.0, 120.0, 391.8772976892559], [111.0, 1.0, 1.0, 30.0, 392.54938394344936], [19.0, 1.0, 1.0, 30.0, 393.26178810715084], [100.0, 3.0, 3.0, 120.0, 393.85019969752625], [47.0, 2.0, 2.0, 60.0, 394.1235652920939], [100.0, 2.0, 3.0, 120.0, 402.7065312495663], [272.0, 1.0, 1.0, 30.0, 404.9496062434009], [40.0, 2.0, 2.0, 60.0, 406.8802625567264], [81.0, 1.0, 2.0, 60.0, 411.5550592296831], [13.0, 2.0, 2.0, 60.0, 412.491396507024], [60.0, 2.0, 2.0, 60.0, 422.0828587162822], [92.0, 2.0, 2.0, 60.0, 428.54263891348444], [5.0, 1.0, 1.0, 30.0, 430.18884989348794], [32.0, 2.0, 2.0, 60.0, 431.1918089653501], [115.0, 3.0, 1.0, 30.0, 433.84690701169285]]","[0, 1, 2, 3, 5, 6, 8, 9, 12, 13, 14, 15, 17, 20, 21, 22, 24]","[[1, 0, 2, 3, 0], [1, 0, 2, 0], [3, 0, 1, 2, 0]]","[1, 2, 1, 0, 1, 2, 2, 0, 0, 0, 1, 1, 2, 0, 2, 1, 0]",200,10
6,24.14458781083425,0.021201237042744955,0.2989363835613535,33.4476796176726,13.06580912340749,32.482047853859086,40.812191143751235,3634.3823960083682,3720.79305571152,1,0.28486111111111106,0.685970175641181,0.032998515901626,"[1, 1, 3]","[179.10079608060278, 147.71073151682177, 119.53797835465521]",6,6000,"[[ 0.          8.55262999 10.86587302  8.99091996  8.39415699]
 [ 8.55262999  0.          2.35421593  1.28011898  0.89848631]
 [10.86587302  2.35421593  0.          2.57305923  3.07315732]
 [ 8.99091996  1.28011898  2.57305923  0.          1.19820426]
 [ 8.39415699  0.89848631  3.07315732  1.19820426  0.        ]]","[[20.0, 2.0, 2.0, 60.0, 0.0], [45.0, 1.0, 2.0, 60.0, 0.0], [100.0, 2.0, 2.0, 60.0, 0.0], [46.0, 2.0, 1.0, 30.0, 0.0], [29.0, 3.0, 1.0, 30.0, 0.0], [89.0, 2.0, 2.0, 60.0, 0.0], [21.0, 1.0, 2.0, 60.0, 0.0], [110.0, 1.0, 1.0, 30.0, 0.0], [30.0, 2.0, 2.0, 60.0, 0.0], [53.0, 2.0, 2.0, 60.0, 0.0], [35.0, 3.0, 1.0, 30.0, 0.0], [29.0, 3.0, 1.0, 30.0, 0.0], [85.0, 3.0, 2.0, 60.0, 0.0], [21.0, 3.0, 2.0, 60.0, 0.0], [48.0, 2.0, 2.0, 60.0, 0.0], [45.0, 2.0, 2.0, 60.0, 0.0], [88.0, 3.0, 3.0, 120.0, 0.0], [58.0, 2.0, 2.0, 60.0, 0.0], [141.0, 1.0, 2.0, 60.0, 0.0], [445.0, 1.0, 1.0, 30.0, 0.0], [55.0, 2.0, 2.0, 60.0, 0.0], [100.0, 1.0, 3.0, 120.0, 0.0], [25.0, 2.0, 2.0, 60.0, 0.0], [4.0, 1.0, 1.0, 30.0, 0.0], [73.0, 3.0, 2.0, 60.0, 12.021043019829973], [11.0, 1.0, 2.0, 60.0, 23.70199129895224], [24.0, 2.0, 2.0, 60.0, 35.625796298323515], [80.0, 2.0, 2.0, 60.0, 37.02476774758143], [16.0, 2.0, 1.0, 30.0, 37.456954746073315], [45.0, 2.0, 2.0, 60.0, 44.72025732460407], [47.0, 2.0, 2.0, 60.0, 51.770060795891936], [104.0, 2.0, 2.0, 60.0, 67.39154057863942], [79.0, 2.0, 2.0, 60.0, 67.78801156455697], [65.0, 2.0, 2.0, 60.0, 73.02081579727279], [10.0, 3.0, 1.0, 30.0, 73.37299733126183], [92.0, 2.0, 2.0, 60.0, 78.81811547138163], [34.0, 2.0, 2.0, 60.0, 87.47475223580068], [23.0, 1.0, 1.0, 30.0, 89.40922635875023], [55.0, 2.0, 2.0, 60.0, 95.5671546720581], [184.0, 3.0, 2.0, 60.0, 96.33602094118923], [121.0, 3.0, 2.0, 60.0, 96.7939072781402], [61.0, 2.0, 2.0, 60.0, 98.36980328880216], [90.0, 2.0, 2.0, 60.0, 102.87579966565295], [18.0, 1.0, 1.0, 30.0, 104.9407263143454], [13.0, 1.0, 1.0, 30.0, 111.17765606341352], [184.0, 2.0, 2.0, 60.0, 112.29553792447513], [59.0, 3.0, 2.0, 60.0, 121.48538924519744], [87.0, 3.0, 1.0, 30.0, 127.62081856126873], [76.0, 1.0, 1.0, 30.0, 130.89979933108373], [64.0, 2.0, 2.0, 60.0, 132.98523286264282], [79.0, 1.0, 1.0, 30.0, 135.25183130913413], [74.0, 1.0, 1.0, 30.0, 135.6372170444124], [132.0, 1.0, 1.0, 30.0, 136.53537831628518], [13.0, 1.0, 1.0, 30.0, 139.96198057430644], [37.0, 1.0, 1.0, 30.0, 141.90538175510554], [3.0, 1.0, 2.0, 60.0, 148.22641604293108], [105.0, 1.0, 1.0, 30.0, 151.7688691800117], [19.0, 2.0, 2.0, 60.0, 152.9585189515018], [17.0, 2.0, 2.0, 60.0, 155.26396063278915], [45.0, 3.0, 2.0, 60.0, 158.4717443187417], [41.0, 2.0, 2.0, 60.0, 160.19091112593068], [14.0, 3.0, 2.0, 60.0, 161.80046723046223], [40.0, 2.0, 2.0, 60.0, 166.19504064142495], [119.0, 2.0, 2.0, 60.0, 167.67977668606895], [52.0, 2.0, 2.0, 60.0, 174.34828881122837], [52.0, 2.0, 2.0, 60.0, 181.30260874245792], [445.0, 2.0, 1.0, 30.0, 186.72302338228388], [68.0, 2.0, 2.0, 60.0, 187.08816512218607], [55.0, 2.0, 2.0, 60.0, 192.75850263079985], [27.0, 2.0, 2.0, 60.0, 199.5301925701257], [129.0, 1.0, 1.0, 30.0, 205.14039082741283], [45.0, 2.0, 2.0, 60.0, 206.54063642859495], [22.0, 2.0, 1.0, 30.0, 208.1453173837751], [17.0, 1.0, 1.0, 30.0, 208.9739969202831], [24.0, 3.0, 1.0, 30.0, 210.74581448374042], [18.0, 1.0, 1.0, 30.0, 210.85151326578935], [59.0, 2.0, 3.0, 120.0, 211.68829524636791], [58.0, 2.0, 2.0, 60.0, 218.2635794691037], [79.0, 2.0, 2.0, 60.0, 238.24236082502787], [79.0, 1.0, 2.0, 60.0, 241.06005128697106], [91.0, 1.0, 1.0, 30.0, 242.4802497949752], [62.0, 2.0, 2.0, 60.0, 244.4690310645114], [134.0, 3.0, 2.0, 60.0, 246.27574217918595], [80.0, 2.0, 2.0, 60.0, 246.92391019530396], [22.0, 2.0, 2.0, 60.0, 252.340535869662], [79.0, 1.0, 1.0, 30.0, 259.21978013724924], [107.0, 2.0, 2.0, 60.0, 266.7588257904633], [53.0, 2.0, 2.0, 60.0, 293.3082397692622], [55.0, 3.0, 1.0, 30.0, 303.841540943146], [17.0, 1.0, 1.0, 30.0, 312.06587014562393], [46.0, 3.0, 2.0, 60.0, 317.28332755550696], [84.0, 1.0, 1.0, 30.0, 320.2459485503109], [29.0, 3.0, 1.0, 30.0, 320.46821633167013], [93.0, 2.0, 2.0, 60.0, 325.25123026577114], [10.0, 1.0, 1.0, 30.0, 328.35814570323583], [72.0, 3.0, 1.0, 30.0, 335.8979525787838], [105.0, 1.0, 2.0, 60.0, 346.037960484565], [9.0, 3.0, 1.0, 30.0, 347.69830455805135], [66.0, 2.0, 1.0, 30.0, 347.94705816407], [12.0, 2.0, 2.0, 60.0, 352.5711693396838], [64.0, 1.0, 2.0, 60.0, 365.3382663386541], [134.0, 3.0, 2.0, 60.0, 369.44362432169635], [99.0, 2.0, 2.0, 60.0, 380.09833875091823], [28.0, 1.0, 1.0, 30.0, 383.8634124776174], [86.0, 2.0, 2.0, 60.0, 390.4333827158369], [100.0, 3.0, 3.0, 120.0, 391.8772976892559], [111.0, 1.0, 1.0, 30.0, 392.54938394344936], [19.0, 1.0, 1.0, 30.0, 393.26178810715084], [100.0, 3.0, 3.0, 120.0, 393.85019969752625], [47.0, 2.0, 2.0, 60.0, 394.1235652920939], [100.0, 2.0, 3.0, 120.0, 402.7065312495663], [272.0, 1.0, 1.0, 30.0, 404.9496062434009], [40.0, 2.0, 2.0, 60.0, 406.8802625567264], [81.0, 1.0, 2.0, 60.0, 411.5550592296831], [13.0, 2.0, 2.0, 60.0, 412.491396507024], [60.0, 2.0, 2.0, 60.0, 422.0828587162822], [92.0, 2.0, 2.0, 60.0, 428.54263891348444], [5.0, 1.0, 1.0, 30.0, 430.18884989348794], [32.0, 2.0, 2.0, 60.0, 431.1918089653501], [115.0, 3.0, 1.0, 30.0, 433.84690701169285]]","[0, 1, 2, 3, 5, 6, 8, 9, 12, 13, 14, 15, 17, 20, 21, 22, 24, 25]","[[1, 0, 1, 2, 3, 0], [1, 0, 2, 0], [3, 0, 3, 1, 2, 0]]","[2, 2, 1, 0, 1, 2, 0, 0, 0, 2, 1, 1, 1, 0, 0, 1, 2, 2]",200,10
7,29.165789047876995,0.020403707027435304,0.28607354836974397,31.6362249307312,12.786312701810093,31.280524350244363,55.93544688251511,3459.2422470899382,3523.236367628182,2,0.2771984126984127,0.6975178831573835,0.03293345612848315,"[1, 0, 3]","[179.10079608060278, 148.2330229878174, 119.53797835465521]",6,6000,"[[ 0.          8.54492556 10.93443435  9.15043231  8.50329246]
 [ 8.54492556  0.          2.65073212  1.36178675  0.8719013 ]
 [10.93443435  2.65073212  0.          2.62965604  3.21310591]
 [ 9.15043231  1.36178675  2.62965604  0.          1.27118851]
 [ 8.50329246  0.8719013   3.21310591  1.27118851  0.        ]]","[[20.0, 2.0, 2.0, 60.0, 0.0], [45.0, 1.0, 2.0, 60.0, 0.0], [100.0, 2.0, 2.0, 60.0, 0.0], [46.0, 2.0, 1.0, 30.0, 0.0], [29.0, 3.0, 1.0, 30.0, 0.0], [89.0, 2.0, 2.0, 60.0, 0.0], [21.0, 1.0, 2.0, 60.0, 0.0], [110.0, 1.0, 1.0, 30.0, 0.0], [30.0, 2.0, 2.0, 60.0, 0.0], [53.0, 2.0, 2.0, 60.0, 0.0], [35.0, 3.0, 1.0, 30.0, 0.0], [29.0, 3.0, 1.0, 30.0, 0.0], [85.0, 3.0, 2.0, 60.0, 0.0], [21.0, 3.0, 2.0, 60.0, 0.0], [48.0, 2.0, 2.0, 60.0, 0.0], [45.0, 2.0, 2.0, 60.0, 0.0], [88.0, 3.0, 3.0, 120.0, 0.0], [58.0, 2.0, 2.0, 60.0, 0.0], [141.0, 1.0, 2.0, 60.0, 0.0], [445.0, 1.0, 1.0, 30.0, 0.0], [55.0, 2.0, 2.0, 60.0, 0.0], [100.0, 1.0, 3.0, 120.0, 0.0], [25.0, 2.0, 2.0, 60.0, 0.0], [4.0, 1.0, 1.0, 30.0, 0.0], [73.0, 3.0, 2.0, 60.0, 12.021043019829973], [11.0, 1.0, 2.0, 60.0, 23.70199129895224], [24.0, 2.0, 2.0, 60.0, 35.625796298323515], [80.0, 2.0, 2.0, 60.0, 37.02476774758143], [16.0, 2.0, 1.0, 30.0, 37.456954746073315], [45.0, 2.0, 2.0, 60.0, 44.72025732460407], [47.0, 2.0, 2.0, 60.0, 51.770060795891936], [104.0, 2.0, 2.0, 60.0, 67.39154057863942], [79.0, 2.0, 2.0, 60.0, 67.78801156455697], [65.0, 2.0, 2.0, 60.0, 73.02081579727279], [10.0, 3.0, 1.0, 30.0, 73.37299733126183], [92.0, 2.0, 2.0, 60.0, 78.81811547138163], [34.0, 2.0, 2.0, 60.0, 87.47475223580068], [23.0, 1.0, 1.0, 30.0, 89.40922635875023], [55.0, 2.0, 2.0, 60.0, 95.5671546720581], [184.0, 3.0, 2.0, 60.0, 96.33602094118923], [121.0, 3.0, 2.0, 60.0, 96.7939072781402], [61.0, 2.0, 2.0, 60.0, 98.36980328880216], [90.0, 2.0, 2.0, 60.0, 102.87579966565295], [18.0, 1.0, 1.0, 30.0, 104.9407263143454], [13.0, 1.0, 1.0, 30.0, 111.17765606341352], [184.0, 2.0, 2.0, 60.0, 112.29553792447513], [59.0, 3.0, 2.0, 60.0, 121.48538924519744], [87.0, 3.0, 1.0, 30.0, 127.62081856126873], [76.0, 1.0, 1.0, 30.0, 130.89979933108373], [64.0, 2.0, 2.0, 60.0, 132.98523286264282], [79.0, 1.0, 1.0, 30.0, 135.25183130913413], [74.0, 1.0, 1.0, 30.0, 135.6372170444124], [132.0, 1.0, 1.0, 30.0, 136.53537831628518], [13.0, 1.0, 1.0, 30.0, 139.96198057430644], [37.0, 1.0, 1.0, 30.0, 141.90538175510554], [3.0, 1.0, 2.0, 60.0, 148.22641604293108], [105.0, 1.0, 1.0, 30.0, 151.7688691800117], [19.0, 2.0, 2.0, 60.0, 152.9585189515018], [17.0, 2.0, 2.0, 60.0, 155.26396063278915], [45.0, 3.0, 2.0, 60.0, 158.4717443187417], [41.0, 2.0, 2.0, 60.0, 160.19091112593068], [14.0, 3.0, 2.0, 60.0, 161.80046723046223], [40.0, 2.0, 2.0, 60.0, 166.19504064142495], [119.0, 2.0, 2.0, 60.0, 167.67977668606895], [52.0, 2.0, 2.0, 60.0, 174.34828881122837], [52.0, 2.0, 2.0, 60.0, 181.30260874245792], [445.0, 2.0, 1.0, 30.0, 186.72302338228388], [68.0, 2.0, 2.0, 60.0, 187.08816512218607], [55.0, 2.0, 2.0, 60.0, 192.75850263079985], [27.0, 2.0, 2.0, 60.0, 199.5301925701257], [129.0, 1.0, 1.0, 30.0, 205.14039082741283], [45.0, 2.0, 2.0, 60.0, 206.54063642859495], [22.0, 2.0, 1.0, 30.0, 208.1453173837751], [17.0, 1.0, 1.0, 30.0, 208.9739969202831], [24.0, 3.0, 1.0, 30.0, 210.74581448374042], [18.0, 1.0, 1.0, 30.0, 210.85151326578935], [59.0, 2.0, 3.0, 120.0, 211.68829524636791], [58.0, 2.0, 2.0, 60.0, 218.2635794691037], [79.0, 2.0, 2.0, 60.0, 238.24236082502787], [79.0, 1.0, 2.0, 60.0, 241.06005128697106], [91.0, 1.0, 1.0, 30.0, 242.4802497949752], [62.0, 2.0, 2.0, 60.0, 244.4690310645114], [134.0, 3.0, 2.0, 60.0, 246.27574217918595], [80.0, 2.0, 2.0, 60.0, 246.92391019530396], [22.0, 2.0, 2.0, 60.0, 252.340535869662], [79.0, 1.0, 1.0, 30.0, 259.21978013724924], [107.0, 2.0, 2.0, 60.0, 266.7588257904633], [53.0, 2.0, 2.0, 60.0, 293.3082397692622], [55.0, 3.0, 1.0, 30.0, 303.841540943146], [17.0, 1.0, 1.0, 30.0, 312.06587014562393], [46.0, 3.0, 2.0, 60.0, 317.28332755550696], [84.0, 1.0, 1.0, 30.0, 320.2459485503109], [29.0, 3.0, 1.0, 30.0, 320.46821633167013], [93.0, 2.0, 2.0, 60.0, 325.25123026577114], [10.0, 1.0, 1.0, 30.0, 328.35814570323583], [72.0, 3.0, 1.0, 30.0, 335.8979525787838], [105.0, 1.0, 2.0, 60.0, 346.037960484565], [9.0, 3.0, 1.0, 30.0, 347.69830455805135], [66.0, 2.0, 1.0, 30.0, 347.94705816407], [12.0, 2.0, 2.0, 60.0, 352.5711693396838], [64.0, 1.0, 2.0, 60.0, 365.3382663386541], [134.0, 3.0, 2.0, 60.0, 369.44362432169635], [99.0, 2.0, 2.0, 60.0, 380.09833875091823], [28.0, 1.0, 1.0, 30.0, 383.8634124776174], [86.0, 2.0, 2.0, 60.0, 390.4333827158369], [100.0, 3.0, 3.0, 120.0, 391.8772976892559], [111.0, 1.0, 1.0, 30.0, 392.54938394344936], [19.0, 1.0, 1.0, 30.0, 393.26178810715084], [100.0, 3.0, 3.0, 120.0, 393.85019969752625], [47.0, 2.0, 2.0, 60.0, 394.1235652920939], [100.0, 2.0, 3.0, 120.0, 402.7065312495663], [272.0, 1.0, 1.0, 30.0, 404.9496062434009], [40.0, 2.0, 2.0, 60.0, 406.8802625567264], [81.0, 1.0, 2.0, 60.0, 411.5550592296831], [13.0, 2.0, 2.0, 60.0, 412.491396507024], [60.0, 2.0, 2.0, 60.0, 422.0828587162822], [92.0, 2.0, 2.0, 60.0, 428.54263891348444], [5.0, 1.0, 1.0, 30.0, 430.18884989348794], [32.0, 2.0, 2.0, 60.0, 431.1918089653501], [115.0, 3.0, 1.0, 30.0, 433.84690701169285]]","[0, 1, 2, 3, 5, 6, 8, 9, 12, 13, 14, 15, 17, 20, 21, 22, 24, 25]","[[1, 0, 2, 3, 0], [0, 2, 0], [3, 0, 1, 2, 0]]","[2, 2, 1, 0, 1, 2, 2, 0, 0, 0, 1, 1, 1, 0, 2, 1, 0, 2]",200,10
8,34.186192754904425,0.05375765959421794,0.2073499557308474,0.21300583523499841,0.039527681639941956,23.856785890327327,49.61223810534484,24.507526836359492,52.684740595848304,191,0.0,0.0,7.095432592299877e-16,"[0, 0, 0]","[180.55536022070206, 137.37346460526203, 120.58866333661072]",6,6000,"[[ 0.          9.11605715 11.50556594  9.7215639   9.07442405]
 [ 9.11605715  0.          2.65073212  1.36178675  0.8719013 ]
 [11.50556594  2.65073212  0.          2.62965604  3.21310591]
 [ 9.7215639   1.36178675  2.62965604  0.          1.27118851]
 [ 9.07442405  0.8719013   3.21310591  1.27118851  0.        ]]","[[20.0, 2.0, 2.0, 60.0, 0.0], [45.0, 1.0, 2.0, 60.0, 0.0], [100.0, 2.0, 2.0, 60.0, 0.0], [46.0, 2.0, 1.0, 30.0, 0.0], [29.0, 3.0, 1.0, 30.0, 0.0], [89.0, 2.0, 2.0, 60.0, 0.0], [21.0, 1.0, 2.0, 60.0, 0.0], [110.0, 1.0, 1.0, 30.0, 0.0], [30.0, 2.0, 2.0, 60.0, 0.0], [53.0, 2.0, 2.0, 60.0, 0.0], [35.0, 3.0, 1.0, 30.0, 0.0], [29.0, 3.0, 1.0, 30.0, 0.0], [85.0, 3.0, 2.0, 60.0, 0.0], [21.0, 3.0, 2.0, 60.0, 0.0], [48.0, 2.0, 2.0, 60.0, 0.0], [45.0, 2.0, 2.0, 60.0, 0.0], [88.0, 3.0, 3.0, 120.0, 0.0], [58.0, 2.0, 2.0, 60.0, 0.0], [141.0, 1.0, 2.0, 60.0, 0.0], [445.0, 1.0, 1.0, 30.0, 0.0], [55.0, 2.0, 2.0, 60.0, 0.0], [100.0, 1.0, 3.0, 120.0, 0.0], [25.0, 2.0, 2.0, 60.0, 0.0], [4.0, 1.0, 1.0, 30.0, 0.0], [73.0, 3.0, 2.0, 60.0, 12.021043019829973], [11.0, 1.0, 2.0, 60.0, 23.70199129895224], [24.0, 2.0, 2.0, 60.0, 35.625796298323515], [80.0, 2.0, 2.0, 60.0, 37.02476774758143], [16.0, 2.0, 1.0, 30.0, 37.456954746073315], [45.0, 2.0, 2.0, 60.0, 44.72025732460407], [47.0, 2.0, 2.0, 60.0, 51.770060795891936], [104.0, 2.0, 2.0, 60.0, 67.39154057863942], [79.0, 2.0, 2.0, 60.0, 67.78801156455697], [65.0, 2.0, 2.0, 60.0, 73.02081579727279], [10.0, 3.0, 1.0, 30.0, 73.37299733126183], [92.0, 2.0, 2.0, 60.0, 78.81811547138163], [34.0, 2.0, 2.0, 60.0, 87.47475223580068], [23.0, 1.0, 1.0, 30.0, 89.40922635875023], [55.0, 2.0, 2.0, 60.0, 95.5671546720581], [184.0, 3.0, 2.0, 60.0, 96.33602094118923], [121.0, 3.0, 2.0, 60.0, 96.7939072781402], [61.0, 2.0, 2.0, 60.0, 98.36980328880216], [90.0, 2.0, 2.0, 60.0, 102.87579966565295], [18.0, 1.0, 1.0, 30.0, 104.9407263143454], [13.0, 1.0, 1.0, 30.0, 111.17765606341352], [184.0, 2.0, 2.0, 60.0, 112.29553792447513], [59.0, 3.0, 2.0, 60.0, 121.48538924519744], [87.0, 3.0, 1.0, 30.0, 127.62081856126873], [76.0, 1.0, 1.0, 30.0, 130.89979933108373], [64.0, 2.0, 2.0, 60.0, 132.98523286264282], [79.0, 1.0, 1.0, 30.0, 135.25183130913413], [74.0, 1.0, 1.0, 30.0, 135.6372170444124], [132.0, 1.0, 1.0, 30.0, 136.53537831628518], [13.0, 1.0, 1.0, 30.0, 139.96198057430644], [37.0, 1.0, 1.0, 30.0, 141.90538175510554], [3.0, 1.0, 2.0, 60.0, 148.22641604293108], [105.0, 1.0, 1.0, 30.0, 151.7688691800117], [19.0, 2.0, 2.0, 60.0, 152.9585189515018], [17.0, 2.0, 2.0, 60.0, 155.26396063278915], [45.0, 3.0, 2.0, 60.0, 158.4717443187417], [41.0, 2.0, 2.0, 60.0, 160.19091112593068], [14.0, 3.0, 2.0, 60.0, 161.80046723046223], [40.0, 2.0, 2.0, 60.0, 166.19504064142495], [119.0, 2.0, 2.0, 60.0, 167.67977668606895], [52.0, 2.0, 2.0, 60.0, 174.34828881122837], [52.0, 2.0, 2.0, 60.0, 181.30260874245792], [445.0, 2.0, 1.0, 30.0, 186.72302338228388], [68.0, 2.0, 2.0, 60.0, 187.08816512218607], [55.0, 2.0, 2.0, 60.0, 192.75850263079985], [27.0, 2.0, 2.0, 60.0, 199.5301925701257], [129.0, 1.0, 1.0, 30.0, 205.14039082741283], [45.0, 2.0, 2.0, 60.0, 206.54063642859495], [22.0, 2.0, 1.0, 30.0, 208.1453173837751], [17.0, 1.0, 1.0, 30.0, 208.9739969202831], [24.0, 3.0, 1.0, 30.0, 210.74581448374042], [18.0, 1.0, 1.0, 30.0, 210.85151326578935], [59.0, 2.0, 3.0, 120.0, 211.68829524636791], [58.0, 2.0, 2.0, 60.0, 218.2635794691037], [79.0, 2.0, 2.0, 60.0, 238.24236082502787], [79.0, 1.0, 2.0, 60.0, 241.06005128697106], [91.0, 1.0, 1.0, 30.0, 242.4802497949752], [62.0, 2.0, 2.0, 60.0, 244.4690310645114], [134.0, 3.0, 2.0, 60.0, 246.27574217918595], [80.0, 2.0, 2.0, 60.0, 246.92391019530396], [22.0, 2.0, 2.0, 60.0, 252.340535869662], [79.0, 1.0, 1.0, 30.0, 259.21978013724924], [107.0, 2.0, 2.0, 60.0, 266.7588257904633], [53.0, 2.0, 2.0, 60.0, 293.3082397692622], [55.0, 3.0, 1.0, 30.0, 303.841540943146], [17.0, 1.0, 1.0, 30.0, 312.06587014562393], [46.0, 3.0, 2.0, 60.0, 317.28332755550696], [84.0, 1.0, 1.0, 30.0, 320.2459485503109], [29.0, 3.0, 1.0, 30.0, 320.46821633167013], [93.0, 2.0, 2.0, 60.0, 325.25123026577114], [10.0, 1.0, 1.0, 30.0, 328.35814570323583], [72.0, 3.0, 1.0, 30.0, 335.8979525787838], [105.0, 1.0, 2.0, 60.0, 346.037960484565], [9.0, 3.0, 1.0, 30.0, 347.69830455805135], [66.0, 2.0, 1.0, 30.0, 347.94705816407], [12.0, 2.0, 2.0, 60.0, 352.5711693396838], [64.0, 1.0, 2.0, 60.0, 365.3382663386541], [134.0, 3.0, 2.0, 60.0, 369.44362432169635], [99.0, 2.0, 2.0, 60.0, 380.09833875091823], [28.0, 1.0, 1.0, 30.0, 383.8634124776174], [86.0, 2.0, 2.0, 60.0, 390.4333827158369], [100.0, 3.0, 3.0, 120.0, 391.8772976892559], [111.0, 1.0, 1.0, 30.0, 392.54938394344936], [19.0, 1.0, 1.0, 30.0, 393.26178810715084], [100.0, 3.0, 3.0, 120.0, 393.85019969752625], [47.0, 2.0, 2.0, 60.0, 394.1235652920939], [100.0, 2.0, 3.0, 120.0, 402.7065312495663], [272.0, 1.0, 1.0, 30.0, 404.9496062434009], [40.0, 2.0, 2.0, 60.0, 406.8802625567264], [81.0, 1.0, 2.0, 60.0, 411.5550592296831], [13.0, 2.0, 2.0, 60.0, 412.491396507024], [60.0, 2.0, 2.0, 60.0, 422.0828587162822], [92.0, 2.0, 2.0, 60.0, 428.54263891348444], [5.0, 1.0, 1.0, 30.0, 430.18884989348794], [32.0, 2.0, 2.0, 60.0, 431.1918089653501], [115.0, 3.0, 1.0, 30.0, 433.84690701169285]]","[0, 1, 2, 3, 5, 6, 8, 9, 12, 13, 14, 15, 17, 20, 21, 22, 24, 25]","[[0, 3, 2, 0], [0, 2, 0], [0, 2, 1, 0]]","[2, 2, 1, 0, 1, 2, 2, 0, 0, 0, 1, 1, 1, 0, 2, 1, 0, 2]",200,10
9,36.239950414498644,0.026231253147125246,10.294161203612617,10.296589343263836,0.01753572561938728,1178.5450892061733,1210.0890930160465,1178.8230790302346,1210.562585397722,37,0.0,0.0,7.095432592299877e-16,"[0, 0, 0]","[170.88755397736048, 137.37346460526203, 109.21805386437029]",6,6000,"[[ 0.          9.0749508  11.44867528  9.50675788  8.85961803]
 [ 9.0749508   0.          2.65073212  1.36178675  0.8719013 ]
 [11.44867528  2.65073212  0.          2.62965604  3.21310591]
 [ 9.50675788  1.36178675  2.62965604  0.          1.27118851]
 [ 8.85961803  0.8719013   3.21310591  1.27118851  0.        ]]","[[20.0, 2.0, 2.0, 60.0, 0.0], [45.0, 1.0, 2.0, 60.0, 0.0], [100.0, 2.0, 2.0, 60.0, 0.0], [46.0, 2.0, 1.0, 30.0, 0.0], [29.0, 3.0, 1.0, 30.0, 0.0], [89.0, 2.0, 2.0, 60.0, 0.0], [21.0, 1.0, 2.0, 60.0, 0.0], [110.0, 1.0, 1.0, 30.0, 0.0], [30.0, 2.0, 2.0, 60.0, 0.0], [53.0, 2.0, 2.0, 60.0, 0.0], [35.0, 3.0, 1.0, 30.0, 0.0], [29.0, 3.0, 1.0, 30.0, 0.0], [85.0, 3.0, 2.0, 60.0, 0.0], [21.0, 3.0, 2.0, 60.0, 0.0], [48.0, 2.0, 2.0, 60.0, 0.0], [45.0, 2.0, 2.0, 60.0, 0.0], [88.0, 3.0, 3.0, 120.0, 0.0], [58.0, 2.0, 2.0, 60.0, 0.0], [141.0, 1.0, 2.0, 60.0, 0.0], [445.0, 1.0, 1.0, 30.0, 0.0], [55.0, 2.0, 2.0, 60.0, 0.0], [100.0, 1.0, 3.0, 120.0, 0.0], [25.0, 2.0, 2.0, 60.0, 0.0], [4.0, 1.0, 1.0, 30.0, 0.0], [73.0, 3.0, 2.0, 60.0, 12.021043019829973], [11.0, 1.0, 2.0, 60.0, 23.70199129895224], [24.0, 2.0, 2.0, 60.0, 35.625796298323515], [80.0, 2.0, 2.0, 60.0, 37.02476774758143], [16.0, 2.0, 1.0, 30.0, 37.456954746073315], [45.0, 2.0, 2.0, 60.0, 44.72025732460407], [47.0, 2.0, 2.0, 60.0, 51.770060795891936], [104.0, 2.0, 2.0, 60.0, 67.39154057863942], [79.0, 2.0, 2.0, 60.0, 67.78801156455697], [65.0, 2.0, 2.0, 60.0, 73.02081579727279], [10.0, 3.0, 1.0, 30.0, 73.37299733126183], [92.0, 2.0, 2.0, 60.0, 78.81811547138163], [34.0, 2.0, 2.0, 60.0, 87.47475223580068], [23.0, 1.0, 1.0, 30.0, 89.40922635875023], [55.0, 2.0, 2.0, 60.0, 95.5671546720581], [184.0, 3.0, 2.0, 60.0, 96.33602094118923], [121.0, 3.0, 2.0, 60.0, 96.7939072781402], [61.0, 2.0, 2.0, 60.0, 98.36980328880216], [90.0, 2.0, 2.0, 60.0, 102.87579966565295], [18.0, 1.0, 1.0, 30.0, 104.9407263143454], [13.0, 1.0, 1.0, 30.0, 111.17765606341352], [184.0, 2.0, 2.0, 60.0, 112.29553792447513], [59.0, 3.0, 2.0, 60.0, 121.48538924519744], [87.0, 3.0, 1.0, 30.0, 127.62081856126873], [76.0, 1.0, 1.0, 30.0, 130.89979933108373], [64.0, 2.0, 2.0, 60.0, 132.98523286264282], [79.0, 1.0, 1.0, 30.0, 135.25183130913413], [74.0, 1.0, 1.0, 30.0, 135.6372170444124], [132.0, 1.0, 1.0, 30.0, 136.53537831628518], [13.0, 1.0, 1.0, 30.0, 139.96198057430644], [37.0, 1.0, 1.0, 30.0, 141.90538175510554], [3.0, 1.0, 2.0, 60.0, 148.22641604293108], [105.0, 1.0, 1.0, 30.0, 151.7688691800117], [19.0, 2.0, 2.0, 60.0, 152.9585189515018], [17.0, 2.0, 2.0, 60.0, 155.26396063278915], [45.0, 3.0, 2.0, 60.0, 158.4717443187417], [41.0, 2.0, 2.0, 60.0, 160.19091112593068], [14.0, 3.0, 2.0, 60.0, 161.80046723046223], [40.0, 2.0, 2.0, 60.0, 166.19504064142495], [119.0, 2.0, 2.0, 60.0, 167.67977668606895], [52.0, 2.0, 2.0, 60.0, 174.34828881122837], [52.0, 2.0, 2.0, 60.0, 181.30260874245792], [445.0, 2.0, 1.0, 30.0, 186.72302338228388], [68.0, 2.0, 2.0, 60.0, 187.08816512218607], [55.0, 2.0, 2.0, 60.0, 192.75850263079985], [27.0, 2.0, 2.0, 60.0, 199.5301925701257], [129.0, 1.0, 1.0, 30.0, 205.14039082741283], [45.0, 2.0, 2.0, 60.0, 206.54063642859495], [22.0, 2.0, 1.0, 30.0, 208.1453173837751], [17.0, 1.0, 1.0, 30.0, 208.9739969202831], [24.0, 3.0, 1.0, 30.0, 210.74581448374042], [18.0, 1.0, 1.0, 30.0, 210.85151326578935], [59.0, 2.0, 3.0, 120.0, 211.68829524636791], [58.0, 2.0, 2.0, 60.0, 218.2635794691037], [79.0, 2.0, 2.0, 60.0, 238.24236082502787], [79.0, 1.0, 2.0, 60.0, 241.06005128697106], [91.0, 1.0, 1.0, 30.0, 242.4802497949752], [62.0, 2.0, 2.0, 60.0, 244.4690310645114], [134.0, 3.0, 2.0, 60.0, 246.27574217918595], [80.0, 2.0, 2.0, 60.0, 246.92391019530396], [22.0, 2.0, 2.0, 60.0, 252.340535869662], [79.0, 1.0, 1.0, 30.0, 259.21978013724924], [107.0, 2.0, 2.0, 60.0, 266.7588257904633], [53.0, 2.0, 2.0, 60.0, 293.3082397692622], [55.0, 3.0, 1.0, 30.0, 303.841540943146], [17.0, 1.0, 1.0, 30.0, 312.06587014562393], [46.0, 3.0, 2.0, 60.0, 317.28332755550696], [84.0, 1.0, 1.0, 30.0, 320.2459485503109], [29.0, 3.0, 1.0, 30.0, 320.46821633167013], [93.0, 2.0, 2.0, 60.0, 325.25123026577114], [10.0, 1.0, 1.0, 30.0, 328.35814570323583], [72.0, 3.0, 1.0, 30.0, 335.8979525787838], [105.0, 1.0, 2.0, 60.0, 346.037960484565], [9.0, 3.0, 1.0, 30.0, 347.69830455805135], [66.0, 2.0, 1.0, 30.0, 347.94705816407], [12.0, 2.0, 2.0, 60.0, 352.5711693396838], [64.0, 1.0, 2.0, 60.0, 365.3382663386541], [134.0, 3.0, 2.0, 60.0, 369.44362432169635], [99.0, 2.0, 2.0, 60.0, 380.09833875091823], [28.0, 1.0, 1.0, 30.0, 383.8634124776174], [86.0, 2.0, 2.0, 60.0, 390.4333827158369], [100.0, 3.0, 3.0, 120.0, 391.8772976892559], [111.0, 1.0, 1.0, 30.0, 392.54938394344936], [19.0, 1.0, 1.0, 30.0, 393.26178810715084], [100.0, 3.0, 3.0, 120.0, 393.85019969752625], [47.0, 2.0, 2.0, 60.0, 394.1235652920939], [100.0, 2.0, 3.0, 120.0, 402.7065312495663], [272.0, 1.0, 1.0, 30.0, 404.9496062434009], [40.0, 2.0, 2.0, 60.0, 406.8802625567264], [81.0, 1.0, 2.0, 60.0, 411.5550592296831], [13.0, 2.0, 2.0, 60.0, 412.491396507024], [60.0, 2.0, 2.0, 60.0, 422.0828587162822], [92.0, 2.0, 2.0, 60.0, 428.54263891348444], [5.0, 1.0, 1.0, 30.0, 430.18884989348794], [32.0, 2.0, 2.0, 60.0, 431.1918089653501], [115.0, 3.0, 1.0, 30.0, 433.84690701169285]]","[0, 1, 2, 3, 5, 6, 8, 9, 12, 13, 14, 15, 17, 20, 21, 22, 24, 25, 26]","[[0, 3, 2, 0], [0, 2, 0], [0, 2, 1, 0]]","[2, 2, 1, 0, 1, 2, 2, 0, 0, 0, 1, 1, 1, 0, 2, 1, 0, 2, -1]",200,10
10,37.26618166764577,0.024422832330067954,20.088553302867773,20.09646150947114,0.04011719010991775,2333.8432923142555,2368.6350914376108,2334.762050109166,2372.78594216535,29,0.0,0.0,7.095432592299877e-16,"[0, 0, 0]","[170.88755397736048, 137.37346460526203, 109.21805386437029]",6,6000,"[[ 0.          9.24405236 11.61777684  9.67585943  9.02871959]
 [ 9.24405236  0.          2.65073212  1.36178675  0.8719013 ]
 [11.61777684  2.65073212  0.          2.62965604  3.21310591]
 [ 9.67585943  1.36178675  2.62965604  0.          1.27118851]
 [ 9.02871959  0.8719013   3.21310591  1.27118851  0.        ]]","[[20.0, 2.0, 2.0, 60.0, 0.0], [45.0, 1.0, 2.0, 60.0, 0.0], [100.0, 2.0, 2.0, 60.0, 0.0], [46.0, 2.0, 1.0, 30.0, 0.0], [29.0, 3.0, 1.0, 30.0, 0.0], [89.0, 2.0, 2.0, 60.0, 0.0], [21.0, 1.0, 2.0, 60.0, 0.0], [110.0, 1.0, 1.0, 30.0, 0.0], [30.0, 2.0, 2.0, 60.0, 0.0], [53.0, 2.0, 2.0, 60.0, 0.0], [35.0, 3.0, 1.0, 30.0, 0.0], [29.0, 3.0, 1.0, 30.0, 0.0], [85.0, 3.0, 2.0, 60.0, 0.0], [21.0, 3.0, 2.0, 60.0, 0.0], [48.0, 2.0, 2.0, 60.0, 0.0], [45.0, 2.0, 2.0, 60.0, 0.0], [88.0, 3.0, 3.0, 120.0, 0.0], [58.0, 2.0, 2.0, 60.0, 0.0], [141.0, 1.0, 2.0, 60.0, 0.0], [445.0, 1.0, 1.0, 30.0, 0.0], [55.0, 2.0, 2.0, 60.0, 0.0], [100.0, 1.0, 3.0, 120.0, 0.0], [25.0, 2.0, 2.0, 60.0, 0.0], [4.0, 1.0, 1.0, 30.0, 0.0], [73.0, 3.0, 2.0, 60.0, 12.021043019829973], [11.0, 1.0, 2.0, 60.0, 23.70199129895224], [24.0, 2.0, 2.0, 60.0, 35.625796298323515], [80.0, 2.0, 2.0, 60.0, 37.02476774758143], [16.0, 2.0, 1.0, 30.0, 37.456954746073315], [45.0, 2.0, 2.0, 60.0, 44.72025732460407], [47.0, 2.0, 2.0, 60.0, 51.770060795891936], [104.0, 2.0, 2.0, 60.0, 67.39154057863942], [79.0, 2.0, 2.0, 60.0, 67.78801156455697], [65.0, 2.0, 2.0, 60.0, 73.02081579727279], [10.0, 3.0, 1.0, 30.0, 73.37299733126183], [92.0, 2.0, 2.0, 60.0, 78.81811547138163], [34.0, 2.0, 2.0, 60.0, 87.47475223580068], [23.0, 1.0, 1.0, 30.0, 89.40922635875023], [55.0, 2.0, 2.0, 60.0, 95.5671546720581], [184.0, 3.0, 2.0, 60.0, 96.33602094118923], [121.0, 3.0, 2.0, 60.0, 96.7939072781402], [61.0, 2.0, 2.0, 60.0, 98.36980328880216], [90.0, 2.0, 2.0, 60.0, 102.87579966565295], [18.0, 1.0, 1.0, 30.0, 104.9407263143454], [13.0, 1.0, 1.0, 30.0, 111.17765606341352], [184.0, 2.0, 2.0, 60.0, 112.29553792447513], [59.0, 3.0, 2.0, 60.0, 121.48538924519744], [87.0, 3.0, 1.0, 30.0, 127.62081856126873], [76.0, 1.0, 1.0, 30.0, 130.89979933108373], [64.0, 2.0, 2.0, 60.0, 132.98523286264282], [79.0, 1.0, 1.0, 30.0, 135.25183130913413], [74.0, 1.0, 1.0, 30.0, 135.6372170444124], [132.0, 1.0, 1.0, 30.0, 136.53537831628518], [13.0, 1.0, 1.0, 30.0, 139.96198057430644], [37.0, 1.0, 1.0, 30.0, 141.90538175510554], [3.0, 1.0, 2.0, 60.0, 148.22641604293108], [105.0, 1.0, 1.0, 30.0, 151.7688691800117], [19.0, 2.0, 2.0, 60.0, 152.9585189515018], [17.0, 2.0, 2.0, 60.0, 155.26396063278915], [45.0, 3.0, 2.0, 60.0, 158.4717443187417], [41.0, 2.0, 2.0, 60.0, 160.19091112593068], [14.0, 3.0, 2.0, 60.0, 161.80046723046223], [40.0, 2.0, 2.0, 60.0, 166.19504064142495], [119.0, 2.0, 2.0, 60.0, 167.67977668606895], [52.0, 2.0, 2.0, 60.0, 174.34828881122837], [52.0, 2.0, 2.0, 60.0, 181.30260874245792], [445.0, 2.0, 1.0, 30.0, 186.72302338228388], [68.0, 2.0, 2.0, 60.0, 187.08816512218607], [55.0, 2.0, 2.0, 60.0, 192.75850263079985], [27.0, 2.0, 2.0, 60.0, 199.5301925701257], [129.0, 1.0, 1.0, 30.0, 205.14039082741283], [45.0, 2.0, 2.0, 60.0, 206.54063642859495], [22.0, 2.0, 1.0, 30.0, 208.1453173837751], [17.0, 1.0, 1.0, 30.0, 208.9739969202831], [24.0, 3.0, 1.0, 30.0, 210.74581448374042], [18.0, 1.0, 1.0, 30.0, 210.85151326578935], [59.0, 2.0, 3.0, 120.0, 211.68829524636791], [58.0, 2.0, 2.0, 60.0, 218.2635794691037], [79.0, 2.0, 2.0, 60.0, 238.24236082502787], [79.0, 1.0, 2.0, 60.0, 241.06005128697106], [91.0, 1.0, 1.0, 30.0, 242.4802497949752], [62.0, 2.0, 2.0, 60.0, 244.4690310645114], [134.0, 3.0, 2.0, 60.0, 246.27574217918595], [80.0, 2.0, 2.0, 60.0, 246.92391019530396], [22.0, 2.0, 2.0, 60.0, 252.340535869662], [79.0, 1.0, 1.0, 30.0, 259.21978013724924], [107.0, 2.0, 2.0, 60.0, 266.7588257904633], [53.0, 2.0, 2.0, 60.0, 293.3082397692622], [55.0, 3.0, 1.0, 30.0, 303.841540943146], [17.0, 1.0, 1.0, 30.0, 312.06587014562393], [46.0, 3.0, 2.0, 60.0, 317.28332755550696], [84.0, 1.0, 1.0, 30.0, 320.2459485503109], [29.0, 3.0, 1.0, 30.0, 320.46821633167013], [93.0, 2.0, 2.0, 60.0, 325.25123026577114], [10.0, 1.0, 1.0, 30.0, 328.35814570323583], [72.0, 3.0, 1.0, 30.0, 335.8979525787838], [105.0, 1.0, 2.0, 60.0, 346.037960484565], [9.0, 3.0, 1.0, 30.0, 347.69830455805135], [66.0, 2.0, 1.0, 30.0, 347.94705816407], [12.0, 2.0, 2.0, 60.0, 352.5711693396838], [64.0, 1.0, 2.0, 60.0, 365.3382663386541], [134.0, 3.0, 2.0, 60.0, 369.44362432169635], [99.0, 2.0, 2.0, 60.0, 380.09833875091823], [28.0, 1.0, 1.0, 30.0, 383.8634124776174], [86.0, 2.0, 2.0, 60.0, 390.4333827158369], [100.0, 3.0, 3.0, 120.0, 391.8772976892559], [111.0, 1.0, 1.0, 30.0, 392.54938394344936], [19.0, 1.0, 1.0, 30.0, 393.26178810715084], [100.0, 3.0, 3.0, 120.0, 393.85019969752625], [47.0, 2.0, 2.0, 60.0, 394.1235652920939], [100.0, 2.0, 3.0, 120.0, 402.7065312495663], [272.0, 1.0, 1.0, 30.0, 404.9496062434009], [40.0, 2.0, 2.0, 60.0, 406.8802625567264], [81.0, 1.0, 2.0, 60.0, 411.5550592296831], [13.0, 2.0, 2.0, 60.0, 412.491396507024], [60.0, 2.0, 2.0, 60.0, 422.0828587162822], [92.0, 2.0, 2.0, 60.0, 428.54263891348444], [5.0, 1.0, 1.0, 30.0, 430.18884989348794], [32.0, 2.0, 2.0, 60.0, 431.1918089653501], [115.0, 3.0, 1.0, 30.0, 433.84690701169285]]","[0, 1, 2, 3, 5, 6, 8, 9, 12, 13, 14, 15, 17, 20, 21, 22, 24, 25, 26, 27]","[[0, 3, 2, 0], [0, 2, 0], [0, 2, 1, 0]]","[2, 2, 1, 0, 1, 2, 2, 0, 0, 0, 1, 1, 1, 0, 2, 1, 0, 2, -1, -1]",200,10
11,38.290604499975835,0.024816219011942545,29.698249951914782,29.701436044358243,0.018959545719346757,3489.0645070558553,3527.060182047001,3489.4388214372984,3527.8476525437577,32,0.0,0.0,7.095432592299877e-16,"[0, 0, 0]","[170.88755397736048, 137.37346460526203, 109.21805386437029]",6,6000,"[[ 0.          9.37465973 11.74838421  9.80646681  9.15932696]
 [ 9.37465973  0.          2.66921802  1.36178675  0.8719013 ]
 [11.74838421  2.66921802  0.          2.62965604  3.21310591]
 [ 9.80646681  1.36178675  2.62965604  0.          1.27118851]
 [ 9.15932696  0.8719013   3.21310591  1.27118851  0.        ]]","[[20.0, 2.0, 2.0, 60.0, 0.0], [45.0, 1.0, 2.0, 60.0, 0.0], [100.0, 2.0, 2.0, 60.0, 0.0], [46.0, 2.0, 1.0, 30.0, 0.0], [29.0, 3.0, 1.0, 30.0, 0.0], [89.0, 2.0, 2.0, 60.0, 0.0], [21.0, 1.0, 2.0, 60.0, 0.0], [110.0, 1.0, 1.0, 30.0, 0.0], [30.0, 2.0, 2.0, 60.0, 0.0], [53.0, 2.0, 2.0, 60.0, 0.0], [35.0, 3.0, 1.0, 30.0, 0.0], [29.0, 3.0, 1.0, 30.0, 0.0], [85.0, 3.0, 2.0, 60.0, 0.0], [21.0, 3.0, 2.0, 60.0, 0.0], [48.0, 2.0, 2.0, 60.0, 0.0], [45.0, 2.0, 2.0, 60.0, 0.0], [88.0, 3.0, 3.0, 120.0, 0.0], [58.0, 2.0, 2.0, 60.0, 0.0], [141.0, 1.0, 2.0, 60.0, 0.0], [445.0, 1.0, 1.0, 30.0, 0.0], [55.0, 2.0, 2.0, 60.0, 0.0], [100.0, 1.0, 3.0, 120.0, 0.0], [25.0, 2.0, 2.0, 60.0, 0.0], [4.0, 1.0, 1.0, 30.0, 0.0], [73.0, 3.0, 2.0, 60.0, 12.021043019829973], [11.0, 1.0, 2.0, 60.0, 23.70199129895224], [24.0, 2.0, 2.0, 60.0, 35.625796298323515], [80.0, 2.0, 2.0, 60.0, 37.02476774758143], [16.0, 2.0, 1.0, 30.0, 37.456954746073315], [45.0, 2.0, 2.0, 60.0, 44.72025732460407], [47.0, 2.0, 2.0, 60.0, 51.770060795891936], [104.0, 2.0, 2.0, 60.0, 67.39154057863942], [79.0, 2.0, 2.0, 60.0, 67.78801156455697], [65.0, 2.0, 2.0, 60.0, 73.02081579727279], [10.0, 3.0, 1.0, 30.0, 73.37299733126183], [92.0, 2.0, 2.0, 60.0, 78.81811547138163], [34.0, 2.0, 2.0, 60.0, 87.47475223580068], [23.0, 1.0, 1.0, 30.0, 89.40922635875023], [55.0, 2.0, 2.0, 60.0, 95.5671546720581], [184.0, 3.0, 2.0, 60.0, 96.33602094118923], [121.0, 3.0, 2.0, 60.0, 96.7939072781402], [61.0, 2.0, 2.0, 60.0, 98.36980328880216], [90.0, 2.0, 2.0, 60.0, 102.87579966565295], [18.0, 1.0, 1.0, 30.0, 104.9407263143454], [13.0, 1.0, 1.0, 30.0, 111.17765606341352], [184.0, 2.0, 2.0, 60.0, 112.29553792447513], [59.0, 3.0, 2.0, 60.0, 121.48538924519744], [87.0, 3.0, 1.0, 30.0, 127.62081856126873], [76.0, 1.0, 1.0, 30.0, 130.89979933108373], [64.0, 2.0, 2.0, 60.0, 132.98523286264282], [79.0, 1.0, 1.0, 30.0, 135.25183130913413], [74.0, 1.0, 1.0, 30.0, 135.6372170444124], [132.0, 1.0, 1.0, 30.0, 136.53537831628518], [13.0, 1.0, 1.0, 30.0, 139.96198057430644], [37.0, 1.0, 1.0, 30.0, 141.90538175510554], [3.0, 1.0, 2.0, 60.0, 148.22641604293108], [105.0, 1.0, 1.0, 30.0, 151.7688691800117], [19.0, 2.0, 2.0, 60.0, 152.9585189515018], [17.0, 2.0, 2.0, 60.0, 155.26396063278915], [45.0, 3.0, 2.0, 60.0, 158.4717443187417], [41.0, 2.0, 2.0, 60.0, 160.19091112593068], [14.0, 3.0, 2.0, 60.0, 161.80046723046223], [40.0, 2.0, 2.0, 60.0, 166.19504064142495], [119.0, 2.0, 2.0, 60.0, 167.67977668606895], [52.0, 2.0, 2.0, 60.0, 174.34828881122837], [52.0, 2.0, 2.0, 60.0, 181.30260874245792], [445.0, 2.0, 1.0, 30.0, 186.72302338228388], [68.0, 2.0, 2.0, 60.0, 187.08816512218607], [55.0, 2.0, 2.0, 60.0, 192.75850263079985], [27.0, 2.0, 2.0, 60.0, 199.5301925701257], [129.0, 1.0, 1.0, 30.0, 205.14039082741283], [45.0, 2.0, 2.0, 60.0, 206.54063642859495], [22.0, 2.0, 1.0, 30.0, 208.1453173837751], [17.0, 1.0, 1.0, 30.0, 208.9739969202831], [24.0, 3.0, 1.0, 30.0, 210.74581448374042], [18.0, 1.0, 1.0, 30.0, 210.85151326578935], [59.0, 2.0, 3.0, 120.0, 211.68829524636791], [58.0, 2.0, 2.0, 60.0, 218.2635794691037], [79.0, 2.0, 2.0, 60.0, 238.24236082502787], [79.0, 1.0, 2.0, 60.0, 241.06005128697106], [91.0, 1.0, 1.0, 30.0, 242.4802497949752], [62.0, 2.0, 2.0, 60.0, 244.4690310645114], [134.0, 3.0, 2.0, 60.0, 246.27574217918595], [80.0, 2.0, 2.0, 60.0, 246.92391019530396], [22.0, 2.0, 2.0, 60.0, 252.340535869662], [79.0, 1.0, 1.0, 30.0, 259.21978013724924], [107.0, 2.0, 2.0, 60.0, 266.7588257904633], [53.0, 2.0, 2.0, 60.0, 293.3082397692622], [55.0, 3.0, 1.0, 30.0, 303.841540943146], [17.0, 1.0, 1.0, 30.0, 312.06587014562393], [46.0, 3.0, 2.0, 60.0, 317.28332755550696], [84.0, 1.0, 1.0, 30.0, 320.2459485503109], [29.0, 3.0, 1.0, 30.0, 320.46821633167013], [93.0, 2.0, 2.0, 60.0, 325.25123026577114], [10.0, 1.0, 1.0, 30.0, 328.35814570323583], [72.0, 3.0, 1.0, 30.0, 335.8979525787838], [105.0, 1.0, 2.0, 60.0, 346.037960484565], [9.0, 3.0, 1.0, 30.0, 347.69830455805135], [66.0, 2.0, 1.0, 30.0, 347.94705816407], [12.0, 2.0, 2.0, 60.0, 352.5711693396838], [64.0, 1.0, 2.0, 60.0, 365.3382663386541], [134.0, 3.0, 2.0, 60.0, 369.44362432169635], [99.0, 2.0, 2.0, 60.0, 380.09833875091823], [28.0, 1.0, 1.0, 30.0, 383.8634124776174], [86.0, 2.0, 2.0, 60.0, 390.4333827158369], [100.0, 3.0, 3.0, 120.0, 391.8772976892559], [111.0, 1.0, 1.0, 30.0, 392.54938394344936], [19.0, 1.0, 1.0, 30.0, 393.26178810715084], [100.0, 3.0, 3.0, 120.0, 393.85019969752625], [47.0, 2.0, 2.0, 60.0, 394.1235652920939], [100.0, 2.0, 3.0, 120.0, 402.7065312495663], [272.0, 1.0, 1.0, 30.0, 404.9496062434009], [40.0, 2.0, 2.0, 60.0, 406.8802625567264], [81.0, 1.0, 2.0, 60.0, 411.5550592296831], [13.0, 2.0, 2.0, 60.0, 412.491396507024], [60.0, 2.0, 2.0, 60.0, 422.0828587162822], [92.0, 2.0, 2.0, 60.0, 428.54263891348444], [5.0, 1.0, 1.0, 30.0, 430.18884989348794], [32.0, 2.0, 2.0, 60.0, 431.1918089653501], [115.0, 3.0, 1.0, 30.0, 433.84690701169285]]","[0, 1, 2, 3, 5, 6, 8, 9, 12, 13, 14, 15, 17, 20, 21, 22, 24, 25, 26, 27, 28]","[[0, 3, 2, 0], [0, 2, 0], [0, 2, 1, 0]]","[2, 2, 1, 0, 1, 2, 2, 0, 0, 0, 1, 1, 1, 0, 2, 1, 0, 2, -1, -1, -1]",200,10
12,41.31542071898778,0.01918590863545736,0.3,21.156772758022193,8.776370284289829,33.40368286757035,69.41316095111499,2355.7137590340835,2419.9725035827373,8,0.03766666666666667,0.08282297286018006,0.021799763378508547,"[0, 2, 0]","[170.88755397736048, 137.37346460526203, 109.21805386437029]",6,6000,"[[ 0.          9.29236077 11.13456096  9.69164798  8.96480122]
 [ 9.29236077  0.          2.02244066  1.36178675  0.80422649]
 [11.13456096  2.02244066  0.          2.13065162  2.64642667]
 [ 9.69164798  1.36178675  2.13065162  0.          1.20351369]
 [ 8.96480122  0.80422649  2.64642667  1.20351369  0.        ]]","[[20.0, 2.0, 2.0, 60.0, 0.0], [45.0, 1.0, 2.0, 60.0, 0.0], [100.0, 2.0, 2.0, 60.0, 0.0], [46.0, 2.0, 1.0, 30.0, 0.0], [29.0, 3.0, 1.0, 30.0, 0.0], [89.0, 2.0, 2.0, 60.0, 0.0], [21.0, 1.0, 2.0, 60.0, 0.0], [110.0, 1.0, 1.0, 30.0, 0.0], [30.0, 2.0, 2.0, 60.0, 0.0], [53.0, 2.0, 2.0, 60.0, 0.0], [35.0, 3.0, 1.0, 30.0, 0.0], [29.0, 3.0, 1.0, 30.0, 0.0], [85.0, 3.0, 2.0, 60.0, 0.0], [21.0, 3.0, 2.0, 60.0, 0.0], [48.0, 2.0, 2.0, 60.0, 0.0], [45.0, 2.0, 2.0, 60.0, 0.0], [88.0, 3.0, 3.0, 120.0, 0.0], [58.0, 2.0, 2.0, 60.0, 0.0], [141.0, 1.0, 2.0, 60.0, 0.0], [445.0, 1.0, 1.0, 30.0, 0.0], [55.0, 2.0, 2.0, 60.0, 0.0], [100.0, 1.0, 3.0, 120.0, 0.0], [25.0, 2.0, 2.0, 60.0, 0.0], [4.0, 1.0, 1.0, 30.0, 0.0], [73.0, 3.0, 2.0, 60.0, 12.021043019829973], [11.0, 1.0, 2.0, 60.0, 23.70199129895224], [24.0, 2.0, 2.0, 60.0, 35.625796298323515], [80.0, 2.0, 2.0, 60.0, 37.02476774758143], [16.0, 2.0, 1.0, 30.0, 37.456954746073315], [45.0, 2.0, 2.0, 60.0, 44.72025732460407], [47.0, 2.0, 2.0, 60.0, 51.770060795891936], [104.0, 2.0, 2.0, 60.0, 67.39154057863942], [79.0, 2.0, 2.0, 60.0, 67.78801156455697], [65.0, 2.0, 2.0, 60.0, 73.02081579727279], [10.0, 3.0, 1.0, 30.0, 73.37299733126183], [92.0, 2.0, 2.0, 60.0, 78.81811547138163], [34.0, 2.0, 2.0, 60.0, 87.47475223580068], [23.0, 1.0, 1.0, 30.0, 89.40922635875023], [55.0, 2.0, 2.0, 60.0, 95.5671546720581], [184.0, 3.0, 2.0, 60.0, 96.33602094118923], [121.0, 3.0, 2.0, 60.0, 96.7939072781402], [61.0, 2.0, 2.0, 60.0, 98.36980328880216], [90.0, 2.0, 2.0, 60.0, 102.87579966565295], [18.0, 1.0, 1.0, 30.0, 104.9407263143454], [13.0, 1.0, 1.0, 30.0, 111.17765606341352], [184.0, 2.0, 2.0, 60.0, 112.29553792447513], [59.0, 3.0, 2.0, 60.0, 121.48538924519744], [87.0, 3.0, 1.0, 30.0, 127.62081856126873], [76.0, 1.0, 1.0, 30.0, 130.89979933108373], [64.0, 2.0, 2.0, 60.0, 132.98523286264282], [79.0, 1.0, 1.0, 30.0, 135.25183130913413], [74.0, 1.0, 1.0, 30.0, 135.6372170444124], [132.0, 1.0, 1.0, 30.0, 136.53537831628518], [13.0, 1.0, 1.0, 30.0, 139.96198057430644], [37.0, 1.0, 1.0, 30.0, 141.90538175510554], [3.0, 1.0, 2.0, 60.0, 148.22641604293108], [105.0, 1.0, 1.0, 30.0, 151.7688691800117], [19.0, 2.0, 2.0, 60.0, 152.9585189515018], [17.0, 2.0, 2.0, 60.0, 155.26396063278915], [45.0, 3.0, 2.0, 60.0, 158.4717443187417], [41.0, 2.0, 2.0, 60.0, 160.19091112593068], [14.0, 3.0, 2.0, 60.0, 161.80046723046223], [40.0, 2.0, 2.0, 60.0, 166.19504064142495], [119.0, 2.0, 2.0, 60.0, 167.67977668606895], [52.0, 2.0, 2.0, 60.0, 174.34828881122837], [52.0, 2.0, 2.0, 60.0, 181.30260874245792], [445.0, 2.0, 1.0, 30.0, 186.72302338228388], [68.0, 2.0, 2.0, 60.0, 187.08816512218607], [55.0, 2.0, 2.0, 60.0, 192.75850263079985], [27.0, 2.0, 2.0, 60.0, 199.5301925701257], [129.0, 1.0, 1.0, 30.0, 205.14039082741283], [45.0, 2.0, 2.0, 60.0, 206.54063642859495], [22.0, 2.0, 1.0, 30.0, 208.1453173837751], [17.0, 1.0, 1.0, 30.0, 208.9739969202831], [24.0, 3.0, 1.0, 30.0, 210.74581448374042], [18.0, 1.0, 1.0, 30.0, 210.85151326578935], [59.0, 2.0, 3.0, 120.0, 211.68829524636791], [58.0, 2.0, 2.0, 60.0, 218.2635794691037], [79.0, 2.0, 2.0, 60.0, 238.24236082502787], [79.0, 1.0, 2.0, 60.0, 241.06005128697106], [91.0, 1.0, 1.0, 30.0, 242.4802497949752], [62.0, 2.0, 2.0, 60.0, 244.4690310645114], [134.0, 3.0, 2.0, 60.0, 246.27574217918595], [80.0, 2.0, 2.0, 60.0, 246.92391019530396], [22.0, 2.0, 2.0, 60.0, 252.340535869662], [79.0, 1.0, 1.0, 30.0, 259.21978013724924], [107.0, 2.0, 2.0, 60.0, 266.7588257904633], [53.0, 2.0, 2.0, 60.0, 293.3082397692622], [55.0, 3.0, 1.0, 30.0, 303.841540943146], [17.0, 1.0, 1.0, 30.0, 312.06587014562393], [46.0, 3.0, 2.0, 60.0, 317.28332755550696], [84.0, 1.0, 1.0, 30.0, 320.2459485503109], [29.0, 3.0, 1.0, 30.0, 320.46821633167013], [93.0, 2.0, 2.0, 60.0, 325.25123026577114], [10.0, 1.0, 1.0, 30.0, 328.35814570323583], [72.0, 3.0, 1.0, 30.0, 335.8979525787838], [105.0, 1.0, 2.0, 60.0, 346.037960484565], [9.0, 3.0, 1.0, 30.0, 347.69830455805135], [66.0, 2.0, 1.0, 30.0, 347.94705816407], [12.0, 2.0, 2.0, 60.0, 352.5711693396838], [64.0, 1.0, 2.0, 60.0, 365.3382663386541], [134.0, 3.0, 2.0, 60.0, 369.44362432169635], [99.0, 2.0, 2.0, 60.0, 380.09833875091823], [28.0, 1.0, 1.0, 30.0, 383.8634124776174], [86.0, 2.0, 2.0, 60.0, 390.4333827158369], [100.0, 3.0, 3.0, 120.0, 391.8772976892559], [111.0, 1.0, 1.0, 30.0, 392.54938394344936], [19.0, 1.0, 1.0, 30.0, 393.26178810715084], [100.0, 3.0, 3.0, 120.0, 393.85019969752625], [47.0, 2.0, 2.0, 60.0, 394.1235652920939], [100.0, 2.0, 3.0, 120.0, 402.7065312495663], [272.0, 1.0, 1.0, 30.0, 404.9496062434009], [40.0, 2.0, 2.0, 60.0, 406.8802625567264], [81.0, 1.0, 2.0, 60.0, 411.5550592296831], [13.0, 2.0, 2.0, 60.0, 412.491396507024], [60.0, 2.0, 2.0, 60.0, 422.0828587162822], [92.0, 2.0, 2.0, 60.0, 428.54263891348444], [5.0, 1.0, 1.0, 30.0, 430.18884989348794], [32.0, 2.0, 2.0, 60.0, 431.1918089653501], [115.0, 3.0, 1.0, 30.0, 433.84690701169285]]","[0, 1, 3, 6, 8, 9, 12, 13, 20, 21, 24, 25, 26, 27, 28]","[[0, 3, 2, 0], [2, 0, 2, 0], [0, 1, 2, 0]]","[2, 2, 0, 2, 2, 0, 0, 0, 0, 2, 0, 2, 1, 1, 1]",200,10
13,45.33460662762324,0.01846020221710205,0.30000000000000004,23.760884116035598,11.262991771132471,33.09410621123268,131.3405067621314,2621.1507420295784,2760.459134706083,6,0.09076923076923075,0.1533154684357297,0.02960554452000894,"[3, 2, 0]","[170.88755397736048, 126.21563822701665, 109.21805386437029]",6,6000,"[[ 0.          9.14738274 11.03136874  9.53981132  8.96480122]
 [ 9.14738274  0.          2.32082679  1.0354976   0.65924846]
 [11.03136874  2.32082679  0.          2.14750162  2.54323446]
 [ 9.53981132  1.0354976   2.14750162  0.          1.05167703]
 [ 8.96480122  0.65924846  2.54323446  1.05167703  0.        ]]","[[20.0, 2.0, 2.0, 60.0, 0.0], [45.0, 1.0, 2.0, 60.0, 0.0], [100.0, 2.0, 2.0, 60.0, 0.0], [46.0, 2.0, 1.0, 30.0, 0.0], [29.0, 3.0, 1.0, 30.0, 0.0], [89.0, 2.0, 2.0, 60.0, 0.0], [21.0, 1.0, 2.0, 60.0, 0.0], [110.0, 1.0, 1.0, 30.0, 0.0], [30.0, 2.0, 2.0, 60.0, 0.0], [53.0, 2.0, 2.0, 60.0, 0.0], [35.0, 3.0, 1.0, 30.0, 0.0], [29.0, 3.0, 1.0, 30.0, 0.0], [85.0, 3.0, 2.0, 60.0, 0.0], [21.0, 3.0, 2.0, 60.0, 0.0], [48.0, 2.0, 2.0, 60.0, 0.0], [45.0, 2.0, 2.0, 60.0, 0.0], [88.0, 3.0, 3.0, 120.0, 0.0], [58.0, 2.0, 2.0, 60.0, 0.0], [141.0, 1.0, 2.0, 60.0, 0.0], [445.0, 1.0, 1.0, 30.0, 0.0], [55.0, 2.0, 2.0, 60.0, 0.0], [100.0, 1.0, 3.0, 120.0, 0.0], [25.0, 2.0, 2.0, 60.0, 0.0], [4.0, 1.0, 1.0, 30.0, 0.0], [73.0, 3.0, 2.0, 60.0, 12.021043019829973], [11.0, 1.0, 2.0, 60.0, 23.70199129895224], [24.0, 2.0, 2.0, 60.0, 35.625796298323515], [80.0, 2.0, 2.0, 60.0, 37.02476774758143], [16.0, 2.0, 1.0, 30.0, 37.456954746073315], [45.0, 2.0, 2.0, 60.0, 44.72025732460407], [47.0, 2.0, 2.0, 60.0, 51.770060795891936], [104.0, 2.0, 2.0, 60.0, 67.39154057863942], [79.0, 2.0, 2.0, 60.0, 67.78801156455697], [65.0, 2.0, 2.0, 60.0, 73.02081579727279], [10.0, 3.0, 1.0, 30.0, 73.37299733126183], [92.0, 2.0, 2.0, 60.0, 78.81811547138163], [34.0, 2.0, 2.0, 60.0, 87.47475223580068], [23.0, 1.0, 1.0, 30.0, 89.40922635875023], [55.0, 2.0, 2.0, 60.0, 95.5671546720581], [184.0, 3.0, 2.0, 60.0, 96.33602094118923], [121.0, 3.0, 2.0, 60.0, 96.7939072781402], [61.0, 2.0, 2.0, 60.0, 98.36980328880216], [90.0, 2.0, 2.0, 60.0, 102.87579966565295], [18.0, 1.0, 1.0, 30.0, 104.9407263143454], [13.0, 1.0, 1.0, 30.0, 111.17765606341352], [184.0, 2.0, 2.0, 60.0, 112.29553792447513], [59.0, 3.0, 2.0, 60.0, 121.48538924519744], [87.0, 3.0, 1.0, 30.0, 127.62081856126873], [76.0, 1.0, 1.0, 30.0, 130.89979933108373], [64.0, 2.0, 2.0, 60.0, 132.98523286264282], [79.0, 1.0, 1.0, 30.0, 135.25183130913413], [74.0, 1.0, 1.0, 30.0, 135.6372170444124], [132.0, 1.0, 1.0, 30.0, 136.53537831628518], [13.0, 1.0, 1.0, 30.0, 139.96198057430644], [37.0, 1.0, 1.0, 30.0, 141.90538175510554], [3.0, 1.0, 2.0, 60.0, 148.22641604293108], [105.0, 1.0, 1.0, 30.0, 151.7688691800117], [19.0, 2.0, 2.0, 60.0, 152.9585189515018], [17.0, 2.0, 2.0, 60.0, 155.26396063278915], [45.0, 3.0, 2.0, 60.0, 158.4717443187417], [41.0, 2.0, 2.0, 60.0, 160.19091112593068], [14.0, 3.0, 2.0, 60.0, 161.80046723046223], [40.0, 2.0, 2.0, 60.0, 166.19504064142495], [119.0, 2.0, 2.0, 60.0, 167.67977668606895], [52.0, 2.0, 2.0, 60.0, 174.34828881122837], [52.0, 2.0, 2.0, 60.0, 181.30260874245792], [445.0, 2.0, 1.0, 30.0, 186.72302338228388], [68.0, 2.0, 2.0, 60.0, 187.08816512218607], [55.0, 2.0, 2.0, 60.0, 192.75850263079985], [27.0, 2.0, 2.0, 60.0, 199.5301925701257], [129.0, 1.0, 1.0, 30.0, 205.14039082741283], [45.0, 2.0, 2.0, 60.0, 206.54063642859495], [22.0, 2.0, 1.0, 30.0, 208.1453173837751], [17.0, 1.0, 1.0, 30.0, 208.9739969202831], [24.0, 3.0, 1.0, 30.0, 210.74581448374042], [18.0, 1.0, 1.0, 30.0, 210.85151326578935], [59.0, 2.0, 3.0, 120.0, 211.68829524636791], [58.0, 2.0, 2.0, 60.0, 218.2635794691037], [79.0, 2.0, 2.0, 60.0, 238.24236082502787], [79.0, 1.0, 2.0, 60.0, 241.06005128697106], [91.0, 1.0, 1.0, 30.0, 242.4802497949752], [62.0, 2.0, 2.0, 60.0, 244.4690310645114], [134.0, 3.0, 2.0, 60.0, 246.27574217918595], [80.0, 2.0, 2.0, 60.0, 246.92391019530396], [22.0, 2.0, 2.0, 60.0, 252.340535869662], [79.0, 1.0, 1.0, 30.0, 259.21978013724924], [107.0, 2.0, 2.0, 60.0, 266.7588257904633], [53.0, 2.0, 2.0, 60.0, 293.3082397692622], [55.0, 3.0, 1.0, 30.0, 303.841540943146], [17.0, 1.0, 1.0, 30.0, 312.06587014562393], [46.0, 3.0, 2.0, 60.0, 317.28332755550696], [84.0, 1.0, 1.0, 30.0, 320.2459485503109], [29.0, 3.0, 1.0, 30.0, 320.46821633167013], [93.0, 2.0, 2.0, 60.0, 325.25123026577114], [10.0, 1.0, 1.0, 30.0, 328.35814570323583], [72.0, 3.0, 1.0, 30.0, 335.8979525787838], [105.0, 1.0, 2.0, 60.0, 346.037960484565], [9.0, 3.0, 1.0, 30.0, 347.69830455805135], [66.0, 2.0, 1.0, 30.0, 347.94705816407], [12.0, 2.0, 2.0, 60.0, 352.5711693396838], [64.0, 1.0, 2.0, 60.0, 365.3382663386541], [134.0, 3.0, 2.0, 60.0, 369.44362432169635], [99.0, 2.0, 2.0, 60.0, 380.09833875091823], [28.0, 1.0, 1.0, 30.0, 383.8634124776174], [86.0, 2.0, 2.0, 60.0, 390.4333827158369], [100.0, 3.0, 3.0, 120.0, 391.8772976892559], [111.0, 1.0, 1.0, 30.0, 392.54938394344936], [19.0, 1.0, 1.0, 30.0, 393.26178810715084], [100.0, 3.0, 3.0, 120.0, 393.85019969752625], [47.0, 2.0, 2.0, 60.0, 394.1235652920939], [100.0, 2.0, 3.0, 120.0, 402.7065312495663], [272.0, 1.0, 1.0, 30.0, 404.9496062434009], [40.0, 2.0, 2.0, 60.0, 406.8802625567264], [81.0, 1.0, 2.0, 60.0, 411.5550592296831], [13.0, 2.0, 2.0, 60.0, 412.491396507024], [60.0, 2.0, 2.0, 60.0, 422.0828587162822], [92.0, 2.0, 2.0, 60.0, 428.54263891348444], [5.0, 1.0, 1.0, 30.0, 430.18884989348794], [32.0, 2.0, 2.0, 60.0, 431.1918089653501], [115.0, 3.0, 1.0, 30.0, 433.84690701169285]]","[0, 1, 3, 6, 8, 9, 20, 21, 25, 26, 27, 28, 29]","[[3, 0, 2, 0], [2, 0, 2, 0], [0, 1, 2, 0]]","[2, 2, 0, 2, 2, 0, 0, 2, 2, 0, 1, 1, 1]",200,10
14,47.35306682984034,0.01759283939997355,0.3,11.380818321857523,8.277219402621663,35.130565158711214,189.8773729831781,1332.7152653849002,1641.7484658086294,1,0.18454545454545454,0.6432962589242892,0.02840848903424727,"[3, 2, 2]","[161.3477426617568, 126.21563822701665, 109.21805386437029]",6,6000,"[[ 0.          9.22852415 11.71018839  9.84485676  8.96480122]
 [ 9.22852415  0.          2.77023103  1.53433845  0.79927432]
 [11.71018839  2.77023103  0.          2.64030919  3.2220541 ]
 [ 9.84485676  1.53433845  2.64030919  0.          1.35672248]
 [ 8.96480122  0.79927432  3.2220541   1.35672248  0.        ]]","[[20.0, 2.0, 2.0, 60.0, 0.0], [45.0, 1.0, 2.0, 60.0, 0.0], [100.0, 2.0, 2.0, 60.0, 0.0], [46.0, 2.0, 1.0, 30.0, 0.0], [29.0, 3.0, 1.0, 30.0, 0.0], [89.0, 2.0, 2.0, 60.0, 0.0], [21.0, 1.0, 2.0, 60.0, 0.0], [110.0, 1.0, 1.0, 30.0, 0.0], [30.0, 2.0, 2.0, 60.0, 0.0], [53.0, 2.0, 2.0, 60.0, 0.0], [35.0, 3.0, 1.0, 30.0, 0.0], [29.0, 3.0, 1.0, 30.0, 0.0], [85.0, 3.0, 2.0, 60.0, 0.0], [21.0, 3.0, 2.0, 60.0, 0.0], [48.0, 2.0, 2.0, 60.0, 0.0], [45.0, 2.0, 2.0, 60.0, 0.0], [88.0, 3.0, 3.0, 120.0, 0.0], [58.0, 2.0, 2.0, 60.0, 0.0], [141.0, 1.0, 2.0, 60.0, 0.0], [445.0, 1.0, 1.0, 30.0, 0.0], [55.0, 2.0, 2.0, 60.0, 0.0], [100.0, 1.0, 3.0, 120.0, 0.0], [25.0, 2.0, 2.0, 60.0, 0.0], [4.0, 1.0, 1.0, 30.0, 0.0], [73.0, 3.0, 2.0, 60.0, 12.021043019829973], [11.0, 1.0, 2.0, 60.0, 23.70199129895224], [24.0, 2.0, 2.0, 60.0, 35.625796298323515], [80.0, 2.0, 2.0, 60.0, 37.02476774758143], [16.0, 2.0, 1.0, 30.0, 37.456954746073315], [45.0, 2.0, 2.0, 60.0, 44.72025732460407], [47.0, 2.0, 2.0, 60.0, 51.770060795891936], [104.0, 2.0, 2.0, 60.0, 67.39154057863942], [79.0, 2.0, 2.0, 60.0, 67.78801156455697], [65.0, 2.0, 2.0, 60.0, 73.02081579727279], [10.0, 3.0, 1.0, 30.0, 73.37299733126183], [92.0, 2.0, 2.0, 60.0, 78.81811547138163], [34.0, 2.0, 2.0, 60.0, 87.47475223580068], [23.0, 1.0, 1.0, 30.0, 89.40922635875023], [55.0, 2.0, 2.0, 60.0, 95.5671546720581], [184.0, 3.0, 2.0, 60.0, 96.33602094118923], [121.0, 3.0, 2.0, 60.0, 96.7939072781402], [61.0, 2.0, 2.0, 60.0, 98.36980328880216], [90.0, 2.0, 2.0, 60.0, 102.87579966565295], [18.0, 1.0, 1.0, 30.0, 104.9407263143454], [13.0, 1.0, 1.0, 30.0, 111.17765606341352], [184.0, 2.0, 2.0, 60.0, 112.29553792447513], [59.0, 3.0, 2.0, 60.0, 121.48538924519744], [87.0, 3.0, 1.0, 30.0, 127.62081856126873], [76.0, 1.0, 1.0, 30.0, 130.89979933108373], [64.0, 2.0, 2.0, 60.0, 132.98523286264282], [79.0, 1.0, 1.0, 30.0, 135.25183130913413], [74.0, 1.0, 1.0, 30.0, 135.6372170444124], [132.0, 1.0, 1.0, 30.0, 136.53537831628518], [13.0, 1.0, 1.0, 30.0, 139.96198057430644], [37.0, 1.0, 1.0, 30.0, 141.90538175510554], [3.0, 1.0, 2.0, 60.0, 148.22641604293108], [105.0, 1.0, 1.0, 30.0, 151.7688691800117], [19.0, 2.0, 2.0, 60.0, 152.9585189515018], [17.0, 2.0, 2.0, 60.0, 155.26396063278915], [45.0, 3.0, 2.0, 60.0, 158.4717443187417], [41.0, 2.0, 2.0, 60.0, 160.19091112593068], [14.0, 3.0, 2.0, 60.0, 161.80046723046223], [40.0, 2.0, 2.0, 60.0, 166.19504064142495], [119.0, 2.0, 2.0, 60.0, 167.67977668606895], [52.0, 2.0, 2.0, 60.0, 174.34828881122837], [52.0, 2.0, 2.0, 60.0, 181.30260874245792], [445.0, 2.0, 1.0, 30.0, 186.72302338228388], [68.0, 2.0, 2.0, 60.0, 187.08816512218607], [55.0, 2.0, 2.0, 60.0, 192.75850263079985], [27.0, 2.0, 2.0, 60.0, 199.5301925701257], [129.0, 1.0, 1.0, 30.0, 205.14039082741283], [45.0, 2.0, 2.0, 60.0, 206.54063642859495], [22.0, 2.0, 1.0, 30.0, 208.1453173837751], [17.0, 1.0, 1.0, 30.0, 208.9739969202831], [24.0, 3.0, 1.0, 30.0, 210.74581448374042], [18.0, 1.0, 1.0, 30.0, 210.85151326578935], [59.0, 2.0, 3.0, 120.0, 211.68829524636791], [58.0, 2.0, 2.0, 60.0, 218.2635794691037], [79.0, 2.0, 2.0, 60.0, 238.24236082502787], [79.0, 1.0, 2.0, 60.0, 241.06005128697106], [91.0, 1.0, 1.0, 30.0, 242.4802497949752], [62.0, 2.0, 2.0, 60.0, 244.4690310645114], [134.0, 3.0, 2.0, 60.0, 246.27574217918595], [80.0, 2.0, 2.0, 60.0, 246.92391019530396], [22.0, 2.0, 2.0, 60.0, 252.340535869662], [79.0, 1.0, 1.0, 30.0, 259.21978013724924], [107.0, 2.0, 2.0, 60.0, 266.7588257904633], [53.0, 2.0, 2.0, 60.0, 293.3082397692622], [55.0, 3.0, 1.0, 30.0, 303.841540943146], [17.0, 1.0, 1.0, 30.0, 312.06587014562393], [46.0, 3.0, 2.0, 60.0, 317.28332755550696], [84.0, 1.0, 1.0, 30.0, 320.2459485503109], [29.0, 3.0, 1.0, 30.0, 320.46821633167013], [93.0, 2.0, 2.0, 60.0, 325.25123026577114], [10.0, 1.0, 1.0, 30.0, 328.35814570323583], [72.0, 3.0, 1.0, 30.0, 335.8979525787838], [105.0, 1.0, 2.0, 60.0, 346.037960484565], [9.0, 3.0, 1.0, 30.0, 347.69830455805135], [66.0, 2.0, 1.0, 30.0, 347.94705816407], [12.0, 2.0, 2.0, 60.0, 352.5711693396838], [64.0, 1.0, 2.0, 60.0, 365.3382663386541], [134.0, 3.0, 2.0, 60.0, 369.44362432169635], [99.0, 2.0, 2.0, 60.0, 380.09833875091823], [28.0, 1.0, 1.0, 30.0, 383.8634124776174], [86.0, 2.0, 2.0, 60.0, 390.4333827158369], [100.0, 3.0, 3.0, 120.0, 391.8772976892559], [111.0, 1.0, 1.0, 30.0, 392.54938394344936], [19.0, 1.0, 1.0, 30.0, 393.26178810715084], [100.0, 3.0, 3.0, 120.0, 393.85019969752625], [47.0, 2.0, 2.0, 60.0, 394.1235652920939], [100.0, 2.0, 3.0, 120.0, 402.7065312495663], [272.0, 1.0, 1.0, 30.0, 404.9496062434009], [40.0, 2.0, 2.0, 60.0, 406.8802625567264], [81.0, 1.0, 2.0, 60.0, 411.5550592296831], [13.0, 2.0, 2.0, 60.0, 412.491396507024], [60.0, 2.0, 2.0, 60.0, 422.0828587162822], [92.0, 2.0, 2.0, 60.0, 428.54263891348444], [5.0, 1.0, 1.0, 30.0, 430.18884989348794], [32.0, 2.0, 2.0, 60.0, 431.1918089653501], [115.0, 3.0, 1.0, 30.0, 433.84690701169285]]","[1, 3, 6, 9, 20, 21, 25, 26, 27, 28, 29]","[[3, 0, 2, 0], [2, 0, 2, 0], [2, 0, 1, 0]]","[2, 0, 2, 0, 0, 2, 2, 0, 0, 0, 1]",200,10
15,52.37065966924031,0.01774955987930298,0.30000000000000004,14.176264557511454,9.043209434754674,35.62402403045553,209.85631345249982,1683.3852975296102,2095.872434824527,1,0.21083333333333332,0.6784326079471438,0.030562067914337455,"[3, 2, 2]","[161.3477426617568, 126.21563822701665, 97.66938759164628]",6,6000,"[[ 0.          9.51056206 11.87467468  9.97738342  9.52179962]
 [ 9.51056206  0.          2.5254023   1.06258017  0.79161745]
 [11.87467468  2.5254023   0.          2.37805306  3.07545664]
 [ 9.97738342  1.06258017  2.37805306  0.          1.16038246]
 [ 9.52179962  0.79161745  3.07545664  1.16038246  0.        ]]","[[20.0, 2.0, 2.0, 60.0, 0.0], [45.0, 1.0, 2.0, 60.0, 0.0], [100.0, 2.0, 2.0, 60.0, 0.0], [46.0, 2.0, 1.0, 30.0, 0.0], [29.0, 3.0, 1.0, 30.0, 0.0], [89.0, 2.0, 2.0, 60.0, 0.0], [21.0, 1.0, 2.0, 60.0, 0.0], [110.0, 1.0, 1.0, 30.0, 0.0], [30.0, 2.0, 2.0, 60.0, 0.0], [53.0, 2.0, 2.0, 60.0, 0.0], [35.0, 3.0, 1.0, 30.0, 0.0], [29.0, 3.0, 1.0, 30.0, 0.0], [85.0, 3.0, 2.0, 60.0, 0.0], [21.0, 3.0, 2.0, 60.0, 0.0], [48.0, 2.0, 2.0, 60.0, 0.0], [45.0, 2.0, 2.0, 60.0, 0.0], [88.0, 3.0, 3.0, 120.0, 0.0], [58.0, 2.0, 2.0, 60.0, 0.0], [141.0, 1.0, 2.0, 60.0, 0.0], [445.0, 1.0, 1.0, 30.0, 0.0], [55.0, 2.0, 2.0, 60.0, 0.0], [100.0, 1.0, 3.0, 120.0, 0.0], [25.0, 2.0, 2.0, 60.0, 0.0], [4.0, 1.0, 1.0, 30.0, 0.0], [73.0, 3.0, 2.0, 60.0, 12.021043019829973], [11.0, 1.0, 2.0, 60.0, 23.70199129895224], [24.0, 2.0, 2.0, 60.0, 35.625796298323515], [80.0, 2.0, 2.0, 60.0, 37.02476774758143], [16.0, 2.0, 1.0, 30.0, 37.456954746073315], [45.0, 2.0, 2.0, 60.0, 44.72025732460407], [47.0, 2.0, 2.0, 60.0, 51.770060795891936], [104.0, 2.0, 2.0, 60.0, 67.39154057863942], [79.0, 2.0, 2.0, 60.0, 67.78801156455697], [65.0, 2.0, 2.0, 60.0, 73.02081579727279], [10.0, 3.0, 1.0, 30.0, 73.37299733126183], [92.0, 2.0, 2.0, 60.0, 78.81811547138163], [34.0, 2.0, 2.0, 60.0, 87.47475223580068], [23.0, 1.0, 1.0, 30.0, 89.40922635875023], [55.0, 2.0, 2.0, 60.0, 95.5671546720581], [184.0, 3.0, 2.0, 60.0, 96.33602094118923], [121.0, 3.0, 2.0, 60.0, 96.7939072781402], [61.0, 2.0, 2.0, 60.0, 98.36980328880216], [90.0, 2.0, 2.0, 60.0, 102.87579966565295], [18.0, 1.0, 1.0, 30.0, 104.9407263143454], [13.0, 1.0, 1.0, 30.0, 111.17765606341352], [184.0, 2.0, 2.0, 60.0, 112.29553792447513], [59.0, 3.0, 2.0, 60.0, 121.48538924519744], [87.0, 3.0, 1.0, 30.0, 127.62081856126873], [76.0, 1.0, 1.0, 30.0, 130.89979933108373], [64.0, 2.0, 2.0, 60.0, 132.98523286264282], [79.0, 1.0, 1.0, 30.0, 135.25183130913413], [74.0, 1.0, 1.0, 30.0, 135.6372170444124], [132.0, 1.0, 1.0, 30.0, 136.53537831628518], [13.0, 1.0, 1.0, 30.0, 139.96198057430644], [37.0, 1.0, 1.0, 30.0, 141.90538175510554], [3.0, 1.0, 2.0, 60.0, 148.22641604293108], [105.0, 1.0, 1.0, 30.0, 151.7688691800117], [19.0, 2.0, 2.0, 60.0, 152.9585189515018], [17.0, 2.0, 2.0, 60.0, 155.26396063278915], [45.0, 3.0, 2.0, 60.0, 158.4717443187417], [41.0, 2.0, 2.0, 60.0, 160.19091112593068], [14.0, 3.0, 2.0, 60.0, 161.80046723046223], [40.0, 2.0, 2.0, 60.0, 166.19504064142495], [119.0, 2.0, 2.0, 60.0, 167.67977668606895], [52.0, 2.0, 2.0, 60.0, 174.34828881122837], [52.0, 2.0, 2.0, 60.0, 181.30260874245792], [445.0, 2.0, 1.0, 30.0, 186.72302338228388], [68.0, 2.0, 2.0, 60.0, 187.08816512218607], [55.0, 2.0, 2.0, 60.0, 192.75850263079985], [27.0, 2.0, 2.0, 60.0, 199.5301925701257], [129.0, 1.0, 1.0, 30.0, 205.14039082741283], [45.0, 2.0, 2.0, 60.0, 206.54063642859495], [22.0, 2.0, 1.0, 30.0, 208.1453173837751], [17.0, 1.0, 1.0, 30.0, 208.9739969202831], [24.0, 3.0, 1.0, 30.0, 210.74581448374042], [18.0, 1.0, 1.0, 30.0, 210.85151326578935], [59.0, 2.0, 3.0, 120.0, 211.68829524636791], [58.0, 2.0, 2.0, 60.0, 218.2635794691037], [79.0, 2.0, 2.0, 60.0, 238.24236082502787], [79.0, 1.0, 2.0, 60.0, 241.06005128697106], [91.0, 1.0, 1.0, 30.0, 242.4802497949752], [62.0, 2.0, 2.0, 60.0, 244.4690310645114], [134.0, 3.0, 2.0, 60.0, 246.27574217918595], [80.0, 2.0, 2.0, 60.0, 246.92391019530396], [22.0, 2.0, 2.0, 60.0, 252.340535869662], [79.0, 1.0, 1.0, 30.0, 259.21978013724924], [107.0, 2.0, 2.0, 60.0, 266.7588257904633], [53.0, 2.0, 2.0, 60.0, 293.3082397692622], [55.0, 3.0, 1.0, 30.0, 303.841540943146], [17.0, 1.0, 1.0, 30.0, 312.06587014562393], [46.0, 3.0, 2.0, 60.0, 317.28332755550696], [84.0, 1.0, 1.0, 30.0, 320.2459485503109], [29.0, 3.0, 1.0, 30.0, 320.46821633167013], [93.0, 2.0, 2.0, 60.0, 325.25123026577114], [10.0, 1.0, 1.0, 30.0, 328.35814570323583], [72.0, 3.0, 1.0, 30.0, 335.8979525787838], [105.0, 1.0, 2.0, 60.0, 346.037960484565], [9.0, 3.0, 1.0, 30.0, 347.69830455805135], [66.0, 2.0, 1.0, 30.0, 347.94705816407], [12.0, 2.0, 2.0, 60.0, 352.5711693396838], [64.0, 1.0, 2.0, 60.0, 365.3382663386541], [134.0, 3.0, 2.0, 60.0, 369.44362432169635], [99.0, 2.0, 2.0, 60.0, 380.09833875091823], [28.0, 1.0, 1.0, 30.0, 383.8634124776174], [86.0, 2.0, 2.0, 60.0, 390.4333827158369], [100.0, 3.0, 3.0, 120.0, 391.8772976892559], [111.0, 1.0, 1.0, 30.0, 392.54938394344936], [19.0, 1.0, 1.0, 30.0, 393.26178810715084], [100.0, 3.0, 3.0, 120.0, 393.85019969752625], [47.0, 2.0, 2.0, 60.0, 394.1235652920939], [100.0, 2.0, 3.0, 120.0, 402.7065312495663], [272.0, 1.0, 1.0, 30.0, 404.9496062434009], [40.0, 2.0, 2.0, 60.0, 406.8802625567264], [81.0, 1.0, 2.0, 60.0, 411.5550592296831], [13.0, 2.0, 2.0, 60.0, 412.491396507024], [60.0, 2.0, 2.0, 60.0, 422.0828587162822], [92.0, 2.0, 2.0, 60.0, 428.54263891348444], [5.0, 1.0, 1.0, 30.0, 430.18884989348794], [32.0, 2.0, 2.0, 60.0, 431.1918089653501], [115.0, 3.0, 1.0, 30.0, 433.84690701169285]]","[1, 3, 6, 9, 20, 21, 25, 26, 27, 28, 29, 30]","[[3, 0, 2, 0], [2, 0, 2, 0], [2, 1, 0]]","[2, 0, 2, 0, 0, 2, 2, 1, 1, 0, 0, 1]",200,10
16,54.38840922911962,0.017258596420288087,0.28510490160278956,16.395315308142482,10.202205058493352,32.43005763419289,281.1614292231986,1864.9311793123627,2257.186028337774,1,0.2080833333333333,0.6819216697672436,0.03368313750310908,"[3, 0, 2]","[161.3477426617568, 127.11161445026765, 97.66938759164628]",6,6000,"[[ 0.          9.01066819 11.37478081  9.68049602  8.9492777 ]
 [ 9.01066819  0.          2.5254023   1.43066822  0.84389795]
 [11.37478081  2.5254023   0.          2.37805306  3.22529157]
 [ 9.68049602  1.43066822  2.37805306  0.          1.31021738]
 [ 8.9492777   0.84389795  3.22529157  1.31021738  0.        ]]","[[20.0, 2.0, 2.0, 60.0, 0.0], [45.0, 1.0, 2.0, 60.0, 0.0], [100.0, 2.0, 2.0, 60.0, 0.0], [46.0, 2.0, 1.0, 30.0, 0.0], [29.0, 3.0, 1.0, 30.0, 0.0], [89.0, 2.0, 2.0, 60.0, 0.0], [21.0, 1.0, 2.0, 60.0, 0.0], [110.0, 1.0, 1.0, 30.0, 0.0], [30.0, 2.0, 2.0, 60.0, 0.0], [53.0, 2.0, 2.0, 60.0, 0.0], [35.0, 3.0, 1.0, 30.0, 0.0], [29.0, 3.0, 1.0, 30.0, 0.0], [85.0, 3.0, 2.0, 60.0, 0.0], [21.0, 3.0, 2.0, 60.0, 0.0], [48.0, 2.0, 2.0, 60.0, 0.0], [45.0, 2.0, 2.0, 60.0, 0.0], [88.0, 3.0, 3.0, 120.0, 0.0], [58.0, 2.0, 2.0, 60.0, 0.0], [141.0, 1.0, 2.0, 60.0, 0.0], [445.0, 1.0, 1.0, 30.0, 0.0], [55.0, 2.0, 2.0, 60.0, 0.0], [100.0, 1.0, 3.0, 120.0, 0.0], [25.0, 2.0, 2.0, 60.0, 0.0], [4.0, 1.0, 1.0, 30.0, 0.0], [73.0, 3.0, 2.0, 60.0, 12.021043019829973], [11.0, 1.0, 2.0, 60.0, 23.70199129895224], [24.0, 2.0, 2.0, 60.0, 35.625796298323515], [80.0, 2.0, 2.0, 60.0, 37.02476774758143], [16.0, 2.0, 1.0, 30.0, 37.456954746073315], [45.0, 2.0, 2.0, 60.0, 44.72025732460407], [47.0, 2.0, 2.0, 60.0, 51.770060795891936], [104.0, 2.0, 2.0, 60.0, 67.39154057863942], [79.0, 2.0, 2.0, 60.0, 67.78801156455697], [65.0, 2.0, 2.0, 60.0, 73.02081579727279], [10.0, 3.0, 1.0, 30.0, 73.37299733126183], [92.0, 2.0, 2.0, 60.0, 78.81811547138163], [34.0, 2.0, 2.0, 60.0, 87.47475223580068], [23.0, 1.0, 1.0, 30.0, 89.40922635875023], [55.0, 2.0, 2.0, 60.0, 95.5671546720581], [184.0, 3.0, 2.0, 60.0, 96.33602094118923], [121.0, 3.0, 2.0, 60.0, 96.7939072781402], [61.0, 2.0, 2.0, 60.0, 98.36980328880216], [90.0, 2.0, 2.0, 60.0, 102.87579966565295], [18.0, 1.0, 1.0, 30.0, 104.9407263143454], [13.0, 1.0, 1.0, 30.0, 111.17765606341352], [184.0, 2.0, 2.0, 60.0, 112.29553792447513], [59.0, 3.0, 2.0, 60.0, 121.48538924519744], [87.0, 3.0, 1.0, 30.0, 127.62081856126873], [76.0, 1.0, 1.0, 30.0, 130.89979933108373], [64.0, 2.0, 2.0, 60.0, 132.98523286264282], [79.0, 1.0, 1.0, 30.0, 135.25183130913413], [74.0, 1.0, 1.0, 30.0, 135.6372170444124], [132.0, 1.0, 1.0, 30.0, 136.53537831628518], [13.0, 1.0, 1.0, 30.0, 139.96198057430644], [37.0, 1.0, 1.0, 30.0, 141.90538175510554], [3.0, 1.0, 2.0, 60.0, 148.22641604293108], [105.0, 1.0, 1.0, 30.0, 151.7688691800117], [19.0, 2.0, 2.0, 60.0, 152.9585189515018], [17.0, 2.0, 2.0, 60.0, 155.26396063278915], [45.0, 3.0, 2.0, 60.0, 158.4717443187417], [41.0, 2.0, 2.0, 60.0, 160.19091112593068], [14.0, 3.0, 2.0, 60.0, 161.80046723046223], [40.0, 2.0, 2.0, 60.0, 166.19504064142495], [119.0, 2.0, 2.0, 60.0, 167.67977668606895], [52.0, 2.0, 2.0, 60.0, 174.34828881122837], [52.0, 2.0, 2.0, 60.0, 181.30260874245792], [445.0, 2.0, 1.0, 30.0, 186.72302338228388], [68.0, 2.0, 2.0, 60.0, 187.08816512218607], [55.0, 2.0, 2.0, 60.0, 192.75850263079985], [27.0, 2.0, 2.0, 60.0, 199.5301925701257], [129.0, 1.0, 1.0, 30.0, 205.14039082741283], [45.0, 2.0, 2.0, 60.0, 206.54063642859495], [22.0, 2.0, 1.0, 30.0, 208.1453173837751], [17.0, 1.0, 1.0, 30.0, 208.9739969202831], [24.0, 3.0, 1.0, 30.0, 210.74581448374042], [18.0, 1.0, 1.0, 30.0, 210.85151326578935], [59.0, 2.0, 3.0, 120.0, 211.68829524636791], [58.0, 2.0, 2.0, 60.0, 218.2635794691037], [79.0, 2.0, 2.0, 60.0, 238.24236082502787], [79.0, 1.0, 2.0, 60.0, 241.06005128697106], [91.0, 1.0, 1.0, 30.0, 242.4802497949752], [62.0, 2.0, 2.0, 60.0, 244.4690310645114], [134.0, 3.0, 2.0, 60.0, 246.27574217918595], [80.0, 2.0, 2.0, 60.0, 246.92391019530396], [22.0, 2.0, 2.0, 60.0, 252.340535869662], [79.0, 1.0, 1.0, 30.0, 259.21978013724924], [107.0, 2.0, 2.0, 60.0, 266.7588257904633], [53.0, 2.0, 2.0, 60.0, 293.3082397692622], [55.0, 3.0, 1.0, 30.0, 303.841540943146], [17.0, 1.0, 1.0, 30.0, 312.06587014562393], [46.0, 3.0, 2.0, 60.0, 317.28332755550696], [84.0, 1.0, 1.0, 30.0, 320.2459485503109], [29.0, 3.0, 1.0, 30.0, 320.46821633167013], [93.0, 2.0, 2.0, 60.0, 325.25123026577114], [10.0, 1.0, 1.0, 30.0, 328.35814570323583], [72.0, 3.0, 1.0, 30.0, 335.8979525787838], [105.0, 1.0, 2.0, 60.0, 346.037960484565], [9.0, 3.0, 1.0, 30.0, 347.69830455805135], [66.0, 2.0, 1.0, 30.0, 347.94705816407], [12.0, 2.0, 2.0, 60.0, 352.5711693396838], [64.0, 1.0, 2.0, 60.0, 365.3382663386541], [134.0, 3.0, 2.0, 60.0, 369.44362432169635], [99.0, 2.0, 2.0, 60.0, 380.09833875091823], [28.0, 1.0, 1.0, 30.0, 383.8634124776174], [86.0, 2.0, 2.0, 60.0, 390.4333827158369], [100.0, 3.0, 3.0, 120.0, 391.8772976892559], [111.0, 1.0, 1.0, 30.0, 392.54938394344936], [19.0, 1.0, 1.0, 30.0, 393.26178810715084], [100.0, 3.0, 3.0, 120.0, 393.85019969752625], [47.0, 2.0, 2.0, 60.0, 394.1235652920939], [100.0, 2.0, 3.0, 120.0, 402.7065312495663], [272.0, 1.0, 1.0, 30.0, 404.9496062434009], [40.0, 2.0, 2.0, 60.0, 406.8802625567264], [81.0, 1.0, 2.0, 60.0, 411.5550592296831], [13.0, 2.0, 2.0, 60.0, 412.491396507024], [60.0, 2.0, 2.0, 60.0, 422.0828587162822], [92.0, 2.0, 2.0, 60.0, 428.54263891348444], [5.0, 1.0, 1.0, 30.0, 430.18884989348794], [32.0, 2.0, 2.0, 60.0, 431.1918089653501], [115.0, 3.0, 1.0, 30.0, 433.84690701169285]]","[1, 3, 6, 9, 20, 21, 25, 26, 27, 28, 29, 30]","[[3, 0, 2, 0], [0, 2, 0], [2, 0, 1, 0]]","[2, 0, 2, 0, 0, 2, 2, 1, 0, 0, 1, 1]",200,10
17,59.40566782553991,0.053538310527801516,0.19999999999999998,0.20206138409451227,0.015227225256494451,22.221994750505683,180.52006826049694,22.451035083140813,180.5200682604969,196,0.0,0.0,8.718570767009e-16,"[0, 0, 2]","[164.86053234185266, 115.49119216602877, 97.66938759164628]",6,6000,"[[ 0.          8.74688476 11.11099738  9.21565425  8.48443594]
 [ 8.74688476  0.          2.5254023   1.43066822  0.84389795]
 [11.11099738  2.5254023   0.          2.37805306  3.22529157]
 [ 9.21565425  1.43066822  2.37805306  0.          1.31021738]
 [ 8.48443594  0.84389795  3.22529157  1.31021738  0.        ]]","[[20.0, 2.0, 2.0, 60.0, 0.0], [45.0, 1.0, 2.0, 60.0, 0.0], [100.0, 2.0, 2.0, 60.0, 0.0], [46.0, 2.0, 1.0, 30.0, 0.0], [29.0, 3.0, 1.0, 30.0, 0.0], [89.0, 2.0, 2.0, 60.0, 0.0], [21.0, 1.0, 2.0, 60.0, 0.0], [110.0, 1.0, 1.0, 30.0, 0.0], [30.0, 2.0, 2.0, 60.0, 0.0], [53.0, 2.0, 2.0, 60.0, 0.0], [35.0, 3.0, 1.0, 30.0, 0.0], [29.0, 3.0, 1.0, 30.0, 0.0], [85.0, 3.0, 2.0, 60.0, 0.0], [21.0, 3.0, 2.0, 60.0, 0.0], [48.0, 2.0, 2.0, 60.0, 0.0], [45.0, 2.0, 2.0, 60.0, 0.0], [88.0, 3.0, 3.0, 120.0, 0.0], [58.0, 2.0, 2.0, 60.0, 0.0], [141.0, 1.0, 2.0, 60.0, 0.0], [445.0, 1.0, 1.0, 30.0, 0.0], [55.0, 2.0, 2.0, 60.0, 0.0], [100.0, 1.0, 3.0, 120.0, 0.0], [25.0, 2.0, 2.0, 60.0, 0.0], [4.0, 1.0, 1.0, 30.0, 0.0], [73.0, 3.0, 2.0, 60.0, 12.021043019829973], [11.0, 1.0, 2.0, 60.0, 23.70199129895224], [24.0, 2.0, 2.0, 60.0, 35.625796298323515], [80.0, 2.0, 2.0, 60.0, 37.02476774758143], [16.0, 2.0, 1.0, 30.0, 37.456954746073315], [45.0, 2.0, 2.0, 60.0, 44.72025732460407], [47.0, 2.0, 2.0, 60.0, 51.770060795891936], [104.0, 2.0, 2.0, 60.0, 67.39154057863942], [79.0, 2.0, 2.0, 60.0, 67.78801156455697], [65.0, 2.0, 2.0, 60.0, 73.02081579727279], [10.0, 3.0, 1.0, 30.0, 73.37299733126183], [92.0, 2.0, 2.0, 60.0, 78.81811547138163], [34.0, 2.0, 2.0, 60.0, 87.47475223580068], [23.0, 1.0, 1.0, 30.0, 89.40922635875023], [55.0, 2.0, 2.0, 60.0, 95.5671546720581], [184.0, 3.0, 2.0, 60.0, 96.33602094118923], [121.0, 3.0, 2.0, 60.0, 96.7939072781402], [61.0, 2.0, 2.0, 60.0, 98.36980328880216], [90.0, 2.0, 2.0, 60.0, 102.87579966565295], [18.0, 1.0, 1.0, 30.0, 104.9407263143454], [13.0, 1.0, 1.0, 30.0, 111.17765606341352], [184.0, 2.0, 2.0, 60.0, 112.29553792447513], [59.0, 3.0, 2.0, 60.0, 121.48538924519744], [87.0, 3.0, 1.0, 30.0, 127.62081856126873], [76.0, 1.0, 1.0, 30.0, 130.89979933108373], [64.0, 2.0, 2.0, 60.0, 132.98523286264282], [79.0, 1.0, 1.0, 30.0, 135.25183130913413], [74.0, 1.0, 1.0, 30.0, 135.6372170444124], [132.0, 1.0, 1.0, 30.0, 136.53537831628518], [13.0, 1.0, 1.0, 30.0, 139.96198057430644], [37.0, 1.0, 1.0, 30.0, 141.90538175510554], [3.0, 1.0, 2.0, 60.0, 148.22641604293108], [105.0, 1.0, 1.0, 30.0, 151.7688691800117], [19.0, 2.0, 2.0, 60.0, 152.9585189515018], [17.0, 2.0, 2.0, 60.0, 155.26396063278915], [45.0, 3.0, 2.0, 60.0, 158.4717443187417], [41.0, 2.0, 2.0, 60.0, 160.19091112593068], [14.0, 3.0, 2.0, 60.0, 161.80046723046223], [40.0, 2.0, 2.0, 60.0, 166.19504064142495], [119.0, 2.0, 2.0, 60.0, 167.67977668606895], [52.0, 2.0, 2.0, 60.0, 174.34828881122837], [52.0, 2.0, 2.0, 60.0, 181.30260874245792], [445.0, 2.0, 1.0, 30.0, 186.72302338228388], [68.0, 2.0, 2.0, 60.0, 187.08816512218607], [55.0, 2.0, 2.0, 60.0, 192.75850263079985], [27.0, 2.0, 2.0, 60.0, 199.5301925701257], [129.0, 1.0, 1.0, 30.0, 205.14039082741283], [45.0, 2.0, 2.0, 60.0, 206.54063642859495], [22.0, 2.0, 1.0, 30.0, 208.1453173837751], [17.0, 1.0, 1.0, 30.0, 208.9739969202831], [24.0, 3.0, 1.0, 30.0, 210.74581448374042], [18.0, 1.0, 1.0, 30.0, 210.85151326578935], [59.0, 2.0, 3.0, 120.0, 211.68829524636791], [58.0, 2.0, 2.0, 60.0, 218.2635794691037], [79.0, 2.0, 2.0, 60.0, 238.24236082502787], [79.0, 1.0, 2.0, 60.0, 241.06005128697106], [91.0, 1.0, 1.0, 30.0, 242.4802497949752], [62.0, 2.0, 2.0, 60.0, 244.4690310645114], [134.0, 3.0, 2.0, 60.0, 246.27574217918595], [80.0, 2.0, 2.0, 60.0, 246.92391019530396], [22.0, 2.0, 2.0, 60.0, 252.340535869662], [79.0, 1.0, 1.0, 30.0, 259.21978013724924], [107.0, 2.0, 2.0, 60.0, 266.7588257904633], [53.0, 2.0, 2.0, 60.0, 293.3082397692622], [55.0, 3.0, 1.0, 30.0, 303.841540943146], [17.0, 1.0, 1.0, 30.0, 312.06587014562393], [46.0, 3.0, 2.0, 60.0, 317.28332755550696], [84.0, 1.0, 1.0, 30.0, 320.2459485503109], [29.0, 3.0, 1.0, 30.0, 320.46821633167013], [93.0, 2.0, 2.0, 60.0, 325.25123026577114], [10.0, 1.0, 1.0, 30.0, 328.35814570323583], [72.0, 3.0, 1.0, 30.0, 335.8979525787838], [105.0, 1.0, 2.0, 60.0, 346.037960484565], [9.0, 3.0, 1.0, 30.0, 347.69830455805135], [66.0, 2.0, 1.0, 30.0, 347.94705816407], [12.0, 2.0, 2.0, 60.0, 352.5711693396838], [64.0, 1.0, 2.0, 60.0, 365.3382663386541], [134.0, 3.0, 2.0, 60.0, 369.44362432169635], [99.0, 2.0, 2.0, 60.0, 380.09833875091823], [28.0, 1.0, 1.0, 30.0, 383.8634124776174], [86.0, 2.0, 2.0, 60.0, 390.4333827158369], [100.0, 3.0, 3.0, 120.0, 391.8772976892559], [111.0, 1.0, 1.0, 30.0, 392.54938394344936], [19.0, 1.0, 1.0, 30.0, 393.26178810715084], [100.0, 3.0, 3.0, 120.0, 393.85019969752625], [47.0, 2.0, 2.0, 60.0, 394.1235652920939], [100.0, 2.0, 3.0, 120.0, 402.7065312495663], [272.0, 1.0, 1.0, 30.0, 404.9496062434009], [40.0, 2.0, 2.0, 60.0, 406.8802625567264], [81.0, 1.0, 2.0, 60.0, 411.5550592296831], [13.0, 2.0, 2.0, 60.0, 412.491396507024], [60.0, 2.0, 2.0, 60.0, 422.0828587162822], [92.0, 2.0, 2.0, 60.0, 428.54263891348444], [5.0, 1.0, 1.0, 30.0, 430.18884989348794], [32.0, 2.0, 2.0, 60.0, 431.1918089653501], [115.0, 3.0, 1.0, 30.0, 433.84690701169285]]","[1, 3, 6, 9, 20, 21, 25, 26, 27, 28, 29, 30]","[[0, 2, 0], [0, 2, 0], [2, 1, 0]]","[2, 0, 2, 0, 0, 2, 2, 1, 0, 0, 1, 1]",200,10
18,67.4592061360677,0.020065232117970785,0.2,3.729393134650418,4.897545883157286,22.01667858858484,336.14251303509724,410.5442498803657,720.2354283709552,58,0.04249999999999999,0.0996164173666586,0.010108905091826362,"[0, 2, 0]","[153.80307327712762, 115.49119216602877, 105.20926778574967]",6,6000,"[[ 0.          8.51640398 11.00833929  9.05037129  8.31915297]
 [ 8.51640398  0.          2.49193531  1.43066822  0.84389795]
 [11.00833929  2.49193531  0.          2.47601321  3.32325173]
 [ 9.05037129  1.43066822  2.47601321  0.          1.31021738]
 [ 8.31915297  0.84389795  3.32325173  1.31021738  0.        ]]","[[20.0, 2.0, 2.0, 60.0, 0.0], [45.0, 1.0, 2.0, 60.0, 0.0], [100.0, 2.0, 2.0, 60.0, 0.0], [46.0, 2.0, 1.0, 30.0, 0.0], [29.0, 3.0, 1.0, 30.0, 0.0], [89.0, 2.0, 2.0, 60.0, 0.0], [21.0, 1.0, 2.0, 60.0, 0.0], [110.0, 1.0, 1.0, 30.0, 0.0], [30.0, 2.0, 2.0, 60.0, 0.0], [53.0, 2.0, 2.0, 60.0, 0.0], [35.0, 3.0, 1.0, 30.0, 0.0], [29.0, 3.0, 1.0, 30.0, 0.0], [85.0, 3.0, 2.0, 60.0, 0.0], [21.0, 3.0, 2.0, 60.0, 0.0], [48.0, 2.0, 2.0, 60.0, 0.0], [45.0, 2.0, 2.0, 60.0, 0.0], [88.0, 3.0, 3.0, 120.0, 0.0], [58.0, 2.0, 2.0, 60.0, 0.0], [141.0, 1.0, 2.0, 60.0, 0.0], [445.0, 1.0, 1.0, 30.0, 0.0], [55.0, 2.0, 2.0, 60.0, 0.0], [100.0, 1.0, 3.0, 120.0, 0.0], [25.0, 2.0, 2.0, 60.0, 0.0], [4.0, 1.0, 1.0, 30.0, 0.0], [73.0, 3.0, 2.0, 60.0, 12.021043019829973], [11.0, 1.0, 2.0, 60.0, 23.70199129895224], [24.0, 2.0, 2.0, 60.0, 35.625796298323515], [80.0, 2.0, 2.0, 60.0, 37.02476774758143], [16.0, 2.0, 1.0, 30.0, 37.456954746073315], [45.0, 2.0, 2.0, 60.0, 44.72025732460407], [47.0, 2.0, 2.0, 60.0, 51.770060795891936], [104.0, 2.0, 2.0, 60.0, 67.39154057863942], [79.0, 2.0, 2.0, 60.0, 67.78801156455697], [65.0, 2.0, 2.0, 60.0, 73.02081579727279], [10.0, 3.0, 1.0, 30.0, 73.37299733126183], [92.0, 2.0, 2.0, 60.0, 78.81811547138163], [34.0, 2.0, 2.0, 60.0, 87.47475223580068], [23.0, 1.0, 1.0, 30.0, 89.40922635875023], [55.0, 2.0, 2.0, 60.0, 95.5671546720581], [184.0, 3.0, 2.0, 60.0, 96.33602094118923], [121.0, 3.0, 2.0, 60.0, 96.7939072781402], [61.0, 2.0, 2.0, 60.0, 98.36980328880216], [90.0, 2.0, 2.0, 60.0, 102.87579966565295], [18.0, 1.0, 1.0, 30.0, 104.9407263143454], [13.0, 1.0, 1.0, 30.0, 111.17765606341352], [184.0, 2.0, 2.0, 60.0, 112.29553792447513], [59.0, 3.0, 2.0, 60.0, 121.48538924519744], [87.0, 3.0, 1.0, 30.0, 127.62081856126873], [76.0, 1.0, 1.0, 30.0, 130.89979933108373], [64.0, 2.0, 2.0, 60.0, 132.98523286264282], [79.0, 1.0, 1.0, 30.0, 135.25183130913413], [74.0, 1.0, 1.0, 30.0, 135.6372170444124], [132.0, 1.0, 1.0, 30.0, 136.53537831628518], [13.0, 1.0, 1.0, 30.0, 139.96198057430644], [37.0, 1.0, 1.0, 30.0, 141.90538175510554], [3.0, 1.0, 2.0, 60.0, 148.22641604293108], [105.0, 1.0, 1.0, 30.0, 151.7688691800117], [19.0, 2.0, 2.0, 60.0, 152.9585189515018], [17.0, 2.0, 2.0, 60.0, 155.26396063278915], [45.0, 3.0, 2.0, 60.0, 158.4717443187417], [41.0, 2.0, 2.0, 60.0, 160.19091112593068], [14.0, 3.0, 2.0, 60.0, 161.80046723046223], [40.0, 2.0, 2.0, 60.0, 166.19504064142495], [119.0, 2.0, 2.0, 60.0, 167.67977668606895], [52.0, 2.0, 2.0, 60.0, 174.34828881122837], [52.0, 2.0, 2.0, 60.0, 181.30260874245792], [445.0, 2.0, 1.0, 30.0, 186.72302338228388], [68.0, 2.0, 2.0, 60.0, 187.08816512218607], [55.0, 2.0, 2.0, 60.0, 192.75850263079985], [27.0, 2.0, 2.0, 60.0, 199.5301925701257], [129.0, 1.0, 1.0, 30.0, 205.14039082741283], [45.0, 2.0, 2.0, 60.0, 206.54063642859495], [22.0, 2.0, 1.0, 30.0, 208.1453173837751], [17.0, 1.0, 1.0, 30.0, 208.9739969202831], [24.0, 3.0, 1.0, 30.0, 210.74581448374042], [18.0, 1.0, 1.0, 30.0, 210.85151326578935], [59.0, 2.0, 3.0, 120.0, 211.68829524636791], [58.0, 2.0, 2.0, 60.0, 218.2635794691037], [79.0, 2.0, 2.0, 60.0, 238.24236082502787], [79.0, 1.0, 2.0, 60.0, 241.06005128697106], [91.0, 1.0, 1.0, 30.0, 242.4802497949752], [62.0, 2.0, 2.0, 60.0, 244.4690310645114], [134.0, 3.0, 2.0, 60.0, 246.27574217918595], [80.0, 2.0, 2.0, 60.0, 246.92391019530396], [22.0, 2.0, 2.0, 60.0, 252.340535869662], [79.0, 1.0, 1.0, 30.0, 259.21978013724924], [107.0, 2.0, 2.0, 60.0, 266.7588257904633], [53.0, 2.0, 2.0, 60.0, 293.3082397692622], [55.0, 3.0, 1.0, 30.0, 303.841540943146], [17.0, 1.0, 1.0, 30.0, 312.06587014562393], [46.0, 3.0, 2.0, 60.0, 317.28332755550696], [84.0, 1.0, 1.0, 30.0, 320.2459485503109], [29.0, 3.0, 1.0, 30.0, 320.46821633167013], [93.0, 2.0, 2.0, 60.0, 325.25123026577114], [10.0, 1.0, 1.0, 30.0, 328.35814570323583], [72.0, 3.0, 1.0, 30.0, 335.8979525787838], [105.0, 1.0, 2.0, 60.0, 346.037960484565], [9.0, 3.0, 1.0, 30.0, 347.69830455805135], [66.0, 2.0, 1.0, 30.0, 347.94705816407], [12.0, 2.0, 2.0, 60.0, 352.5711693396838], [64.0, 1.0, 2.0, 60.0, 365.3382663386541], [134.0, 3.0, 2.0, 60.0, 369.44362432169635], [99.0, 2.0, 2.0, 60.0, 380.09833875091823], [28.0, 1.0, 1.0, 30.0, 383.8634124776174], [86.0, 2.0, 2.0, 60.0, 390.4333827158369], [100.0, 3.0, 3.0, 120.0, 391.8772976892559], [111.0, 1.0, 1.0, 30.0, 392.54938394344936], [19.0, 1.0, 1.0, 30.0, 393.26178810715084], [100.0, 3.0, 3.0, 120.0, 393.85019969752625], [47.0, 2.0, 2.0, 60.0, 394.1235652920939], [100.0, 2.0, 3.0, 120.0, 402.7065312495663], [272.0, 1.0, 1.0, 30.0, 404.9496062434009], [40.0, 2.0, 2.0, 60.0, 406.8802625567264], [81.0, 1.0, 2.0, 60.0, 411.5550592296831], [13.0, 2.0, 2.0, 60.0, 412.491396507024], [60.0, 2.0, 2.0, 60.0, 422.0828587162822], [92.0, 2.0, 2.0, 60.0, 428.54263891348444], [5.0, 1.0, 1.0, 30.0, 430.18884989348794], [32.0, 2.0, 2.0, 60.0, 431.1918089653501], [115.0, 3.0, 1.0, 30.0, 433.84690701169285]]","[1, 3, 6, 9, 20, 21, 25, 27, 28, 31]","[[0, 2, 0], [2, 0], [0, 2, 1, 0]]","[2, 0, 2, 0, 0, 2, 2, 0, 0, 2]",200,10
19,68.47927136818568,0.022119112809499106,0.2,2.5585111867940964,4.290516356935791,22.01667858858484,330.48794378819804,281.6495923247219,621.7957099951112,54,0.035,0.034133271801538474,0.00748824126317785,"[0, 2, 0]","[153.80307327712762, 104.48285287173636, 94.22099372357522]",6,6000,"[[ 0.          8.51640398 11.00833929  9.05037129  8.31915297]
 [ 8.51640398  0.          2.49193531  1.43066822  0.84389795]
 [11.00833929  2.49193531  0.          2.47601321  3.32325173]
 [ 9.05037129  1.43066822  2.47601321  0.          1.31021738]
 [ 8.31915297  0.84389795  3.32325173  1.31021738  0.        ]]","[[20.0, 2.0, 2.0, 60.0, 0.0], [45.0, 1.0, 2.0, 60.0, 0.0], [100.0, 2.0, 2.0, 60.0, 0.0], [46.0, 2.0, 1.0, 30.0, 0.0], [29.0, 3.0, 1.0, 30.0, 0.0], [89.0, 2.0, 2.0, 60.0, 0.0], [21.0, 1.0, 2.0, 60.0, 0.0], [110.0, 1.0, 1.0, 30.0, 0.0], [30.0, 2.0, 2.0, 60.0, 0.0], [53.0, 2.0, 2.0, 60.0, 0.0], [35.0, 3.0, 1.0, 30.0, 0.0], [29.0, 3.0, 1.0, 30.0, 0.0], [85.0, 3.0, 2.0, 60.0, 0.0], [21.0, 3.0, 2.0, 60.0, 0.0], [48.0, 2.0, 2.0, 60.0, 0.0], [45.0, 2.0, 2.0, 60.0, 0.0], [88.0, 3.0, 3.0, 120.0, 0.0], [58.0, 2.0, 2.0, 60.0, 0.0], [141.0, 1.0, 2.0, 60.0, 0.0], [445.0, 1.0, 1.0, 30.0, 0.0], [55.0, 2.0, 2.0, 60.0, 0.0], [100.0, 1.0, 3.0, 120.0, 0.0], [25.0, 2.0, 2.0, 60.0, 0.0], [4.0, 1.0, 1.0, 30.0, 0.0], [73.0, 3.0, 2.0, 60.0, 12.021043019829973], [11.0, 1.0, 2.0, 60.0, 23.70199129895224], [24.0, 2.0, 2.0, 60.0, 35.625796298323515], [80.0, 2.0, 2.0, 60.0, 37.02476774758143], [16.0, 2.0, 1.0, 30.0, 37.456954746073315], [45.0, 2.0, 2.0, 60.0, 44.72025732460407], [47.0, 2.0, 2.0, 60.0, 51.770060795891936], [104.0, 2.0, 2.0, 60.0, 67.39154057863942], [79.0, 2.0, 2.0, 60.0, 67.78801156455697], [65.0, 2.0, 2.0, 60.0, 73.02081579727279], [10.0, 3.0, 1.0, 30.0, 73.37299733126183], [92.0, 2.0, 2.0, 60.0, 78.81811547138163], [34.0, 2.0, 2.0, 60.0, 87.47475223580068], [23.0, 1.0, 1.0, 30.0, 89.40922635875023], [55.0, 2.0, 2.0, 60.0, 95.5671546720581], [184.0, 3.0, 2.0, 60.0, 96.33602094118923], [121.0, 3.0, 2.0, 60.0, 96.7939072781402], [61.0, 2.0, 2.0, 60.0, 98.36980328880216], [90.0, 2.0, 2.0, 60.0, 102.87579966565295], [18.0, 1.0, 1.0, 30.0, 104.9407263143454], [13.0, 1.0, 1.0, 30.0, 111.17765606341352], [184.0, 2.0, 2.0, 60.0, 112.29553792447513], [59.0, 3.0, 2.0, 60.0, 121.48538924519744], [87.0, 3.0, 1.0, 30.0, 127.62081856126873], [76.0, 1.0, 1.0, 30.0, 130.89979933108373], [64.0, 2.0, 2.0, 60.0, 132.98523286264282], [79.0, 1.0, 1.0, 30.0, 135.25183130913413], [74.0, 1.0, 1.0, 30.0, 135.6372170444124], [132.0, 1.0, 1.0, 30.0, 136.53537831628518], [13.0, 1.0, 1.0, 30.0, 139.96198057430644], [37.0, 1.0, 1.0, 30.0, 141.90538175510554], [3.0, 1.0, 2.0, 60.0, 148.22641604293108], [105.0, 1.0, 1.0, 30.0, 151.7688691800117], [19.0, 2.0, 2.0, 60.0, 152.9585189515018], [17.0, 2.0, 2.0, 60.0, 155.26396063278915], [45.0, 3.0, 2.0, 60.0, 158.4717443187417], [41.0, 2.0, 2.0, 60.0, 160.19091112593068], [14.0, 3.0, 2.0, 60.0, 161.80046723046223], [40.0, 2.0, 2.0, 60.0, 166.19504064142495], [119.0, 2.0, 2.0, 60.0, 167.67977668606895], [52.0, 2.0, 2.0, 60.0, 174.34828881122837], [52.0, 2.0, 2.0, 60.0, 181.30260874245792], [445.0, 2.0, 1.0, 30.0, 186.72302338228388], [68.0, 2.0, 2.0, 60.0, 187.08816512218607], [55.0, 2.0, 2.0, 60.0, 192.75850263079985], [27.0, 2.0, 2.0, 60.0, 199.5301925701257], [129.0, 1.0, 1.0, 30.0, 205.14039082741283], [45.0, 2.0, 2.0, 60.0, 206.54063642859495], [22.0, 2.0, 1.0, 30.0, 208.1453173837751], [17.0, 1.0, 1.0, 30.0, 208.9739969202831], [24.0, 3.0, 1.0, 30.0, 210.74581448374042], [18.0, 1.0, 1.0, 30.0, 210.85151326578935], [59.0, 2.0, 3.0, 120.0, 211.68829524636791], [58.0, 2.0, 2.0, 60.0, 218.2635794691037], [79.0, 2.0, 2.0, 60.0, 238.24236082502787], [79.0, 1.0, 2.0, 60.0, 241.06005128697106], [91.0, 1.0, 1.0, 30.0, 242.4802497949752], [62.0, 2.0, 2.0, 60.0, 244.4690310645114], [134.0, 3.0, 2.0, 60.0, 246.27574217918595], [80.0, 2.0, 2.0, 60.0, 246.92391019530396], [22.0, 2.0, 2.0, 60.0, 252.340535869662], [79.0, 1.0, 1.0, 30.0, 259.21978013724924], [107.0, 2.0, 2.0, 60.0, 266.7588257904633], [53.0, 2.0, 2.0, 60.0, 293.3082397692622], [55.0, 3.0, 1.0, 30.0, 303.841540943146], [17.0, 1.0, 1.0, 30.0, 312.06587014562393], [46.0, 3.0, 2.0, 60.0, 317.28332755550696], [84.0, 1.0, 1.0, 30.0, 320.2459485503109], [29.0, 3.0, 1.0, 30.0, 320.46821633167013], [93.0, 2.0, 2.0, 60.0, 325.25123026577114], [10.0, 1.0, 1.0, 30.0, 328.35814570323583], [72.0, 3.0, 1.0, 30.0, 335.8979525787838], [105.0, 1.0, 2.0, 60.0, 346.037960484565], [9.0, 3.0, 1.0, 30.0, 347.69830455805135], [66.0, 2.0, 1.0, 30.0, 347.94705816407], [12.0, 2.0, 2.0, 60.0, 352.5711693396838], [64.0, 1.0, 2.0, 60.0, 365.3382663386541], [134.0, 3.0, 2.0, 60.0, 369.44362432169635], [99.0, 2.0, 2.0, 60.0, 380.09833875091823], [28.0, 1.0, 1.0, 30.0, 383.8634124776174], [86.0, 2.0, 2.0, 60.0, 390.4333827158369], [100.0, 3.0, 3.0, 120.0, 391.8772976892559], [111.0, 1.0, 1.0, 30.0, 392.54938394344936], [19.0, 1.0, 1.0, 30.0, 393.26178810715084], [100.0, 3.0, 3.0, 120.0, 393.85019969752625], [47.0, 2.0, 2.0, 60.0, 394.1235652920939], [100.0, 2.0, 3.0, 120.0, 402.7065312495663], [272.0, 1.0, 1.0, 30.0, 404.9496062434009], [40.0, 2.0, 2.0, 60.0, 406.8802625567264], [81.0, 1.0, 2.0, 60.0, 411.5550592296831], [13.0, 2.0, 2.0, 60.0, 412.491396507024], [60.0, 2.0, 2.0, 60.0, 422.0828587162822], [92.0, 2.0, 2.0, 60.0, 428.54263891348444], [5.0, 1.0, 1.0, 30.0, 430.18884989348794], [32.0, 2.0, 2.0, 60.0, 431.1918089653501], [115.0, 3.0, 1.0, 30.0, 433.84690701169285]]","[1, 3, 6, 9, 20, 21, 25, 27, 28, 31, 32]","[[0, 2, 0], [2, 0], [0, 1, 2, 0]]","[2, 0, 2, 0, 0, 2, 2, 0, 0, 2, 0]",200,10
20,72.50139048099518,0.016436215241750082,0.2001657219413798,2.6983757538133633,4.1933223517236,23.093084056800453,86.26503859102803,311.31113506983684,389.364279146012,43,0.06333333333333332,0.06825893165230691,0.009710110506454312,"[2, 2, 0]","[153.80307327712762, 104.48285287173636, 94.22099372357522]",6,6000,"[[ 0.          9.06486917 11.53698237  9.55130464  8.82008633]
 [ 9.06486917  0.          2.49123252  1.41055218  0.82378191]
 [11.53698237  2.49123252  0.          2.45397156  3.30121008]
 [ 9.55130464  1.41055218  2.45397156  0.          1.31021738]
 [ 8.82008633  0.82378191  3.30121008  1.31021738  0.        ]]","[[20.0, 2.0, 2.0, 60.0, 0.0], [45.0, 1.0, 2.0, 60.0, 0.0], [100.0, 2.0, 2.0, 60.0, 0.0], [46.0, 2.0, 1.0, 30.0, 0.0], [29.0, 3.0, 1.0, 30.0, 0.0], [89.0, 2.0, 2.0, 60.0, 0.0], [21.0, 1.0, 2.0, 60.0, 0.0], [110.0, 1.0, 1.0, 30.0, 0.0], [30.0, 2.0, 2.0, 60.0, 0.0], [53.0, 2.0, 2.0, 60.0, 0.0], [35.0, 3.0, 1.0, 30.0, 0.0], [29.0, 3.0, 1.0, 30.0, 0.0], [85.0, 3.0, 2.0, 60.0, 0.0], [21.0, 3.0, 2.0, 60.0, 0.0], [48.0, 2.0, 2.0, 60.0, 0.0], [45.0, 2.0, 2.0, 60.0, 0.0], [88.0, 3.0, 3.0, 120.0, 0.0], [58.0, 2.0, 2.0, 60.0, 0.0], [141.0, 1.0, 2.0, 60.0, 0.0], [445.0, 1.0, 1.0, 30.0, 0.0], [55.0, 2.0, 2.0, 60.0, 0.0], [100.0, 1.0, 3.0, 120.0, 0.0], [25.0, 2.0, 2.0, 60.0, 0.0], [4.0, 1.0, 1.0, 30.0, 0.0], [73.0, 3.0, 2.0, 60.0, 12.021043019829973], [11.0, 1.0, 2.0, 60.0, 23.70199129895224], [24.0, 2.0, 2.0, 60.0, 35.625796298323515], [80.0, 2.0, 2.0, 60.0, 37.02476774758143], [16.0, 2.0, 1.0, 30.0, 37.456954746073315], [45.0, 2.0, 2.0, 60.0, 44.72025732460407], [47.0, 2.0, 2.0, 60.0, 51.770060795891936], [104.0, 2.0, 2.0, 60.0, 67.39154057863942], [79.0, 2.0, 2.0, 60.0, 67.78801156455697], [65.0, 2.0, 2.0, 60.0, 73.02081579727279], [10.0, 3.0, 1.0, 30.0, 73.37299733126183], [92.0, 2.0, 2.0, 60.0, 78.81811547138163], [34.0, 2.0, 2.0, 60.0, 87.47475223580068], [23.0, 1.0, 1.0, 30.0, 89.40922635875023], [55.0, 2.0, 2.0, 60.0, 95.5671546720581], [184.0, 3.0, 2.0, 60.0, 96.33602094118923], [121.0, 3.0, 2.0, 60.0, 96.7939072781402], [61.0, 2.0, 2.0, 60.0, 98.36980328880216], [90.0, 2.0, 2.0, 60.0, 102.87579966565295], [18.0, 1.0, 1.0, 30.0, 104.9407263143454], [13.0, 1.0, 1.0, 30.0, 111.17765606341352], [184.0, 2.0, 2.0, 60.0, 112.29553792447513], [59.0, 3.0, 2.0, 60.0, 121.48538924519744], [87.0, 3.0, 1.0, 30.0, 127.62081856126873], [76.0, 1.0, 1.0, 30.0, 130.89979933108373], [64.0, 2.0, 2.0, 60.0, 132.98523286264282], [79.0, 1.0, 1.0, 30.0, 135.25183130913413], [74.0, 1.0, 1.0, 30.0, 135.6372170444124], [132.0, 1.0, 1.0, 30.0, 136.53537831628518], [13.0, 1.0, 1.0, 30.0, 139.96198057430644], [37.0, 1.0, 1.0, 30.0, 141.90538175510554], [3.0, 1.0, 2.0, 60.0, 148.22641604293108], [105.0, 1.0, 1.0, 30.0, 151.7688691800117], [19.0, 2.0, 2.0, 60.0, 152.9585189515018], [17.0, 2.0, 2.0, 60.0, 155.26396063278915], [45.0, 3.0, 2.0, 60.0, 158.4717443187417], [41.0, 2.0, 2.0, 60.0, 160.19091112593068], [14.0, 3.0, 2.0, 60.0, 161.80046723046223], [40.0, 2.0, 2.0, 60.0, 166.19504064142495], [119.0, 2.0, 2.0, 60.0, 167.67977668606895], [52.0, 2.0, 2.0, 60.0, 174.34828881122837], [52.0, 2.0, 2.0, 60.0, 181.30260874245792], [445.0, 2.0, 1.0, 30.0, 186.72302338228388], [68.0, 2.0, 2.0, 60.0, 187.08816512218607], [55.0, 2.0, 2.0, 60.0, 192.75850263079985], [27.0, 2.0, 2.0, 60.0, 199.5301925701257], [129.0, 1.0, 1.0, 30.0, 205.14039082741283], [45.0, 2.0, 2.0, 60.0, 206.54063642859495], [22.0, 2.0, 1.0, 30.0, 208.1453173837751], [17.0, 1.0, 1.0, 30.0, 208.9739969202831], [24.0, 3.0, 1.0, 30.0, 210.74581448374042], [18.0, 1.0, 1.0, 30.0, 210.85151326578935], [59.0, 2.0, 3.0, 120.0, 211.68829524636791], [58.0, 2.0, 2.0, 60.0, 218.2635794691037], [79.0, 2.0, 2.0, 60.0, 238.24236082502787], [79.0, 1.0, 2.0, 60.0, 241.06005128697106], [91.0, 1.0, 1.0, 30.0, 242.4802497949752], [62.0, 2.0, 2.0, 60.0, 244.4690310645114], [134.0, 3.0, 2.0, 60.0, 246.27574217918595], [80.0, 2.0, 2.0, 60.0, 246.92391019530396], [22.0, 2.0, 2.0, 60.0, 252.340535869662], [79.0, 1.0, 1.0, 30.0, 259.21978013724924], [107.0, 2.0, 2.0, 60.0, 266.7588257904633], [53.0, 2.0, 2.0, 60.0, 293.3082397692622], [55.0, 3.0, 1.0, 30.0, 303.841540943146], [17.0, 1.0, 1.0, 30.0, 312.06587014562393], [46.0, 3.0, 2.0, 60.0, 317.28332755550696], [84.0, 1.0, 1.0, 30.0, 320.2459485503109], [29.0, 3.0, 1.0, 30.0, 320.46821633167013], [93.0, 2.0, 2.0, 60.0, 325.25123026577114], [10.0, 1.0, 1.0, 30.0, 328.35814570323583], [72.0, 3.0, 1.0, 30.0, 335.8979525787838], [105.0, 1.0, 2.0, 60.0, 346.037960484565], [9.0, 3.0, 1.0, 30.0, 347.69830455805135], [66.0, 2.0, 1.0, 30.0, 347.94705816407], [12.0, 2.0, 2.0, 60.0, 352.5711693396838], [64.0, 1.0, 2.0, 60.0, 365.3382663386541], [134.0, 3.0, 2.0, 60.0, 369.44362432169635], [99.0, 2.0, 2.0, 60.0, 380.09833875091823], [28.0, 1.0, 1.0, 30.0, 383.8634124776174], [86.0, 2.0, 2.0, 60.0, 390.4333827158369], [100.0, 3.0, 3.0, 120.0, 391.8772976892559], [111.0, 1.0, 1.0, 30.0, 392.54938394344936], [19.0, 1.0, 1.0, 30.0, 393.26178810715084], [100.0, 3.0, 3.0, 120.0, 393.85019969752625], [47.0, 2.0, 2.0, 60.0, 394.1235652920939], [100.0, 2.0, 3.0, 120.0, 402.7065312495663], [272.0, 1.0, 1.0, 30.0, 404.9496062434009], [40.0, 2.0, 2.0, 60.0, 406.8802625567264], [81.0, 1.0, 2.0, 60.0, 411.5550592296831], [13.0, 2.0, 2.0, 60.0, 412.491396507024], [60.0, 2.0, 2.0, 60.0, 422.0828587162822], [92.0, 2.0, 2.0, 60.0, 428.54263891348444], [5.0, 1.0, 1.0, 30.0, 430.18884989348794], [32.0, 2.0, 2.0, 60.0, 431.1918089653501], [115.0, 3.0, 1.0, 30.0, 433.84690701169285]]","[1, 6, 21, 25, 31, 32]","[[2, 0], [2, 0], [0, 1, 2, 0]]","[2, 2, 2, 2, 2, 2]",200,10
21,73.51782669623694,0.014876635869344075,0.29999999999999993,13.236351007472127,6.442558104489148,34.9639705759251,90.7802215609405,1542.6512905262398,1674.4693368242647,4,0.1831011904761905,0.34675515741975826,0.043793581937365794,"[2, 2, 0]","[142.26609090430983, 104.48285287173636, 94.22099372357522]",6,6000,"[[ 0.          9.17722869 11.65465686  9.66366417  8.93244585]
 [ 9.17722869  0.          2.49123252  1.41055218  0.82378191]
 [11.65465686  2.49123252  0.          2.45397156  3.30121008]
 [ 9.66366417  1.41055218  2.45397156  0.          1.31021738]
 [ 8.93244585  0.82378191  3.30121008  1.31021738  0.        ]]","[[20.0, 2.0, 2.0, 60.0, 0.0], [45.0, 1.0, 2.0, 60.0, 0.0], [100.0, 2.0, 2.0, 60.0, 0.0], [46.0, 2.0, 1.0, 30.0, 0.0], [29.0, 3.0, 1.0, 30.0, 0.0], [89.0, 2.0, 2.0, 60.0, 0.0], [21.0, 1.0, 2.0, 60.0, 0.0], [110.0, 1.0, 1.0, 30.0, 0.0], [30.0, 2.0, 2.0, 60.0, 0.0], [53.0, 2.0, 2.0, 60.0, 0.0], [35.0, 3.0, 1.0, 30.0, 0.0], [29.0, 3.0, 1.0, 30.0, 0.0], [85.0, 3.0, 2.0, 60.0, 0.0], [21.0, 3.0, 2.0, 60.0, 0.0], [48.0, 2.0, 2.0, 60.0, 0.0], [45.0, 2.0, 2.0, 60.0, 0.0], [88.0, 3.0, 3.0, 120.0, 0.0], [58.0, 2.0, 2.0, 60.0, 0.0], [141.0, 1.0, 2.0, 60.0, 0.0], [445.0, 1.0, 1.0, 30.0, 0.0], [55.0, 2.0, 2.0, 60.0, 0.0], [100.0, 1.0, 3.0, 120.0, 0.0], [25.0, 2.0, 2.0, 60.0, 0.0], [4.0, 1.0, 1.0, 30.0, 0.0], [73.0, 3.0, 2.0, 60.0, 12.021043019829973], [11.0, 1.0, 2.0, 60.0, 23.70199129895224], [24.0, 2.0, 2.0, 60.0, 35.625796298323515], [80.0, 2.0, 2.0, 60.0, 37.02476774758143], [16.0, 2.0, 1.0, 30.0, 37.456954746073315], [45.0, 2.0, 2.0, 60.0, 44.72025732460407], [47.0, 2.0, 2.0, 60.0, 51.770060795891936], [104.0, 2.0, 2.0, 60.0, 67.39154057863942], [79.0, 2.0, 2.0, 60.0, 67.78801156455697], [65.0, 2.0, 2.0, 60.0, 73.02081579727279], [10.0, 3.0, 1.0, 30.0, 73.37299733126183], [92.0, 2.0, 2.0, 60.0, 78.81811547138163], [34.0, 2.0, 2.0, 60.0, 87.47475223580068], [23.0, 1.0, 1.0, 30.0, 89.40922635875023], [55.0, 2.0, 2.0, 60.0, 95.5671546720581], [184.0, 3.0, 2.0, 60.0, 96.33602094118923], [121.0, 3.0, 2.0, 60.0, 96.7939072781402], [61.0, 2.0, 2.0, 60.0, 98.36980328880216], [90.0, 2.0, 2.0, 60.0, 102.87579966565295], [18.0, 1.0, 1.0, 30.0, 104.9407263143454], [13.0, 1.0, 1.0, 30.0, 111.17765606341352], [184.0, 2.0, 2.0, 60.0, 112.29553792447513], [59.0, 3.0, 2.0, 60.0, 121.48538924519744], [87.0, 3.0, 1.0, 30.0, 127.62081856126873], [76.0, 1.0, 1.0, 30.0, 130.89979933108373], [64.0, 2.0, 2.0, 60.0, 132.98523286264282], [79.0, 1.0, 1.0, 30.0, 135.25183130913413], [74.0, 1.0, 1.0, 30.0, 135.6372170444124], [132.0, 1.0, 1.0, 30.0, 136.53537831628518], [13.0, 1.0, 1.0, 30.0, 139.96198057430644], [37.0, 1.0, 1.0, 30.0, 141.90538175510554], [3.0, 1.0, 2.0, 60.0, 148.22641604293108], [105.0, 1.0, 1.0, 30.0, 151.7688691800117], [19.0, 2.0, 2.0, 60.0, 152.9585189515018], [17.0, 2.0, 2.0, 60.0, 155.26396063278915], [45.0, 3.0, 2.0, 60.0, 158.4717443187417], [41.0, 2.0, 2.0, 60.0, 160.19091112593068], [14.0, 3.0, 2.0, 60.0, 161.80046723046223], [40.0, 2.0, 2.0, 60.0, 166.19504064142495], [119.0, 2.0, 2.0, 60.0, 167.67977668606895], [52.0, 2.0, 2.0, 60.0, 174.34828881122837], [52.0, 2.0, 2.0, 60.0, 181.30260874245792], [445.0, 2.0, 1.0, 30.0, 186.72302338228388], [68.0, 2.0, 2.0, 60.0, 187.08816512218607], [55.0, 2.0, 2.0, 60.0, 192.75850263079985], [27.0, 2.0, 2.0, 60.0, 199.5301925701257], [129.0, 1.0, 1.0, 30.0, 205.14039082741283], [45.0, 2.0, 2.0, 60.0, 206.54063642859495], [22.0, 2.0, 1.0, 30.0, 208.1453173837751], [17.0, 1.0, 1.0, 30.0, 208.9739969202831], [24.0, 3.0, 1.0, 30.0, 210.74581448374042], [18.0, 1.0, 1.0, 30.0, 210.85151326578935], [59.0, 2.0, 3.0, 120.0, 211.68829524636791], [58.0, 2.0, 2.0, 60.0, 218.2635794691037], [79.0, 2.0, 2.0, 60.0, 238.24236082502787], [79.0, 1.0, 2.0, 60.0, 241.06005128697106], [91.0, 1.0, 1.0, 30.0, 242.4802497949752], [62.0, 2.0, 2.0, 60.0, 244.4690310645114], [134.0, 3.0, 2.0, 60.0, 246.27574217918595], [80.0, 2.0, 2.0, 60.0, 246.92391019530396], [22.0, 2.0, 2.0, 60.0, 252.340535869662], [79.0, 1.0, 1.0, 30.0, 259.21978013724924], [107.0, 2.0, 2.0, 60.0, 266.7588257904633], [53.0, 2.0, 2.0, 60.0, 293.3082397692622], [55.0, 3.0, 1.0, 30.0, 303.841540943146], [17.0, 1.0, 1.0, 30.0, 312.06587014562393], [46.0, 3.0, 2.0, 60.0, 317.28332755550696], [84.0, 1.0, 1.0, 30.0, 320.2459485503109], [29.0, 3.0, 1.0, 30.0, 320.46821633167013], [93.0, 2.0, 2.0, 60.0, 325.25123026577114], [10.0, 1.0, 1.0, 30.0, 328.35814570323583], [72.0, 3.0, 1.0, 30.0, 335.8979525787838], [105.0, 1.0, 2.0, 60.0, 346.037960484565], [9.0, 3.0, 1.0, 30.0, 347.69830455805135], [66.0, 2.0, 1.0, 30.0, 347.94705816407], [12.0, 2.0, 2.0, 60.0, 352.5711693396838], [64.0, 1.0, 2.0, 60.0, 365.3382663386541], [134.0, 3.0, 2.0, 60.0, 369.44362432169635], [99.0, 2.0, 2.0, 60.0, 380.09833875091823], [28.0, 1.0, 1.0, 30.0, 383.8634124776174], [86.0, 2.0, 2.0, 60.0, 390.4333827158369], [100.0, 3.0, 3.0, 120.0, 391.8772976892559], [111.0, 1.0, 1.0, 30.0, 392.54938394344936], [19.0, 1.0, 1.0, 30.0, 393.26178810715084], [100.0, 3.0, 3.0, 120.0, 393.85019969752625], [47.0, 2.0, 2.0, 60.0, 394.1235652920939], [100.0, 2.0, 3.0, 120.0, 402.7065312495663], [272.0, 1.0, 1.0, 30.0, 404.9496062434009], [40.0, 2.0, 2.0, 60.0, 406.8802625567264], [81.0, 1.0, 2.0, 60.0, 411.5550592296831], [13.0, 2.0, 2.0, 60.0, 412.491396507024], [60.0, 2.0, 2.0, 60.0, 422.0828587162822], [92.0, 2.0, 2.0, 60.0, 428.54263891348444], [5.0, 1.0, 1.0, 30.0, 430.18884989348794], [32.0, 2.0, 2.0, 60.0, 431.1918089653501], [115.0, 3.0, 1.0, 30.0, 433.84690701169285]]","[1, 6, 21, 25, 31, 32, 33, 34]","[[2, 0, 2, 0], [2, 0, 3, 0], [0, 1, 2, 0]]","[2, 2, 2, 2, 2, 2, 0, 1]",200,10
22,79.53270333210628,0.014586218198140462,0.3,16.511171822674964,8.540125574113498,33.86222405277078,202.71953747762183,1863.6833321107179,2151.303237398228,1,0.2738333333333334,0.4958409196194963,0.0493266939540093,"[2, 0, 2]","[142.26609090430983, 104.52794554136453, 94.22099372357522]",6,6000,"[[ 0.          8.94771777 11.28740802  9.53275892  8.80154061]
 [ 8.94771777  0.          2.36659387  1.33438308  0.74761281]
 [11.28740802  2.36659387  0.          2.28362281  3.11420667]
 [ 9.53275892  1.33438308  2.28362281  0.          1.31021738]
 [ 8.80154061  0.74761281  3.11420667  1.31021738  0.        ]]","[[20.0, 2.0, 2.0, 60.0, 0.0], [45.0, 1.0, 2.0, 60.0, 0.0], [100.0, 2.0, 2.0, 60.0, 0.0], [46.0, 2.0, 1.0, 30.0, 0.0], [29.0, 3.0, 1.0, 30.0, 0.0], [89.0, 2.0, 2.0, 60.0, 0.0], [21.0, 1.0, 2.0, 60.0, 0.0], [110.0, 1.0, 1.0, 30.0, 0.0], [30.0, 2.0, 2.0, 60.0, 0.0], [53.0, 2.0, 2.0, 60.0, 0.0], [35.0, 3.0, 1.0, 30.0, 0.0], [29.0, 3.0, 1.0, 30.0, 0.0], [85.0, 3.0, 2.0, 60.0, 0.0], [21.0, 3.0, 2.0, 60.0, 0.0], [48.0, 2.0, 2.0, 60.0, 0.0], [45.0, 2.0, 2.0, 60.0, 0.0], [88.0, 3.0, 3.0, 120.0, 0.0], [58.0, 2.0, 2.0, 60.0, 0.0], [141.0, 1.0, 2.0, 60.0, 0.0], [445.0, 1.0, 1.0, 30.0, 0.0], [55.0, 2.0, 2.0, 60.0, 0.0], [100.0, 1.0, 3.0, 120.0, 0.0], [25.0, 2.0, 2.0, 60.0, 0.0], [4.0, 1.0, 1.0, 30.0, 0.0], [73.0, 3.0, 2.0, 60.0, 12.021043019829973], [11.0, 1.0, 2.0, 60.0, 23.70199129895224], [24.0, 2.0, 2.0, 60.0, 35.625796298323515], [80.0, 2.0, 2.0, 60.0, 37.02476774758143], [16.0, 2.0, 1.0, 30.0, 37.456954746073315], [45.0, 2.0, 2.0, 60.0, 44.72025732460407], [47.0, 2.0, 2.0, 60.0, 51.770060795891936], [104.0, 2.0, 2.0, 60.0, 67.39154057863942], [79.0, 2.0, 2.0, 60.0, 67.78801156455697], [65.0, 2.0, 2.0, 60.0, 73.02081579727279], [10.0, 3.0, 1.0, 30.0, 73.37299733126183], [92.0, 2.0, 2.0, 60.0, 78.81811547138163], [34.0, 2.0, 2.0, 60.0, 87.47475223580068], [23.0, 1.0, 1.0, 30.0, 89.40922635875023], [55.0, 2.0, 2.0, 60.0, 95.5671546720581], [184.0, 3.0, 2.0, 60.0, 96.33602094118923], [121.0, 3.0, 2.0, 60.0, 96.7939072781402], [61.0, 2.0, 2.0, 60.0, 98.36980328880216], [90.0, 2.0, 2.0, 60.0, 102.87579966565295], [18.0, 1.0, 1.0, 30.0, 104.9407263143454], [13.0, 1.0, 1.0, 30.0, 111.17765606341352], [184.0, 2.0, 2.0, 60.0, 112.29553792447513], [59.0, 3.0, 2.0, 60.0, 121.48538924519744], [87.0, 3.0, 1.0, 30.0, 127.62081856126873], [76.0, 1.0, 1.0, 30.0, 130.89979933108373], [64.0, 2.0, 2.0, 60.0, 132.98523286264282], [79.0, 1.0, 1.0, 30.0, 135.25183130913413], [74.0, 1.0, 1.0, 30.0, 135.6372170444124], [132.0, 1.0, 1.0, 30.0, 136.53537831628518], [13.0, 1.0, 1.0, 30.0, 139.96198057430644], [37.0, 1.0, 1.0, 30.0, 141.90538175510554], [3.0, 1.0, 2.0, 60.0, 148.22641604293108], [105.0, 1.0, 1.0, 30.0, 151.7688691800117], [19.0, 2.0, 2.0, 60.0, 152.9585189515018], [17.0, 2.0, 2.0, 60.0, 155.26396063278915], [45.0, 3.0, 2.0, 60.0, 158.4717443187417], [41.0, 2.0, 2.0, 60.0, 160.19091112593068], [14.0, 3.0, 2.0, 60.0, 161.80046723046223], [40.0, 2.0, 2.0, 60.0, 166.19504064142495], [119.0, 2.0, 2.0, 60.0, 167.67977668606895], [52.0, 2.0, 2.0, 60.0, 174.34828881122837], [52.0, 2.0, 2.0, 60.0, 181.30260874245792], [445.0, 2.0, 1.0, 30.0, 186.72302338228388], [68.0, 2.0, 2.0, 60.0, 187.08816512218607], [55.0, 2.0, 2.0, 60.0, 192.75850263079985], [27.0, 2.0, 2.0, 60.0, 199.5301925701257], [129.0, 1.0, 1.0, 30.0, 205.14039082741283], [45.0, 2.0, 2.0, 60.0, 206.54063642859495], [22.0, 2.0, 1.0, 30.0, 208.1453173837751], [17.0, 1.0, 1.0, 30.0, 208.9739969202831], [24.0, 3.0, 1.0, 30.0, 210.74581448374042], [18.0, 1.0, 1.0, 30.0, 210.85151326578935], [59.0, 2.0, 3.0, 120.0, 211.68829524636791], [58.0, 2.0, 2.0, 60.0, 218.2635794691037], [79.0, 2.0, 2.0, 60.0, 238.24236082502787], [79.0, 1.0, 2.0, 60.0, 241.06005128697106], [91.0, 1.0, 1.0, 30.0, 242.4802497949752], [62.0, 2.0, 2.0, 60.0, 244.4690310645114], [134.0, 3.0, 2.0, 60.0, 246.27574217918595], [80.0, 2.0, 2.0, 60.0, 246.92391019530396], [22.0, 2.0, 2.0, 60.0, 252.340535869662], [79.0, 1.0, 1.0, 30.0, 259.21978013724924], [107.0, 2.0, 2.0, 60.0, 266.7588257904633], [53.0, 2.0, 2.0, 60.0, 293.3082397692622], [55.0, 3.0, 1.0, 30.0, 303.841540943146], [17.0, 1.0, 1.0, 30.0, 312.06587014562393], [46.0, 3.0, 2.0, 60.0, 317.28332755550696], [84.0, 1.0, 1.0, 30.0, 320.2459485503109], [29.0, 3.0, 1.0, 30.0, 320.46821633167013], [93.0, 2.0, 2.0, 60.0, 325.25123026577114], [10.0, 1.0, 1.0, 30.0, 328.35814570323583], [72.0, 3.0, 1.0, 30.0, 335.8979525787838], [105.0, 1.0, 2.0, 60.0, 346.037960484565], [9.0, 3.0, 1.0, 30.0, 347.69830455805135], [66.0, 2.0, 1.0, 30.0, 347.94705816407], [12.0, 2.0, 2.0, 60.0, 352.5711693396838], [64.0, 1.0, 2.0, 60.0, 365.3382663386541], [134.0, 3.0, 2.0, 60.0, 369.44362432169635], [99.0, 2.0, 2.0, 60.0, 380.09833875091823], [28.0, 1.0, 1.0, 30.0, 383.8634124776174], [86.0, 2.0, 2.0, 60.0, 390.4333827158369], [100.0, 3.0, 3.0, 120.0, 391.8772976892559], [111.0, 1.0, 1.0, 30.0, 392.54938394344936], [19.0, 1.0, 1.0, 30.0, 393.26178810715084], [100.0, 3.0, 3.0, 120.0, 393.85019969752625], [47.0, 2.0, 2.0, 60.0, 394.1235652920939], [100.0, 2.0, 3.0, 120.0, 402.7065312495663], [272.0, 1.0, 1.0, 30.0, 404.9496062434009], [40.0, 2.0, 2.0, 60.0, 406.8802625567264], [81.0, 1.0, 2.0, 60.0, 411.5550592296831], [13.0, 2.0, 2.0, 60.0, 412.491396507024], [60.0, 2.0, 2.0, 60.0, 422.0828587162822], [92.0, 2.0, 2.0, 60.0, 428.54263891348444], [5.0, 1.0, 1.0, 30.0, 430.18884989348794], [32.0, 2.0, 2.0, 60.0, 431.1918089653501], [115.0, 3.0, 1.0, 30.0, 433.84690701169285]]","[1, 6, 21, 25, 32, 33, 34, 35]","[[2, 0, 2, 0], [0], [2, 0, 3, 1, 0]]","[2, 2, 2, 2, 0, 0, 2, 0]",200,10
23,84.54728955030443,0.015241905053456625,0.25925516035074625,18.44401202743092,8.966005376534085,27.572984850246534,214.50509616662484,1961.6059465203766,2323.585977924132,1,0.25133333333333335,0.42422895601247923,0.04897449523073522,"[2, 0, 2]","[142.26609090430983, 109.54253175956268, 83.04751680673809]",6,6000,"[[ 0.          8.46876127 10.6354623   9.05380242  8.32258411]
 [ 8.46876127  0.          2.16670103  1.33438308  0.74761281]
 [10.6354623   2.16670103  0.          2.32030705  2.91431384]
 [ 9.05380242  1.33438308  2.32030705  0.          1.31021738]
 [ 8.32258411  0.74761281  2.91431384  1.31021738  0.        ]]","[[20.0, 2.0, 2.0, 60.0, 0.0], [45.0, 1.0, 2.0, 60.0, 0.0], [100.0, 2.0, 2.0, 60.0, 0.0], [46.0, 2.0, 1.0, 30.0, 0.0], [29.0, 3.0, 1.0, 30.0, 0.0], [89.0, 2.0, 2.0, 60.0, 0.0], [21.0, 1.0, 2.0, 60.0, 0.0], [110.0, 1.0, 1.0, 30.0, 0.0], [30.0, 2.0, 2.0, 60.0, 0.0], [53.0, 2.0, 2.0, 60.0, 0.0], [35.0, 3.0, 1.0, 30.0, 0.0], [29.0, 3.0, 1.0, 30.0, 0.0], [85.0, 3.0, 2.0, 60.0, 0.0], [21.0, 3.0, 2.0, 60.0, 0.0], [48.0, 2.0, 2.0, 60.0, 0.0], [45.0, 2.0, 2.0, 60.0, 0.0], [88.0, 3.0, 3.0, 120.0, 0.0], [58.0, 2.0, 2.0, 60.0, 0.0], [141.0, 1.0, 2.0, 60.0, 0.0], [445.0, 1.0, 1.0, 30.0, 0.0], [55.0, 2.0, 2.0, 60.0, 0.0], [100.0, 1.0, 3.0, 120.0, 0.0], [25.0, 2.0, 2.0, 60.0, 0.0], [4.0, 1.0, 1.0, 30.0, 0.0], [73.0, 3.0, 2.0, 60.0, 12.021043019829973], [11.0, 1.0, 2.0, 60.0, 23.70199129895224], [24.0, 2.0, 2.0, 60.0, 35.625796298323515], [80.0, 2.0, 2.0, 60.0, 37.02476774758143], [16.0, 2.0, 1.0, 30.0, 37.456954746073315], [45.0, 2.0, 2.0, 60.0, 44.72025732460407], [47.0, 2.0, 2.0, 60.0, 51.770060795891936], [104.0, 2.0, 2.0, 60.0, 67.39154057863942], [79.0, 2.0, 2.0, 60.0, 67.78801156455697], [65.0, 2.0, 2.0, 60.0, 73.02081579727279], [10.0, 3.0, 1.0, 30.0, 73.37299733126183], [92.0, 2.0, 2.0, 60.0, 78.81811547138163], [34.0, 2.0, 2.0, 60.0, 87.47475223580068], [23.0, 1.0, 1.0, 30.0, 89.40922635875023], [55.0, 2.0, 2.0, 60.0, 95.5671546720581], [184.0, 3.0, 2.0, 60.0, 96.33602094118923], [121.0, 3.0, 2.0, 60.0, 96.7939072781402], [61.0, 2.0, 2.0, 60.0, 98.36980328880216], [90.0, 2.0, 2.0, 60.0, 102.87579966565295], [18.0, 1.0, 1.0, 30.0, 104.9407263143454], [13.0, 1.0, 1.0, 30.0, 111.17765606341352], [184.0, 2.0, 2.0, 60.0, 112.29553792447513], [59.0, 3.0, 2.0, 60.0, 121.48538924519744], [87.0, 3.0, 1.0, 30.0, 127.62081856126873], [76.0, 1.0, 1.0, 30.0, 130.89979933108373], [64.0, 2.0, 2.0, 60.0, 132.98523286264282], [79.0, 1.0, 1.0, 30.0, 135.25183130913413], [74.0, 1.0, 1.0, 30.0, 135.6372170444124], [132.0, 1.0, 1.0, 30.0, 136.53537831628518], [13.0, 1.0, 1.0, 30.0, 139.96198057430644], [37.0, 1.0, 1.0, 30.0, 141.90538175510554], [3.0, 1.0, 2.0, 60.0, 148.22641604293108], [105.0, 1.0, 1.0, 30.0, 151.7688691800117], [19.0, 2.0, 2.0, 60.0, 152.9585189515018], [17.0, 2.0, 2.0, 60.0, 155.26396063278915], [45.0, 3.0, 2.0, 60.0, 158.4717443187417], [41.0, 2.0, 2.0, 60.0, 160.19091112593068], [14.0, 3.0, 2.0, 60.0, 161.80046723046223], [40.0, 2.0, 2.0, 60.0, 166.19504064142495], [119.0, 2.0, 2.0, 60.0, 167.67977668606895], [52.0, 2.0, 2.0, 60.0, 174.34828881122837], [52.0, 2.0, 2.0, 60.0, 181.30260874245792], [445.0, 2.0, 1.0, 30.0, 186.72302338228388], [68.0, 2.0, 2.0, 60.0, 187.08816512218607], [55.0, 2.0, 2.0, 60.0, 192.75850263079985], [27.0, 2.0, 2.0, 60.0, 199.5301925701257], [129.0, 1.0, 1.0, 30.0, 205.14039082741283], [45.0, 2.0, 2.0, 60.0, 206.54063642859495], [22.0, 2.0, 1.0, 30.0, 208.1453173837751], [17.0, 1.0, 1.0, 30.0, 208.9739969202831], [24.0, 3.0, 1.0, 30.0, 210.74581448374042], [18.0, 1.0, 1.0, 30.0, 210.85151326578935], [59.0, 2.0, 3.0, 120.0, 211.68829524636791], [58.0, 2.0, 2.0, 60.0, 218.2635794691037], [79.0, 2.0, 2.0, 60.0, 238.24236082502787], [79.0, 1.0, 2.0, 60.0, 241.06005128697106], [91.0, 1.0, 1.0, 30.0, 242.4802497949752], [62.0, 2.0, 2.0, 60.0, 244.4690310645114], [134.0, 3.0, 2.0, 60.0, 246.27574217918595], [80.0, 2.0, 2.0, 60.0, 246.92391019530396], [22.0, 2.0, 2.0, 60.0, 252.340535869662], [79.0, 1.0, 1.0, 30.0, 259.21978013724924], [107.0, 2.0, 2.0, 60.0, 266.7588257904633], [53.0, 2.0, 2.0, 60.0, 293.3082397692622], [55.0, 3.0, 1.0, 30.0, 303.841540943146], [17.0, 1.0, 1.0, 30.0, 312.06587014562393], [46.0, 3.0, 2.0, 60.0, 317.28332755550696], [84.0, 1.0, 1.0, 30.0, 320.2459485503109], [29.0, 3.0, 1.0, 30.0, 320.46821633167013], [93.0, 2.0, 2.0, 60.0, 325.25123026577114], [10.0, 1.0, 1.0, 30.0, 328.35814570323583], [72.0, 3.0, 1.0, 30.0, 335.8979525787838], [105.0, 1.0, 2.0, 60.0, 346.037960484565], [9.0, 3.0, 1.0, 30.0, 347.69830455805135], [66.0, 2.0, 1.0, 30.0, 347.94705816407], [12.0, 2.0, 2.0, 60.0, 352.5711693396838], [64.0, 1.0, 2.0, 60.0, 365.3382663386541], [134.0, 3.0, 2.0, 60.0, 369.44362432169635], [99.0, 2.0, 2.0, 60.0, 380.09833875091823], [28.0, 1.0, 1.0, 30.0, 383.8634124776174], [86.0, 2.0, 2.0, 60.0, 390.4333827158369], [100.0, 3.0, 3.0, 120.0, 391.8772976892559], [111.0, 1.0, 1.0, 30.0, 392.54938394344936], [19.0, 1.0, 1.0, 30.0, 393.26178810715084], [100.0, 3.0, 3.0, 120.0, 393.85019969752625], [47.0, 2.0, 2.0, 60.0, 394.1235652920939], [100.0, 2.0, 3.0, 120.0, 402.7065312495663], [272.0, 1.0, 1.0, 30.0, 404.9496062434009], [40.0, 2.0, 2.0, 60.0, 406.8802625567264], [81.0, 1.0, 2.0, 60.0, 411.5550592296831], [13.0, 2.0, 2.0, 60.0, 412.491396507024], [60.0, 2.0, 2.0, 60.0, 422.0828587162822], [92.0, 2.0, 2.0, 60.0, 428.54263891348444], [5.0, 1.0, 1.0, 30.0, 430.18884989348794], [32.0, 2.0, 2.0, 60.0, 431.1918089653501], [115.0, 3.0, 1.0, 30.0, 433.84690701169285]]","[1, 6, 21, 25, 32, 33, 34, 35]","[[2, 0], [0, 3, 2, 0], [2, 0, 1, 0]]","[2, 2, 2, 2, 1, 1, 1, 1]",200,10
24,87.56253145535788,0.016337994734446207,0.20654347980059773,3.064707140550588,4.455295432329452,23.43597884270833,130.97141231939267,347.74475463656296,652.055601195561,9,0.075,0.46787388356489984,0.008289532717992631,"[0, 0, 2]","[144.773813290613, 100.50397124469556, 83.04751680673809]",6,6000,"[[ 0.          9.18005214 11.34675317  9.76891862  9.03770031]
 [ 9.18005214  0.          2.16670103  1.33438308  0.74761281]
 [11.34675317  2.16670103  0.          2.32030705  2.91431384]
 [ 9.76891862  1.33438308  2.32030705  0.          1.31021738]
 [ 9.03770031  0.74761281  2.91431384  1.31021738  0.        ]]","[[20.0, 2.0, 2.0, 60.0, 0.0], [45.0, 1.0, 2.0, 60.0, 0.0], [100.0, 2.0, 2.0, 60.0, 0.0], [46.0, 2.0, 1.0, 30.0, 0.0], [29.0, 3.0, 1.0, 30.0, 0.0], [89.0, 2.0, 2.0, 60.0, 0.0], [21.0, 1.0, 2.0, 60.0, 0.0], [110.0, 1.0, 1.0, 30.0, 0.0], [30.0, 2.0, 2.0, 60.0, 0.0], [53.0, 2.0, 2.0, 60.0, 0.0], [35.0, 3.0, 1.0, 30.0, 0.0], [29.0, 3.0, 1.0, 30.0, 0.0], [85.0, 3.0, 2.0, 60.0, 0.0], [21.0, 3.0, 2.0, 60.0, 0.0], [48.0, 2.0, 2.0, 60.0, 0.0], [45.0, 2.0, 2.0, 60.0, 0.0], [88.0, 3.0, 3.0, 120.0, 0.0], [58.0, 2.0, 2.0, 60.0, 0.0], [141.0, 1.0, 2.0, 60.0, 0.0], [445.0, 1.0, 1.0, 30.0, 0.0], [55.0, 2.0, 2.0, 60.0, 0.0], [100.0, 1.0, 3.0, 120.0, 0.0], [25.0, 2.0, 2.0, 60.0, 0.0], [4.0, 1.0, 1.0, 30.0, 0.0], [73.0, 3.0, 2.0, 60.0, 12.021043019829973], [11.0, 1.0, 2.0, 60.0, 23.70199129895224], [24.0, 2.0, 2.0, 60.0, 35.625796298323515], [80.0, 2.0, 2.0, 60.0, 37.02476774758143], [16.0, 2.0, 1.0, 30.0, 37.456954746073315], [45.0, 2.0, 2.0, 60.0, 44.72025732460407], [47.0, 2.0, 2.0, 60.0, 51.770060795891936], [104.0, 2.0, 2.0, 60.0, 67.39154057863942], [79.0, 2.0, 2.0, 60.0, 67.78801156455697], [65.0, 2.0, 2.0, 60.0, 73.02081579727279], [10.0, 3.0, 1.0, 30.0, 73.37299733126183], [92.0, 2.0, 2.0, 60.0, 78.81811547138163], [34.0, 2.0, 2.0, 60.0, 87.47475223580068], [23.0, 1.0, 1.0, 30.0, 89.40922635875023], [55.0, 2.0, 2.0, 60.0, 95.5671546720581], [184.0, 3.0, 2.0, 60.0, 96.33602094118923], [121.0, 3.0, 2.0, 60.0, 96.7939072781402], [61.0, 2.0, 2.0, 60.0, 98.36980328880216], [90.0, 2.0, 2.0, 60.0, 102.87579966565295], [18.0, 1.0, 1.0, 30.0, 104.9407263143454], [13.0, 1.0, 1.0, 30.0, 111.17765606341352], [184.0, 2.0, 2.0, 60.0, 112.29553792447513], [59.0, 3.0, 2.0, 60.0, 121.48538924519744], [87.0, 3.0, 1.0, 30.0, 127.62081856126873], [76.0, 1.0, 1.0, 30.0, 130.89979933108373], [64.0, 2.0, 2.0, 60.0, 132.98523286264282], [79.0, 1.0, 1.0, 30.0, 135.25183130913413], [74.0, 1.0, 1.0, 30.0, 135.6372170444124], [132.0, 1.0, 1.0, 30.0, 136.53537831628518], [13.0, 1.0, 1.0, 30.0, 139.96198057430644], [37.0, 1.0, 1.0, 30.0, 141.90538175510554], [3.0, 1.0, 2.0, 60.0, 148.22641604293108], [105.0, 1.0, 1.0, 30.0, 151.7688691800117], [19.0, 2.0, 2.0, 60.0, 152.9585189515018], [17.0, 2.0, 2.0, 60.0, 155.26396063278915], [45.0, 3.0, 2.0, 60.0, 158.4717443187417], [41.0, 2.0, 2.0, 60.0, 160.19091112593068], [14.0, 3.0, 2.0, 60.0, 161.80046723046223], [40.0, 2.0, 2.0, 60.0, 166.19504064142495], [119.0, 2.0, 2.0, 60.0, 167.67977668606895], [52.0, 2.0, 2.0, 60.0, 174.34828881122837], [52.0, 2.0, 2.0, 60.0, 181.30260874245792], [445.0, 2.0, 1.0, 30.0, 186.72302338228388], [68.0, 2.0, 2.0, 60.0, 187.08816512218607], [55.0, 2.0, 2.0, 60.0, 192.75850263079985], [27.0, 2.0, 2.0, 60.0, 199.5301925701257], [129.0, 1.0, 1.0, 30.0, 205.14039082741283], [45.0, 2.0, 2.0, 60.0, 206.54063642859495], [22.0, 2.0, 1.0, 30.0, 208.1453173837751], [17.0, 1.0, 1.0, 30.0, 208.9739969202831], [24.0, 3.0, 1.0, 30.0, 210.74581448374042], [18.0, 1.0, 1.0, 30.0, 210.85151326578935], [59.0, 2.0, 3.0, 120.0, 211.68829524636791], [58.0, 2.0, 2.0, 60.0, 218.2635794691037], [79.0, 2.0, 2.0, 60.0, 238.24236082502787], [79.0, 1.0, 2.0, 60.0, 241.06005128697106], [91.0, 1.0, 1.0, 30.0, 242.4802497949752], [62.0, 2.0, 2.0, 60.0, 244.4690310645114], [134.0, 3.0, 2.0, 60.0, 246.27574217918595], [80.0, 2.0, 2.0, 60.0, 246.92391019530396], [22.0, 2.0, 2.0, 60.0, 252.340535869662], [79.0, 1.0, 1.0, 30.0, 259.21978013724924], [107.0, 2.0, 2.0, 60.0, 266.7588257904633], [53.0, 2.0, 2.0, 60.0, 293.3082397692622], [55.0, 3.0, 1.0, 30.0, 303.841540943146], [17.0, 1.0, 1.0, 30.0, 312.06587014562393], [46.0, 3.0, 2.0, 60.0, 317.28332755550696], [84.0, 1.0, 1.0, 30.0, 320.2459485503109], [29.0, 3.0, 1.0, 30.0, 320.46821633167013], [93.0, 2.0, 2.0, 60.0, 325.25123026577114], [10.0, 1.0, 1.0, 30.0, 328.35814570323583], [72.0, 3.0, 1.0, 30.0, 335.8979525787838], [105.0, 1.0, 2.0, 60.0, 346.037960484565], [9.0, 3.0, 1.0, 30.0, 347.69830455805135], [66.0, 2.0, 1.0, 30.0, 347.94705816407], [12.0, 2.0, 2.0, 60.0, 352.5711693396838], [64.0, 1.0, 2.0, 60.0, 365.3382663386541], [134.0, 3.0, 2.0, 60.0, 369.44362432169635], [99.0, 2.0, 2.0, 60.0, 380.09833875091823], [28.0, 1.0, 1.0, 30.0, 383.8634124776174], [86.0, 2.0, 2.0, 60.0, 390.4333827158369], [100.0, 3.0, 3.0, 120.0, 391.8772976892559], [111.0, 1.0, 1.0, 30.0, 392.54938394344936], [19.0, 1.0, 1.0, 30.0, 393.26178810715084], [100.0, 3.0, 3.0, 120.0, 393.85019969752625], [47.0, 2.0, 2.0, 60.0, 394.1235652920939], [100.0, 2.0, 3.0, 120.0, 402.7065312495663], [272.0, 1.0, 1.0, 30.0, 404.9496062434009], [40.0, 2.0, 2.0, 60.0, 406.8802625567264], [81.0, 1.0, 2.0, 60.0, 411.5550592296831], [13.0, 2.0, 2.0, 60.0, 412.491396507024], [60.0, 2.0, 2.0, 60.0, 422.0828587162822], [92.0, 2.0, 2.0, 60.0, 428.54263891348444], [5.0, 1.0, 1.0, 30.0, 430.18884989348794], [32.0, 2.0, 2.0, 60.0, 431.1918089653501], [115.0, 3.0, 1.0, 30.0, 433.84690701169285]]","[1, 6, 21, 25, 32, 33, 34, 35, 36]","[[0, 2, 0], [0, 2, 3, 0], [2, 1, 0]]","[2, 2, 2, 2, 1, 1, 1, 1, 0]",200,10
25,89.57886945009233,0.016381212075551353,0.2071019605743248,6.53590418253452,5.480679169617476,21.65141712242699,143.06944028779932,683.294292993834,971.3189040464657,6,0.04999999999999998,0.20339266496161695,0.029411443076183402,"[0, 0, 2]","[133.4433981148605, 100.50397124469556, 83.04751680673809]",6,6000,"[[ 0.          8.28777128 10.45447231  8.87663776  8.14541945]
 [ 8.28777128  0.          2.16670103  1.33438308  0.74761281]
 [10.45447231  2.16670103  0.          2.32030705  2.91431384]
 [ 8.87663776  1.33438308  2.32030705  0.          1.31021738]
 [ 8.14541945  0.74761281  2.91431384  1.31021738  0.        ]]","[[20.0, 2.0, 2.0, 60.0, 0.0], [45.0, 1.0, 2.0, 60.0, 0.0], [100.0, 2.0, 2.0, 60.0, 0.0], [46.0, 2.0, 1.0, 30.0, 0.0], [29.0, 3.0, 1.0, 30.0, 0.0], [89.0, 2.0, 2.0, 60.0, 0.0], [21.0, 1.0, 2.0, 60.0, 0.0], [110.0, 1.0, 1.0, 30.0, 0.0], [30.0, 2.0, 2.0, 60.0, 0.0], [53.0, 2.0, 2.0, 60.0, 0.0], [35.0, 3.0, 1.0, 30.0, 0.0], [29.0, 3.0, 1.0, 30.0, 0.0], [85.0, 3.0, 2.0, 60.0, 0.0], [21.0, 3.0, 2.0, 60.0, 0.0], [48.0, 2.0, 2.0, 60.0, 0.0], [45.0, 2.0, 2.0, 60.0, 0.0], [88.0, 3.0, 3.0, 120.0, 0.0], [58.0, 2.0, 2.0, 60.0, 0.0], [141.0, 1.0, 2.0, 60.0, 0.0], [445.0, 1.0, 1.0, 30.0, 0.0], [55.0, 2.0, 2.0, 60.0, 0.0], [100.0, 1.0, 3.0, 120.0, 0.0], [25.0, 2.0, 2.0, 60.0, 0.0], [4.0, 1.0, 1.0, 30.0, 0.0], [73.0, 3.0, 2.0, 60.0, 12.021043019829973], [11.0, 1.0, 2.0, 60.0, 23.70199129895224], [24.0, 2.0, 2.0, 60.0, 35.625796298323515], [80.0, 2.0, 2.0, 60.0, 37.02476774758143], [16.0, 2.0, 1.0, 30.0, 37.456954746073315], [45.0, 2.0, 2.0, 60.0, 44.72025732460407], [47.0, 2.0, 2.0, 60.0, 51.770060795891936], [104.0, 2.0, 2.0, 60.0, 67.39154057863942], [79.0, 2.0, 2.0, 60.0, 67.78801156455697], [65.0, 2.0, 2.0, 60.0, 73.02081579727279], [10.0, 3.0, 1.0, 30.0, 73.37299733126183], [92.0, 2.0, 2.0, 60.0, 78.81811547138163], [34.0, 2.0, 2.0, 60.0, 87.47475223580068], [23.0, 1.0, 1.0, 30.0, 89.40922635875023], [55.0, 2.0, 2.0, 60.0, 95.5671546720581], [184.0, 3.0, 2.0, 60.0, 96.33602094118923], [121.0, 3.0, 2.0, 60.0, 96.7939072781402], [61.0, 2.0, 2.0, 60.0, 98.36980328880216], [90.0, 2.0, 2.0, 60.0, 102.87579966565295], [18.0, 1.0, 1.0, 30.0, 104.9407263143454], [13.0, 1.0, 1.0, 30.0, 111.17765606341352], [184.0, 2.0, 2.0, 60.0, 112.29553792447513], [59.0, 3.0, 2.0, 60.0, 121.48538924519744], [87.0, 3.0, 1.0, 30.0, 127.62081856126873], [76.0, 1.0, 1.0, 30.0, 130.89979933108373], [64.0, 2.0, 2.0, 60.0, 132.98523286264282], [79.0, 1.0, 1.0, 30.0, 135.25183130913413], [74.0, 1.0, 1.0, 30.0, 135.6372170444124], [132.0, 1.0, 1.0, 30.0, 136.53537831628518], [13.0, 1.0, 1.0, 30.0, 139.96198057430644], [37.0, 1.0, 1.0, 30.0, 141.90538175510554], [3.0, 1.0, 2.0, 60.0, 148.22641604293108], [105.0, 1.0, 1.0, 30.0, 151.7688691800117], [19.0, 2.0, 2.0, 60.0, 152.9585189515018], [17.0, 2.0, 2.0, 60.0, 155.26396063278915], [45.0, 3.0, 2.0, 60.0, 158.4717443187417], [41.0, 2.0, 2.0, 60.0, 160.19091112593068], [14.0, 3.0, 2.0, 60.0, 161.80046723046223], [40.0, 2.0, 2.0, 60.0, 166.19504064142495], [119.0, 2.0, 2.0, 60.0, 167.67977668606895], [52.0, 2.0, 2.0, 60.0, 174.34828881122837], [52.0, 2.0, 2.0, 60.0, 181.30260874245792], [445.0, 2.0, 1.0, 30.0, 186.72302338228388], [68.0, 2.0, 2.0, 60.0, 187.08816512218607], [55.0, 2.0, 2.0, 60.0, 192.75850263079985], [27.0, 2.0, 2.0, 60.0, 199.5301925701257], [129.0, 1.0, 1.0, 30.0, 205.14039082741283], [45.0, 2.0, 2.0, 60.0, 206.54063642859495], [22.0, 2.0, 1.0, 30.0, 208.1453173837751], [17.0, 1.0, 1.0, 30.0, 208.9739969202831], [24.0, 3.0, 1.0, 30.0, 210.74581448374042], [18.0, 1.0, 1.0, 30.0, 210.85151326578935], [59.0, 2.0, 3.0, 120.0, 211.68829524636791], [58.0, 2.0, 2.0, 60.0, 218.2635794691037], [79.0, 2.0, 2.0, 60.0, 238.24236082502787], [79.0, 1.0, 2.0, 60.0, 241.06005128697106], [91.0, 1.0, 1.0, 30.0, 242.4802497949752], [62.0, 2.0, 2.0, 60.0, 244.4690310645114], [134.0, 3.0, 2.0, 60.0, 246.27574217918595], [80.0, 2.0, 2.0, 60.0, 246.92391019530396], [22.0, 2.0, 2.0, 60.0, 252.340535869662], [79.0, 1.0, 1.0, 30.0, 259.21978013724924], [107.0, 2.0, 2.0, 60.0, 266.7588257904633], [53.0, 2.0, 2.0, 60.0, 293.3082397692622], [55.0, 3.0, 1.0, 30.0, 303.841540943146], [17.0, 1.0, 1.0, 30.0, 312.06587014562393], [46.0, 3.0, 2.0, 60.0, 317.28332755550696], [84.0, 1.0, 1.0, 30.0, 320.2459485503109], [29.0, 3.0, 1.0, 30.0, 320.46821633167013], [93.0, 2.0, 2.0, 60.0, 325.25123026577114], [10.0, 1.0, 1.0, 30.0, 328.35814570323583], [72.0, 3.0, 1.0, 30.0, 335.8979525787838], [105.0, 1.0, 2.0, 60.0, 346.037960484565], [9.0, 3.0, 1.0, 30.0, 347.69830455805135], [66.0, 2.0, 1.0, 30.0, 347.94705816407], [12.0, 2.0, 2.0, 60.0, 352.5711693396838], [64.0, 1.0, 2.0, 60.0, 365.3382663386541], [134.0, 3.0, 2.0, 60.0, 369.44362432169635], [99.0, 2.0, 2.0, 60.0, 380.09833875091823], [28.0, 1.0, 1.0, 30.0, 383.8634124776174], [86.0, 2.0, 2.0, 60.0, 390.4333827158369], [100.0, 3.0, 3.0, 120.0, 391.8772976892559], [111.0, 1.0, 1.0, 30.0, 392.54938394344936], [19.0, 1.0, 1.0, 30.0, 393.26178810715084], [100.0, 3.0, 3.0, 120.0, 393.85019969752625], [47.0, 2.0, 2.0, 60.0, 394.1235652920939], [100.0, 2.0, 3.0, 120.0, 402.7065312495663], [272.0, 1.0, 1.0, 30.0, 404.9496062434009], [40.0, 2.0, 2.0, 60.0, 406.8802625567264], [81.0, 1.0, 2.0, 60.0, 411.5550592296831], [13.0, 2.0, 2.0, 60.0, 412.491396507024], [60.0, 2.0, 2.0, 60.0, 422.0828587162822], [92.0, 2.0, 2.0, 60.0, 428.54263891348444], [5.0, 1.0, 1.0, 30.0, 430.18884989348794], [32.0, 2.0, 2.0, 60.0, 431.1918089653501], [115.0, 3.0, 1.0, 30.0, 433.84690701169285]]","[1, 6, 21, 25, 32, 33, 34, 35, 36, 37]","[[0, 2, 1, 0], [0, 3, 2, 0], [2, 1, 0]]","[2, 2, 2, 2, 1, 1, 1, 1, 0, 0]",200,10
26,96.59525066216789,0.015835638840993246,0.2844655856669652,10.737018775175539,7.860433294884797,31.193363234520326,224.5540841639614,1177.3787184999708,1532.9294740169908,2,0.12136363636363635,0.5827377563062748,0.033665571943637694,"[0, 3, 0]","[133.4433981148605, 100.50397124469556, 87.92200100176441]",6,6000,"[[ 0.          8.7310938  10.96560175  9.26215974  8.54620482]
 [ 8.7310938   0.          2.23450795  1.25490196  0.76999275]
 [10.96560175  2.23450795  0.          2.35493871  3.0045007 ]
 [ 9.26215974  1.25490196  2.35493871  0.          1.30105869]
 [ 8.54620482  0.76999275  3.0045007   1.30105869  0.        ]]","[[20.0, 2.0, 2.0, 60.0, 0.0], [45.0, 1.0, 2.0, 60.0, 0.0], [100.0, 2.0, 2.0, 60.0, 0.0], [46.0, 2.0, 1.0, 30.0, 0.0], [29.0, 3.0, 1.0, 30.0, 0.0], [89.0, 2.0, 2.0, 60.0, 0.0], [21.0, 1.0, 2.0, 60.0, 0.0], [110.0, 1.0, 1.0, 30.0, 0.0], [30.0, 2.0, 2.0, 60.0, 0.0], [53.0, 2.0, 2.0, 60.0, 0.0], [35.0, 3.0, 1.0, 30.0, 0.0], [29.0, 3.0, 1.0, 30.0, 0.0], [85.0, 3.0, 2.0, 60.0, 0.0], [21.0, 3.0, 2.0, 60.0, 0.0], [48.0, 2.0, 2.0, 60.0, 0.0], [45.0, 2.0, 2.0, 60.0, 0.0], [88.0, 3.0, 3.0, 120.0, 0.0], [58.0, 2.0, 2.0, 60.0, 0.0], [141.0, 1.0, 2.0, 60.0, 0.0], [445.0, 1.0, 1.0, 30.0, 0.0], [55.0, 2.0, 2.0, 60.0, 0.0], [100.0, 1.0, 3.0, 120.0, 0.0], [25.0, 2.0, 2.0, 60.0, 0.0], [4.0, 1.0, 1.0, 30.0, 0.0], [73.0, 3.0, 2.0, 60.0, 12.021043019829973], [11.0, 1.0, 2.0, 60.0, 23.70199129895224], [24.0, 2.0, 2.0, 60.0, 35.625796298323515], [80.0, 2.0, 2.0, 60.0, 37.02476774758143], [16.0, 2.0, 1.0, 30.0, 37.456954746073315], [45.0, 2.0, 2.0, 60.0, 44.72025732460407], [47.0, 2.0, 2.0, 60.0, 51.770060795891936], [104.0, 2.0, 2.0, 60.0, 67.39154057863942], [79.0, 2.0, 2.0, 60.0, 67.78801156455697], [65.0, 2.0, 2.0, 60.0, 73.02081579727279], [10.0, 3.0, 1.0, 30.0, 73.37299733126183], [92.0, 2.0, 2.0, 60.0, 78.81811547138163], [34.0, 2.0, 2.0, 60.0, 87.47475223580068], [23.0, 1.0, 1.0, 30.0, 89.40922635875023], [55.0, 2.0, 2.0, 60.0, 95.5671546720581], [184.0, 3.0, 2.0, 60.0, 96.33602094118923], [121.0, 3.0, 2.0, 60.0, 96.7939072781402], [61.0, 2.0, 2.0, 60.0, 98.36980328880216], [90.0, 2.0, 2.0, 60.0, 102.87579966565295], [18.0, 1.0, 1.0, 30.0, 104.9407263143454], [13.0, 1.0, 1.0, 30.0, 111.17765606341352], [184.0, 2.0, 2.0, 60.0, 112.29553792447513], [59.0, 3.0, 2.0, 60.0, 121.48538924519744], [87.0, 3.0, 1.0, 30.0, 127.62081856126873], [76.0, 1.0, 1.0, 30.0, 130.89979933108373], [64.0, 2.0, 2.0, 60.0, 132.98523286264282], [79.0, 1.0, 1.0, 30.0, 135.25183130913413], [74.0, 1.0, 1.0, 30.0, 135.6372170444124], [132.0, 1.0, 1.0, 30.0, 136.53537831628518], [13.0, 1.0, 1.0, 30.0, 139.96198057430644], [37.0, 1.0, 1.0, 30.0, 141.90538175510554], [3.0, 1.0, 2.0, 60.0, 148.22641604293108], [105.0, 1.0, 1.0, 30.0, 151.7688691800117], [19.0, 2.0, 2.0, 60.0, 152.9585189515018], [17.0, 2.0, 2.0, 60.0, 155.26396063278915], [45.0, 3.0, 2.0, 60.0, 158.4717443187417], [41.0, 2.0, 2.0, 60.0, 160.19091112593068], [14.0, 3.0, 2.0, 60.0, 161.80046723046223], [40.0, 2.0, 2.0, 60.0, 166.19504064142495], [119.0, 2.0, 2.0, 60.0, 167.67977668606895], [52.0, 2.0, 2.0, 60.0, 174.34828881122837], [52.0, 2.0, 2.0, 60.0, 181.30260874245792], [445.0, 2.0, 1.0, 30.0, 186.72302338228388], [68.0, 2.0, 2.0, 60.0, 187.08816512218607], [55.0, 2.0, 2.0, 60.0, 192.75850263079985], [27.0, 2.0, 2.0, 60.0, 199.5301925701257], [129.0, 1.0, 1.0, 30.0, 205.14039082741283], [45.0, 2.0, 2.0, 60.0, 206.54063642859495], [22.0, 2.0, 1.0, 30.0, 208.1453173837751], [17.0, 1.0, 1.0, 30.0, 208.9739969202831], [24.0, 3.0, 1.0, 30.0, 210.74581448374042], [18.0, 1.0, 1.0, 30.0, 210.85151326578935], [59.0, 2.0, 3.0, 120.0, 211.68829524636791], [58.0, 2.0, 2.0, 60.0, 218.2635794691037], [79.0, 2.0, 2.0, 60.0, 238.24236082502787], [79.0, 1.0, 2.0, 60.0, 241.06005128697106], [91.0, 1.0, 1.0, 30.0, 242.4802497949752], [62.0, 2.0, 2.0, 60.0, 244.4690310645114], [134.0, 3.0, 2.0, 60.0, 246.27574217918595], [80.0, 2.0, 2.0, 60.0, 246.92391019530396], [22.0, 2.0, 2.0, 60.0, 252.340535869662], [79.0, 1.0, 1.0, 30.0, 259.21978013724924], [107.0, 2.0, 2.0, 60.0, 266.7588257904633], [53.0, 2.0, 2.0, 60.0, 293.3082397692622], [55.0, 3.0, 1.0, 30.0, 303.841540943146], [17.0, 1.0, 1.0, 30.0, 312.06587014562393], [46.0, 3.0, 2.0, 60.0, 317.28332755550696], [84.0, 1.0, 1.0, 30.0, 320.2459485503109], [29.0, 3.0, 1.0, 30.0, 320.46821633167013], [93.0, 2.0, 2.0, 60.0, 325.25123026577114], [10.0, 1.0, 1.0, 30.0, 328.35814570323583], [72.0, 3.0, 1.0, 30.0, 335.8979525787838], [105.0, 1.0, 2.0, 60.0, 346.037960484565], [9.0, 3.0, 1.0, 30.0, 347.69830455805135], [66.0, 2.0, 1.0, 30.0, 347.94705816407], [12.0, 2.0, 2.0, 60.0, 352.5711693396838], [64.0, 1.0, 2.0, 60.0, 365.3382663386541], [134.0, 3.0, 2.0, 60.0, 369.44362432169635], [99.0, 2.0, 2.0, 60.0, 380.09833875091823], [28.0, 1.0, 1.0, 30.0, 383.8634124776174], [86.0, 2.0, 2.0, 60.0, 390.4333827158369], [100.0, 3.0, 3.0, 120.0, 391.8772976892559], [111.0, 1.0, 1.0, 30.0, 392.54938394344936], [19.0, 1.0, 1.0, 30.0, 393.26178810715084], [100.0, 3.0, 3.0, 120.0, 393.85019969752625], [47.0, 2.0, 2.0, 60.0, 394.1235652920939], [100.0, 2.0, 3.0, 120.0, 402.7065312495663], [272.0, 1.0, 1.0, 30.0, 404.9496062434009], [40.0, 2.0, 2.0, 60.0, 406.8802625567264], [81.0, 1.0, 2.0, 60.0, 411.5550592296831], [13.0, 2.0, 2.0, 60.0, 412.491396507024], [60.0, 2.0, 2.0, 60.0, 422.0828587162822], [92.0, 2.0, 2.0, 60.0, 428.54263891348444], [5.0, 1.0, 1.0, 30.0, 430.18884989348794], [32.0, 2.0, 2.0, 60.0, 431.1918089653501], [115.0, 3.0, 1.0, 30.0, 433.84690701169285]]","[1, 6, 21, 25, 32, 33, 35, 36, 37, 38, 39]","[[0, 3, 2, 0], [3, 0, 2, 0], [0, 1, 0]]","[2, 2, 2, 2, 1, 1, 1, 0, 2, 1, 0]",200,10
27,97.61108630100888,0.01736228068669637,0.20643143191093832,12.48382079785285,9.263161498379489,22.532199607611787,230.64909799700737,1362.6216680230812,1731.4433336740005,1,0.12291666666666666,0.38531597033451515,0.009472891173928636,"[0, 3, 0]","[133.4433981148605, 91.24181150629134, 79.20674284246232]",6,6000,"[[ 0.          8.7310938  10.91510115  9.26215974  8.54620482]
 [ 8.7310938   0.          2.18400736  1.25490196  0.76999275]
 [10.91510115  2.18400736  0.          2.35493871  2.95400011]
 [ 9.26215974  1.25490196  2.35493871  0.          1.30105869]
 [ 8.54620482  0.76999275  2.95400011  1.30105869  0.        ]]","[[20.0, 2.0, 2.0, 60.0, 0.0], [45.0, 1.0, 2.0, 60.0, 0.0], [100.0, 2.0, 2.0, 60.0, 0.0], [46.0, 2.0, 1.0, 30.0, 0.0], [29.0, 3.0, 1.0, 30.0, 0.0], [89.0, 2.0, 2.0, 60.0, 0.0], [21.0, 1.0, 2.0, 60.0, 0.0], [110.0, 1.0, 1.0, 30.0, 0.0], [30.0, 2.0, 2.0, 60.0, 0.0], [53.0, 2.0, 2.0, 60.0, 0.0], [35.0, 3.0, 1.0, 30.0, 0.0], [29.0, 3.0, 1.0, 30.0, 0.0], [85.0, 3.0, 2.0, 60.0, 0.0], [21.0, 3.0, 2.0, 60.0, 0.0], [48.0, 2.0, 2.0, 60.0, 0.0], [45.0, 2.0, 2.0, 60.0, 0.0], [88.0, 3.0, 3.0, 120.0, 0.0], [58.0, 2.0, 2.0, 60.0, 0.0], [141.0, 1.0, 2.0, 60.0, 0.0], [445.0, 1.0, 1.0, 30.0, 0.0], [55.0, 2.0, 2.0, 60.0, 0.0], [100.0, 1.0, 3.0, 120.0, 0.0], [25.0, 2.0, 2.0, 60.0, 0.0], [4.0, 1.0, 1.0, 30.0, 0.0], [73.0, 3.0, 2.0, 60.0, 12.021043019829973], [11.0, 1.0, 2.0, 60.0, 23.70199129895224], [24.0, 2.0, 2.0, 60.0, 35.625796298323515], [80.0, 2.0, 2.0, 60.0, 37.02476774758143], [16.0, 2.0, 1.0, 30.0, 37.456954746073315], [45.0, 2.0, 2.0, 60.0, 44.72025732460407], [47.0, 2.0, 2.0, 60.0, 51.770060795891936], [104.0, 2.0, 2.0, 60.0, 67.39154057863942], [79.0, 2.0, 2.0, 60.0, 67.78801156455697], [65.0, 2.0, 2.0, 60.0, 73.02081579727279], [10.0, 3.0, 1.0, 30.0, 73.37299733126183], [92.0, 2.0, 2.0, 60.0, 78.81811547138163], [34.0, 2.0, 2.0, 60.0, 87.47475223580068], [23.0, 1.0, 1.0, 30.0, 89.40922635875023], [55.0, 2.0, 2.0, 60.0, 95.5671546720581], [184.0, 3.0, 2.0, 60.0, 96.33602094118923], [121.0, 3.0, 2.0, 60.0, 96.7939072781402], [61.0, 2.0, 2.0, 60.0, 98.36980328880216], [90.0, 2.0, 2.0, 60.0, 102.87579966565295], [18.0, 1.0, 1.0, 30.0, 104.9407263143454], [13.0, 1.0, 1.0, 30.0, 111.17765606341352], [184.0, 2.0, 2.0, 60.0, 112.29553792447513], [59.0, 3.0, 2.0, 60.0, 121.48538924519744], [87.0, 3.0, 1.0, 30.0, 127.62081856126873], [76.0, 1.0, 1.0, 30.0, 130.89979933108373], [64.0, 2.0, 2.0, 60.0, 132.98523286264282], [79.0, 1.0, 1.0, 30.0, 135.25183130913413], [74.0, 1.0, 1.0, 30.0, 135.6372170444124], [132.0, 1.0, 1.0, 30.0, 136.53537831628518], [13.0, 1.0, 1.0, 30.0, 139.96198057430644], [37.0, 1.0, 1.0, 30.0, 141.90538175510554], [3.0, 1.0, 2.0, 60.0, 148.22641604293108], [105.0, 1.0, 1.0, 30.0, 151.7688691800117], [19.0, 2.0, 2.0, 60.0, 152.9585189515018], [17.0, 2.0, 2.0, 60.0, 155.26396063278915], [45.0, 3.0, 2.0, 60.0, 158.4717443187417], [41.0, 2.0, 2.0, 60.0, 160.19091112593068], [14.0, 3.0, 2.0, 60.0, 161.80046723046223], [40.0, 2.0, 2.0, 60.0, 166.19504064142495], [119.0, 2.0, 2.0, 60.0, 167.67977668606895], [52.0, 2.0, 2.0, 60.0, 174.34828881122837], [52.0, 2.0, 2.0, 60.0, 181.30260874245792], [445.0, 2.0, 1.0, 30.0, 186.72302338228388], [68.0, 2.0, 2.0, 60.0, 187.08816512218607], [55.0, 2.0, 2.0, 60.0, 192.75850263079985], [27.0, 2.0, 2.0, 60.0, 199.5301925701257], [129.0, 1.0, 1.0, 30.0, 205.14039082741283], [45.0, 2.0, 2.0, 60.0, 206.54063642859495], [22.0, 2.0, 1.0, 30.0, 208.1453173837751], [17.0, 1.0, 1.0, 30.0, 208.9739969202831], [24.0, 3.0, 1.0, 30.0, 210.74581448374042], [18.0, 1.0, 1.0, 30.0, 210.85151326578935], [59.0, 2.0, 3.0, 120.0, 211.68829524636791], [58.0, 2.0, 2.0, 60.0, 218.2635794691037], [79.0, 2.0, 2.0, 60.0, 238.24236082502787], [79.0, 1.0, 2.0, 60.0, 241.06005128697106], [91.0, 1.0, 1.0, 30.0, 242.4802497949752], [62.0, 2.0, 2.0, 60.0, 244.4690310645114], [134.0, 3.0, 2.0, 60.0, 246.27574217918595], [80.0, 2.0, 2.0, 60.0, 246.92391019530396], [22.0, 2.0, 2.0, 60.0, 252.340535869662], [79.0, 1.0, 1.0, 30.0, 259.21978013724924], [107.0, 2.0, 2.0, 60.0, 266.7588257904633], [53.0, 2.0, 2.0, 60.0, 293.3082397692622], [55.0, 3.0, 1.0, 30.0, 303.841540943146], [17.0, 1.0, 1.0, 30.0, 312.06587014562393], [46.0, 3.0, 2.0, 60.0, 317.28332755550696], [84.0, 1.0, 1.0, 30.0, 320.2459485503109], [29.0, 3.0, 1.0, 30.0, 320.46821633167013], [93.0, 2.0, 2.0, 60.0, 325.25123026577114], [10.0, 1.0, 1.0, 30.0, 328.35814570323583], [72.0, 3.0, 1.0, 30.0, 335.8979525787838], [105.0, 1.0, 2.0, 60.0, 346.037960484565], [9.0, 3.0, 1.0, 30.0, 347.69830455805135], [66.0, 2.0, 1.0, 30.0, 347.94705816407], [12.0, 2.0, 2.0, 60.0, 352.5711693396838], [64.0, 1.0, 2.0, 60.0, 365.3382663386541], [134.0, 3.0, 2.0, 60.0, 369.44362432169635], [99.0, 2.0, 2.0, 60.0, 380.09833875091823], [28.0, 1.0, 1.0, 30.0, 383.8634124776174], [86.0, 2.0, 2.0, 60.0, 390.4333827158369], [100.0, 3.0, 3.0, 120.0, 391.8772976892559], [111.0, 1.0, 1.0, 30.0, 392.54938394344936], [19.0, 1.0, 1.0, 30.0, 393.26178810715084], [100.0, 3.0, 3.0, 120.0, 393.85019969752625], [47.0, 2.0, 2.0, 60.0, 394.1235652920939], [100.0, 2.0, 3.0, 120.0, 402.7065312495663], [272.0, 1.0, 1.0, 30.0, 404.9496062434009], [40.0, 2.0, 2.0, 60.0, 406.8802625567264], [81.0, 1.0, 2.0, 60.0, 411.5550592296831], [13.0, 2.0, 2.0, 60.0, 412.491396507024], [60.0, 2.0, 2.0, 60.0, 422.0828587162822], [92.0, 2.0, 2.0, 60.0, 428.54263891348444], [5.0, 1.0, 1.0, 30.0, 430.18884989348794], [32.0, 2.0, 2.0, 60.0, 431.1918089653501], [115.0, 3.0, 1.0, 30.0, 433.84690701169285]]","[1, 6, 21, 25, 32, 33, 35, 36, 37, 38, 39, 40]","[[0, 3, 2, 0], [3, 2, 0], [0, 1, 2, 0]]","[2, 2, 2, 2, 1, 1, 1, 0, 2, 2, 0, 0]",200,10
28,98.62844858169558,0.01854169766108195,0.28624482840520377,14.112089552345223,9.22605059430067,32.10236779163434,239.04030599597274,1582.6713504027482,1974.5210688628474,2,0.14342307692307688,0.3250302927400418,0.008906551337506032,"[0, 3, 0]","[133.4433981148605, 91.24181150629134, 79.20674284246232]",6,6000,"[[ 0.          9.11226618 11.21500359  9.6723606   8.9273772 ]
 [ 9.11226618  0.          2.10273741  1.28393044  0.76999275]
 [11.21500359  2.10273741  0.          2.30509704  2.87273016]
 [ 9.6723606   1.28393044  2.30509704  0.          1.33008717]
 [ 8.9273772   0.76999275  2.87273016  1.33008717  0.        ]]","[[20.0, 2.0, 2.0, 60.0, 0.0], [45.0, 1.0, 2.0, 60.0, 0.0], [100.0, 2.0, 2.0, 60.0, 0.0], [46.0, 2.0, 1.0, 30.0, 0.0], [29.0, 3.0, 1.0, 30.0, 0.0], [89.0, 2.0, 2.0, 60.0, 0.0], [21.0, 1.0, 2.0, 60.0, 0.0], [110.0, 1.0, 1.0, 30.0, 0.0], [30.0, 2.0, 2.0, 60.0, 0.0], [53.0, 2.0, 2.0, 60.0, 0.0], [35.0, 3.0, 1.0, 30.0, 0.0], [29.0, 3.0, 1.0, 30.0, 0.0], [85.0, 3.0, 2.0, 60.0, 0.0], [21.0, 3.0, 2.0, 60.0, 0.0], [48.0, 2.0, 2.0, 60.0, 0.0], [45.0, 2.0, 2.0, 60.0, 0.0], [88.0, 3.0, 3.0, 120.0, 0.0], [58.0, 2.0, 2.0, 60.0, 0.0], [141.0, 1.0, 2.0, 60.0, 0.0], [445.0, 1.0, 1.0, 30.0, 0.0], [55.0, 2.0, 2.0, 60.0, 0.0], [100.0, 1.0, 3.0, 120.0, 0.0], [25.0, 2.0, 2.0, 60.0, 0.0], [4.0, 1.0, 1.0, 30.0, 0.0], [73.0, 3.0, 2.0, 60.0, 12.021043019829973], [11.0, 1.0, 2.0, 60.0, 23.70199129895224], [24.0, 2.0, 2.0, 60.0, 35.625796298323515], [80.0, 2.0, 2.0, 60.0, 37.02476774758143], [16.0, 2.0, 1.0, 30.0, 37.456954746073315], [45.0, 2.0, 2.0, 60.0, 44.72025732460407], [47.0, 2.0, 2.0, 60.0, 51.770060795891936], [104.0, 2.0, 2.0, 60.0, 67.39154057863942], [79.0, 2.0, 2.0, 60.0, 67.78801156455697], [65.0, 2.0, 2.0, 60.0, 73.02081579727279], [10.0, 3.0, 1.0, 30.0, 73.37299733126183], [92.0, 2.0, 2.0, 60.0, 78.81811547138163], [34.0, 2.0, 2.0, 60.0, 87.47475223580068], [23.0, 1.0, 1.0, 30.0, 89.40922635875023], [55.0, 2.0, 2.0, 60.0, 95.5671546720581], [184.0, 3.0, 2.0, 60.0, 96.33602094118923], [121.0, 3.0, 2.0, 60.0, 96.7939072781402], [61.0, 2.0, 2.0, 60.0, 98.36980328880216], [90.0, 2.0, 2.0, 60.0, 102.87579966565295], [18.0, 1.0, 1.0, 30.0, 104.9407263143454], [13.0, 1.0, 1.0, 30.0, 111.17765606341352], [184.0, 2.0, 2.0, 60.0, 112.29553792447513], [59.0, 3.0, 2.0, 60.0, 121.48538924519744], [87.0, 3.0, 1.0, 30.0, 127.62081856126873], [76.0, 1.0, 1.0, 30.0, 130.89979933108373], [64.0, 2.0, 2.0, 60.0, 132.98523286264282], [79.0, 1.0, 1.0, 30.0, 135.25183130913413], [74.0, 1.0, 1.0, 30.0, 135.6372170444124], [132.0, 1.0, 1.0, 30.0, 136.53537831628518], [13.0, 1.0, 1.0, 30.0, 139.96198057430644], [37.0, 1.0, 1.0, 30.0, 141.90538175510554], [3.0, 1.0, 2.0, 60.0, 148.22641604293108], [105.0, 1.0, 1.0, 30.0, 151.7688691800117], [19.0, 2.0, 2.0, 60.0, 152.9585189515018], [17.0, 2.0, 2.0, 60.0, 155.26396063278915], [45.0, 3.0, 2.0, 60.0, 158.4717443187417], [41.0, 2.0, 2.0, 60.0, 160.19091112593068], [14.0, 3.0, 2.0, 60.0, 161.80046723046223], [40.0, 2.0, 2.0, 60.0, 166.19504064142495], [119.0, 2.0, 2.0, 60.0, 167.67977668606895], [52.0, 2.0, 2.0, 60.0, 174.34828881122837], [52.0, 2.0, 2.0, 60.0, 181.30260874245792], [445.0, 2.0, 1.0, 30.0, 186.72302338228388], [68.0, 2.0, 2.0, 60.0, 187.08816512218607], [55.0, 2.0, 2.0, 60.0, 192.75850263079985], [27.0, 2.0, 2.0, 60.0, 199.5301925701257], [129.0, 1.0, 1.0, 30.0, 205.14039082741283], [45.0, 2.0, 2.0, 60.0, 206.54063642859495], [22.0, 2.0, 1.0, 30.0, 208.1453173837751], [17.0, 1.0, 1.0, 30.0, 208.9739969202831], [24.0, 3.0, 1.0, 30.0, 210.74581448374042], [18.0, 1.0, 1.0, 30.0, 210.85151326578935], [59.0, 2.0, 3.0, 120.0, 211.68829524636791], [58.0, 2.0, 2.0, 60.0, 218.2635794691037], [79.0, 2.0, 2.0, 60.0, 238.24236082502787], [79.0, 1.0, 2.0, 60.0, 241.06005128697106], [91.0, 1.0, 1.0, 30.0, 242.4802497949752], [62.0, 2.0, 2.0, 60.0, 244.4690310645114], [134.0, 3.0, 2.0, 60.0, 246.27574217918595], [80.0, 2.0, 2.0, 60.0, 246.92391019530396], [22.0, 2.0, 2.0, 60.0, 252.340535869662], [79.0, 1.0, 1.0, 30.0, 259.21978013724924], [107.0, 2.0, 2.0, 60.0, 266.7588257904633], [53.0, 2.0, 2.0, 60.0, 293.3082397692622], [55.0, 3.0, 1.0, 30.0, 303.841540943146], [17.0, 1.0, 1.0, 30.0, 312.06587014562393], [46.0, 3.0, 2.0, 60.0, 317.28332755550696], [84.0, 1.0, 1.0, 30.0, 320.2459485503109], [29.0, 3.0, 1.0, 30.0, 320.46821633167013], [93.0, 2.0, 2.0, 60.0, 325.25123026577114], [10.0, 1.0, 1.0, 30.0, 328.35814570323583], [72.0, 3.0, 1.0, 30.0, 335.8979525787838], [105.0, 1.0, 2.0, 60.0, 346.037960484565], [9.0, 3.0, 1.0, 30.0, 347.69830455805135], [66.0, 2.0, 1.0, 30.0, 347.94705816407], [12.0, 2.0, 2.0, 60.0, 352.5711693396838], [64.0, 1.0, 2.0, 60.0, 365.3382663386541], [134.0, 3.0, 2.0, 60.0, 369.44362432169635], [99.0, 2.0, 2.0, 60.0, 380.09833875091823], [28.0, 1.0, 1.0, 30.0, 383.8634124776174], [86.0, 2.0, 2.0, 60.0, 390.4333827158369], [100.0, 3.0, 3.0, 120.0, 391.8772976892559], [111.0, 1.0, 1.0, 30.0, 392.54938394344936], [19.0, 1.0, 1.0, 30.0, 393.26178810715084], [100.0, 3.0, 3.0, 120.0, 393.85019969752625], [47.0, 2.0, 2.0, 60.0, 394.1235652920939], [100.0, 2.0, 3.0, 120.0, 402.7065312495663], [272.0, 1.0, 1.0, 30.0, 404.9496062434009], [40.0, 2.0, 2.0, 60.0, 406.8802625567264], [81.0, 1.0, 2.0, 60.0, 411.5550592296831], [13.0, 2.0, 2.0, 60.0, 412.491396507024], [60.0, 2.0, 2.0, 60.0, 422.0828587162822], [92.0, 2.0, 2.0, 60.0, 428.54263891348444], [5.0, 1.0, 1.0, 30.0, 430.18884989348794], [32.0, 2.0, 2.0, 60.0, 431.1918089653501], [115.0, 3.0, 1.0, 30.0, 433.84690701169285]]","[1, 6, 21, 25, 32, 33, 35, 36, 37, 38, 39, 40, 41]","[[0, 3, 2, 0], [3, 0, 2, 0], [0, 1, 0]]","[2, 2, 2, 2, 1, 1, 1, 0, 2, 1, 0, 0, 0]",200,10
29,100.64699027935666,0.017041027545928955,0.2930295601491024,15.336151836658695,9.606141352410283,34.10073082975143,350.21547414892893,1784.714093281207,2271.479558847367,1,0.14225000000000002,0.4176911029209813,0.010825152578585141,"[2, 3, 0]","[133.4433981148605, 91.24181150629134, 79.20674284246232]",6,6000,"[[ 0.          9.22505705 11.63730062  9.75499944  8.9730697 ]
 [ 9.22505705  0.          2.41224357  1.40800808  0.7985736 ]
 [11.63730062  2.41224357  0.          2.6146032   3.16887001]
 [ 9.75499944  1.40800808  2.6146032   0.          1.27692015]
 [ 8.9730697   0.7985736   3.16887001  1.27692015  0.        ]]","[[20.0, 2.0, 2.0, 60.0, 0.0], [45.0, 1.0, 2.0, 60.0, 0.0], [100.0, 2.0, 2.0, 60.0, 0.0], [46.0, 2.0, 1.0, 30.0, 0.0], [29.0, 3.0, 1.0, 30.0, 0.0], [89.0, 2.0, 2.0, 60.0, 0.0], [21.0, 1.0, 2.0, 60.0, 0.0], [110.0, 1.0, 1.0, 30.0, 0.0], [30.0, 2.0, 2.0, 60.0, 0.0], [53.0, 2.0, 2.0, 60.0, 0.0], [35.0, 3.0, 1.0, 30.0, 0.0], [29.0, 3.0, 1.0, 30.0, 0.0], [85.0, 3.0, 2.0, 60.0, 0.0], [21.0, 3.0, 2.0, 60.0, 0.0], [48.0, 2.0, 2.0, 60.0, 0.0], [45.0, 2.0, 2.0, 60.0, 0.0], [88.0, 3.0, 3.0, 120.0, 0.0], [58.0, 2.0, 2.0, 60.0, 0.0], [141.0, 1.0, 2.0, 60.0, 0.0], [445.0, 1.0, 1.0, 30.0, 0.0], [55.0, 2.0, 2.0, 60.0, 0.0], [100.0, 1.0, 3.0, 120.0, 0.0], [25.0, 2.0, 2.0, 60.0, 0.0], [4.0, 1.0, 1.0, 30.0, 0.0], [73.0, 3.0, 2.0, 60.0, 12.021043019829973], [11.0, 1.0, 2.0, 60.0, 23.70199129895224], [24.0, 2.0, 2.0, 60.0, 35.625796298323515], [80.0, 2.0, 2.0, 60.0, 37.02476774758143], [16.0, 2.0, 1.0, 30.0, 37.456954746073315], [45.0, 2.0, 2.0, 60.0, 44.72025732460407], [47.0, 2.0, 2.0, 60.0, 51.770060795891936], [104.0, 2.0, 2.0, 60.0, 67.39154057863942], [79.0, 2.0, 2.0, 60.0, 67.78801156455697], [65.0, 2.0, 2.0, 60.0, 73.02081579727279], [10.0, 3.0, 1.0, 30.0, 73.37299733126183], [92.0, 2.0, 2.0, 60.0, 78.81811547138163], [34.0, 2.0, 2.0, 60.0, 87.47475223580068], [23.0, 1.0, 1.0, 30.0, 89.40922635875023], [55.0, 2.0, 2.0, 60.0, 95.5671546720581], [184.0, 3.0, 2.0, 60.0, 96.33602094118923], [121.0, 3.0, 2.0, 60.0, 96.7939072781402], [61.0, 2.0, 2.0, 60.0, 98.36980328880216], [90.0, 2.0, 2.0, 60.0, 102.87579966565295], [18.0, 1.0, 1.0, 30.0, 104.9407263143454], [13.0, 1.0, 1.0, 30.0, 111.17765606341352], [184.0, 2.0, 2.0, 60.0, 112.29553792447513], [59.0, 3.0, 2.0, 60.0, 121.48538924519744], [87.0, 3.0, 1.0, 30.0, 127.62081856126873], [76.0, 1.0, 1.0, 30.0, 130.89979933108373], [64.0, 2.0, 2.0, 60.0, 132.98523286264282], [79.0, 1.0, 1.0, 30.0, 135.25183130913413], [74.0, 1.0, 1.0, 30.0, 135.6372170444124], [132.0, 1.0, 1.0, 30.0, 136.53537831628518], [13.0, 1.0, 1.0, 30.0, 139.96198057430644], [37.0, 1.0, 1.0, 30.0, 141.90538175510554], [3.0, 1.0, 2.0, 60.0, 148.22641604293108], [105.0, 1.0, 1.0, 30.0, 151.7688691800117], [19.0, 2.0, 2.0, 60.0, 152.9585189515018], [17.0, 2.0, 2.0, 60.0, 155.26396063278915], [45.0, 3.0, 2.0, 60.0, 158.4717443187417], [41.0, 2.0, 2.0, 60.0, 160.19091112593068], [14.0, 3.0, 2.0, 60.0, 161.80046723046223], [40.0, 2.0, 2.0, 60.0, 166.19504064142495], [119.0, 2.0, 2.0, 60.0, 167.67977668606895], [52.0, 2.0, 2.0, 60.0, 174.34828881122837], [52.0, 2.0, 2.0, 60.0, 181.30260874245792], [445.0, 2.0, 1.0, 30.0, 186.72302338228388], [68.0, 2.0, 2.0, 60.0, 187.08816512218607], [55.0, 2.0, 2.0, 60.0, 192.75850263079985], [27.0, 2.0, 2.0, 60.0, 199.5301925701257], [129.0, 1.0, 1.0, 30.0, 205.14039082741283], [45.0, 2.0, 2.0, 60.0, 206.54063642859495], [22.0, 2.0, 1.0, 30.0, 208.1453173837751], [17.0, 1.0, 1.0, 30.0, 208.9739969202831], [24.0, 3.0, 1.0, 30.0, 210.74581448374042], [18.0, 1.0, 1.0, 30.0, 210.85151326578935], [59.0, 2.0, 3.0, 120.0, 211.68829524636791], [58.0, 2.0, 2.0, 60.0, 218.2635794691037], [79.0, 2.0, 2.0, 60.0, 238.24236082502787], [79.0, 1.0, 2.0, 60.0, 241.06005128697106], [91.0, 1.0, 1.0, 30.0, 242.4802497949752], [62.0, 2.0, 2.0, 60.0, 244.4690310645114], [134.0, 3.0, 2.0, 60.0, 246.27574217918595], [80.0, 2.0, 2.0, 60.0, 246.92391019530396], [22.0, 2.0, 2.0, 60.0, 252.340535869662], [79.0, 1.0, 1.0, 30.0, 259.21978013724924], [107.0, 2.0, 2.0, 60.0, 266.7588257904633], [53.0, 2.0, 2.0, 60.0, 293.3082397692622], [55.0, 3.0, 1.0, 30.0, 303.841540943146], [17.0, 1.0, 1.0, 30.0, 312.06587014562393], [46.0, 3.0, 2.0, 60.0, 317.28332755550696], [84.0, 1.0, 1.0, 30.0, 320.2459485503109], [29.0, 3.0, 1.0, 30.0, 320.46821633167013], [93.0, 2.0, 2.0, 60.0, 325.25123026577114], [10.0, 1.0, 1.0, 30.0, 328.35814570323583], [72.0, 3.0, 1.0, 30.0, 335.8979525787838], [105.0, 1.0, 2.0, 60.0, 346.037960484565], [9.0, 3.0, 1.0, 30.0, 347.69830455805135], [66.0, 2.0, 1.0, 30.0, 347.94705816407], [12.0, 2.0, 2.0, 60.0, 352.5711693396838], [64.0, 1.0, 2.0, 60.0, 365.3382663386541], [134.0, 3.0, 2.0, 60.0, 369.44362432169635], [99.0, 2.0, 2.0, 60.0, 380.09833875091823], [28.0, 1.0, 1.0, 30.0, 383.8634124776174], [86.0, 2.0, 2.0, 60.0, 390.4333827158369], [100.0, 3.0, 3.0, 120.0, 391.8772976892559], [111.0, 1.0, 1.0, 30.0, 392.54938394344936], [19.0, 1.0, 1.0, 30.0, 393.26178810715084], [100.0, 3.0, 3.0, 120.0, 393.85019969752625], [47.0, 2.0, 2.0, 60.0, 394.1235652920939], [100.0, 2.0, 3.0, 120.0, 402.7065312495663], [272.0, 1.0, 1.0, 30.0, 404.9496062434009], [40.0, 2.0, 2.0, 60.0, 406.8802625567264], [81.0, 1.0, 2.0, 60.0, 411.5550592296831], [13.0, 2.0, 2.0, 60.0, 412.491396507024], [60.0, 2.0, 2.0, 60.0, 422.0828587162822], [92.0, 2.0, 2.0, 60.0, 428.54263891348444], [5.0, 1.0, 1.0, 30.0, 430.18884989348794], [32.0, 2.0, 2.0, 60.0, 431.1918089653501], [115.0, 3.0, 1.0, 30.0, 433.84690701169285]]","[1, 6, 21, 25, 32, 33, 35, 37, 38, 39, 40, 41]","[[2, 0], [3, 0, 3, 2, 0], [0, 1, 3, 0]]","[2, 2, 2, 2, 1, 1, 1, 2, 1, 1, 2, 1]",200,10
30,103.66403130690259,0.01785568396250407,0.30000000000000004,17.406724571996342,8.800593142829703,33.327828099292276,269.2992504165908,1933.7610810240699,2424.8150176308354,3,0.1658974358974359,0.4686942188206554,0.009812427696218382,"[2, 3, 0]","[121.80609749153776, 91.24181150629134, 79.20674284246232]",6,6000,"[[ 0.          9.11984086 11.10927603  9.82419677  8.99582775]
 [ 9.11984086  0.          1.98943517  1.40800808  0.80491335]
 [11.10927603  1.98943517  0.          2.08479369  2.64540025]
 [ 9.82419677  1.40800808  2.08479369  0.          1.28325991]
 [ 8.99582775  0.80491335  2.64540025  1.28325991  0.        ]]","[[20.0, 2.0, 2.0, 60.0, 0.0], [45.0, 1.0, 2.0, 60.0, 0.0], [100.0, 2.0, 2.0, 60.0, 0.0], [46.0, 2.0, 1.0, 30.0, 0.0], [29.0, 3.0, 1.0, 30.0, 0.0], [89.0, 2.0, 2.0, 60.0, 0.0], [21.0, 1.0, 2.0, 60.0, 0.0], [110.0, 1.0, 1.0, 30.0, 0.0], [30.0, 2.0, 2.0, 60.0, 0.0], [53.0, 2.0, 2.0, 60.0, 0.0], [35.0, 3.0, 1.0, 30.0, 0.0], [29.0, 3.0, 1.0, 30.0, 0.0], [85.0, 3.0, 2.0, 60.0, 0.0], [21.0, 3.0, 2.0, 60.0, 0.0], [48.0, 2.0, 2.0, 60.0, 0.0], [45.0, 2.0, 2.0, 60.0, 0.0], [88.0, 3.0, 3.0, 120.0, 0.0], [58.0, 2.0, 2.0, 60.0, 0.0], [141.0, 1.0, 2.0, 60.0, 0.0], [445.0, 1.0, 1.0, 30.0, 0.0], [55.0, 2.0, 2.0, 60.0, 0.0], [100.0, 1.0, 3.0, 120.0, 0.0], [25.0, 2.0, 2.0, 60.0, 0.0], [4.0, 1.0, 1.0, 30.0, 0.0], [73.0, 3.0, 2.0, 60.0, 12.021043019829973], [11.0, 1.0, 2.0, 60.0, 23.70199129895224], [24.0, 2.0, 2.0, 60.0, 35.625796298323515], [80.0, 2.0, 2.0, 60.0, 37.02476774758143], [16.0, 2.0, 1.0, 30.0, 37.456954746073315], [45.0, 2.0, 2.0, 60.0, 44.72025732460407], [47.0, 2.0, 2.0, 60.0, 51.770060795891936], [104.0, 2.0, 2.0, 60.0, 67.39154057863942], [79.0, 2.0, 2.0, 60.0, 67.78801156455697], [65.0, 2.0, 2.0, 60.0, 73.02081579727279], [10.0, 3.0, 1.0, 30.0, 73.37299733126183], [92.0, 2.0, 2.0, 60.0, 78.81811547138163], [34.0, 2.0, 2.0, 60.0, 87.47475223580068], [23.0, 1.0, 1.0, 30.0, 89.40922635875023], [55.0, 2.0, 2.0, 60.0, 95.5671546720581], [184.0, 3.0, 2.0, 60.0, 96.33602094118923], [121.0, 3.0, 2.0, 60.0, 96.7939072781402], [61.0, 2.0, 2.0, 60.0, 98.36980328880216], [90.0, 2.0, 2.0, 60.0, 102.87579966565295], [18.0, 1.0, 1.0, 30.0, 104.9407263143454], [13.0, 1.0, 1.0, 30.0, 111.17765606341352], [184.0, 2.0, 2.0, 60.0, 112.29553792447513], [59.0, 3.0, 2.0, 60.0, 121.48538924519744], [87.0, 3.0, 1.0, 30.0, 127.62081856126873], [76.0, 1.0, 1.0, 30.0, 130.89979933108373], [64.0, 2.0, 2.0, 60.0, 132.98523286264282], [79.0, 1.0, 1.0, 30.0, 135.25183130913413], [74.0, 1.0, 1.0, 30.0, 135.6372170444124], [132.0, 1.0, 1.0, 30.0, 136.53537831628518], [13.0, 1.0, 1.0, 30.0, 139.96198057430644], [37.0, 1.0, 1.0, 30.0, 141.90538175510554], [3.0, 1.0, 2.0, 60.0, 148.22641604293108], [105.0, 1.0, 1.0, 30.0, 151.7688691800117], [19.0, 2.0, 2.0, 60.0, 152.9585189515018], [17.0, 2.0, 2.0, 60.0, 155.26396063278915], [45.0, 3.0, 2.0, 60.0, 158.4717443187417], [41.0, 2.0, 2.0, 60.0, 160.19091112593068], [14.0, 3.0, 2.0, 60.0, 161.80046723046223], [40.0, 2.0, 2.0, 60.0, 166.19504064142495], [119.0, 2.0, 2.0, 60.0, 167.67977668606895], [52.0, 2.0, 2.0, 60.0, 174.34828881122837], [52.0, 2.0, 2.0, 60.0, 181.30260874245792], [445.0, 2.0, 1.0, 30.0, 186.72302338228388], [68.0, 2.0, 2.0, 60.0, 187.08816512218607], [55.0, 2.0, 2.0, 60.0, 192.75850263079985], [27.0, 2.0, 2.0, 60.0, 199.5301925701257], [129.0, 1.0, 1.0, 30.0, 205.14039082741283], [45.0, 2.0, 2.0, 60.0, 206.54063642859495], [22.0, 2.0, 1.0, 30.0, 208.1453173837751], [17.0, 1.0, 1.0, 30.0, 208.9739969202831], [24.0, 3.0, 1.0, 30.0, 210.74581448374042], [18.0, 1.0, 1.0, 30.0, 210.85151326578935], [59.0, 2.0, 3.0, 120.0, 211.68829524636791], [58.0, 2.0, 2.0, 60.0, 218.2635794691037], [79.0, 2.0, 2.0, 60.0, 238.24236082502787], [79.0, 1.0, 2.0, 60.0, 241.06005128697106], [91.0, 1.0, 1.0, 30.0, 242.4802497949752], [62.0, 2.0, 2.0, 60.0, 244.4690310645114], [134.0, 3.0, 2.0, 60.0, 246.27574217918595], [80.0, 2.0, 2.0, 60.0, 246.92391019530396], [22.0, 2.0, 2.0, 60.0, 252.340535869662], [79.0, 1.0, 1.0, 30.0, 259.21978013724924], [107.0, 2.0, 2.0, 60.0, 266.7588257904633], [53.0, 2.0, 2.0, 60.0, 293.3082397692622], [55.0, 3.0, 1.0, 30.0, 303.841540943146], [17.0, 1.0, 1.0, 30.0, 312.06587014562393], [46.0, 3.0, 2.0, 60.0, 317.28332755550696], [84.0, 1.0, 1.0, 30.0, 320.2459485503109], [29.0, 3.0, 1.0, 30.0, 320.46821633167013], [93.0, 2.0, 2.0, 60.0, 325.25123026577114], [10.0, 1.0, 1.0, 30.0, 328.35814570323583], [72.0, 3.0, 1.0, 30.0, 335.8979525787838], [105.0, 1.0, 2.0, 60.0, 346.037960484565], [9.0, 3.0, 1.0, 30.0, 347.69830455805135], [66.0, 2.0, 1.0, 30.0, 347.94705816407], [12.0, 2.0, 2.0, 60.0, 352.5711693396838], [64.0, 1.0, 2.0, 60.0, 365.3382663386541], [134.0, 3.0, 2.0, 60.0, 369.44362432169635], [99.0, 2.0, 2.0, 60.0, 380.09833875091823], [28.0, 1.0, 1.0, 30.0, 383.8634124776174], [86.0, 2.0, 2.0, 60.0, 390.4333827158369], [100.0, 3.0, 3.0, 120.0, 391.8772976892559], [111.0, 1.0, 1.0, 30.0, 392.54938394344936], [19.0, 1.0, 1.0, 30.0, 393.26178810715084], [100.0, 3.0, 3.0, 120.0, 393.85019969752625], [47.0, 2.0, 2.0, 60.0, 394.1235652920939], [100.0, 2.0, 3.0, 120.0, 402.7065312495663], [272.0, 1.0, 1.0, 30.0, 404.9496062434009], [40.0, 2.0, 2.0, 60.0, 406.8802625567264], [81.0, 1.0, 2.0, 60.0, 411.5550592296831], [13.0, 2.0, 2.0, 60.0, 412.491396507024], [60.0, 2.0, 2.0, 60.0, 422.0828587162822], [92.0, 2.0, 2.0, 60.0, 428.54263891348444], [5.0, 1.0, 1.0, 30.0, 430.18884989348794], [32.0, 2.0, 2.0, 60.0, 431.1918089653501], [115.0, 3.0, 1.0, 30.0, 433.84690701169285]]","[1, 6, 21, 25, 32, 33, 35, 37, 38, 39, 40, 41, 42]","[[2, 0, 2, 0], [3, 0, 2, 3, 0], [0, 1, 2, 0]]","[2, 2, 2, 2, 1, 1, 1, 2, 1, 1, 1, 2, 0]",200,10
31,105.6818869908651,0.019224969546000163,0.2999999999999999,25.10185198857505,12.348062633891287,29.84132873148627,274.9338307777973,2496.9087232006023,2994.3227998942143,2,0.16914285714285712,0.6922694088852795,0.026472434494760392,"[2, 3, 0]","[121.80609749153776, 91.24181150629134, 79.20674284246232]",6,6000,"[[0.         8.04108191 9.94710958 8.63367086 7.98604412]
 [8.04108191 0.         1.92793943 1.05023438 0.63869605]
 [9.94710958 1.92793943 0.         2.08479369 2.46465797]
 [8.63367086 1.05023438 2.08479369 0.         1.10251762]
 [7.98604412 0.63869605 2.46465797 1.10251762 0.        ]]","[[20.0, 2.0, 2.0, 60.0, 0.0], [45.0, 1.0, 2.0, 60.0, 0.0], [100.0, 2.0, 2.0, 60.0, 0.0], [46.0, 2.0, 1.0, 30.0, 0.0], [29.0, 3.0, 1.0, 30.0, 0.0], [89.0, 2.0, 2.0, 60.0, 0.0], [21.0, 1.0, 2.0, 60.0, 0.0], [110.0, 1.0, 1.0, 30.0, 0.0], [30.0, 2.0, 2.0, 60.0, 0.0], [53.0, 2.0, 2.0, 60.0, 0.0], [35.0, 3.0, 1.0, 30.0, 0.0], [29.0, 3.0, 1.0, 30.0, 0.0], [85.0, 3.0, 2.0, 60.0, 0.0], [21.0, 3.0, 2.0, 60.0, 0.0], [48.0, 2.0, 2.0, 60.0, 0.0], [45.0, 2.0, 2.0, 60.0, 0.0], [88.0, 3.0, 3.0, 120.0, 0.0], [58.0, 2.0, 2.0, 60.0, 0.0], [141.0, 1.0, 2.0, 60.0, 0.0], [445.0, 1.0, 1.0, 30.0, 0.0], [55.0, 2.0, 2.0, 60.0, 0.0], [100.0, 1.0, 3.0, 120.0, 0.0], [25.0, 2.0, 2.0, 60.0, 0.0], [4.0, 1.0, 1.0, 30.0, 0.0], [73.0, 3.0, 2.0, 60.0, 12.021043019829973], [11.0, 1.0, 2.0, 60.0, 23.70199129895224], [24.0, 2.0, 2.0, 60.0, 35.625796298323515], [80.0, 2.0, 2.0, 60.0, 37.02476774758143], [16.0, 2.0, 1.0, 30.0, 37.456954746073315], [45.0, 2.0, 2.0, 60.0, 44.72025732460407], [47.0, 2.0, 2.0, 60.0, 51.770060795891936], [104.0, 2.0, 2.0, 60.0, 67.39154057863942], [79.0, 2.0, 2.0, 60.0, 67.78801156455697], [65.0, 2.0, 2.0, 60.0, 73.02081579727279], [10.0, 3.0, 1.0, 30.0, 73.37299733126183], [92.0, 2.0, 2.0, 60.0, 78.81811547138163], [34.0, 2.0, 2.0, 60.0, 87.47475223580068], [23.0, 1.0, 1.0, 30.0, 89.40922635875023], [55.0, 2.0, 2.0, 60.0, 95.5671546720581], [184.0, 3.0, 2.0, 60.0, 96.33602094118923], [121.0, 3.0, 2.0, 60.0, 96.7939072781402], [61.0, 2.0, 2.0, 60.0, 98.36980328880216], [90.0, 2.0, 2.0, 60.0, 102.87579966565295], [18.0, 1.0, 1.0, 30.0, 104.9407263143454], [13.0, 1.0, 1.0, 30.0, 111.17765606341352], [184.0, 2.0, 2.0, 60.0, 112.29553792447513], [59.0, 3.0, 2.0, 60.0, 121.48538924519744], [87.0, 3.0, 1.0, 30.0, 127.62081856126873], [76.0, 1.0, 1.0, 30.0, 130.89979933108373], [64.0, 2.0, 2.0, 60.0, 132.98523286264282], [79.0, 1.0, 1.0, 30.0, 135.25183130913413], [74.0, 1.0, 1.0, 30.0, 135.6372170444124], [132.0, 1.0, 1.0, 30.0, 136.53537831628518], [13.0, 1.0, 1.0, 30.0, 139.96198057430644], [37.0, 1.0, 1.0, 30.0, 141.90538175510554], [3.0, 1.0, 2.0, 60.0, 148.22641604293108], [105.0, 1.0, 1.0, 30.0, 151.7688691800117], [19.0, 2.0, 2.0, 60.0, 152.9585189515018], [17.0, 2.0, 2.0, 60.0, 155.26396063278915], [45.0, 3.0, 2.0, 60.0, 158.4717443187417], [41.0, 2.0, 2.0, 60.0, 160.19091112593068], [14.0, 3.0, 2.0, 60.0, 161.80046723046223], [40.0, 2.0, 2.0, 60.0, 166.19504064142495], [119.0, 2.0, 2.0, 60.0, 167.67977668606895], [52.0, 2.0, 2.0, 60.0, 174.34828881122837], [52.0, 2.0, 2.0, 60.0, 181.30260874245792], [445.0, 2.0, 1.0, 30.0, 186.72302338228388], [68.0, 2.0, 2.0, 60.0, 187.08816512218607], [55.0, 2.0, 2.0, 60.0, 192.75850263079985], [27.0, 2.0, 2.0, 60.0, 199.5301925701257], [129.0, 1.0, 1.0, 30.0, 205.14039082741283], [45.0, 2.0, 2.0, 60.0, 206.54063642859495], [22.0, 2.0, 1.0, 30.0, 208.1453173837751], [17.0, 1.0, 1.0, 30.0, 208.9739969202831], [24.0, 3.0, 1.0, 30.0, 210.74581448374042], [18.0, 1.0, 1.0, 30.0, 210.85151326578935], [59.0, 2.0, 3.0, 120.0, 211.68829524636791], [58.0, 2.0, 2.0, 60.0, 218.2635794691037], [79.0, 2.0, 2.0, 60.0, 238.24236082502787], [79.0, 1.0, 2.0, 60.0, 241.06005128697106], [91.0, 1.0, 1.0, 30.0, 242.4802497949752], [62.0, 2.0, 2.0, 60.0, 244.4690310645114], [134.0, 3.0, 2.0, 60.0, 246.27574217918595], [80.0, 2.0, 2.0, 60.0, 246.92391019530396], [22.0, 2.0, 2.0, 60.0, 252.340535869662], [79.0, 1.0, 1.0, 30.0, 259.21978013724924], [107.0, 2.0, 2.0, 60.0, 266.7588257904633], [53.0, 2.0, 2.0, 60.0, 293.3082397692622], [55.0, 3.0, 1.0, 30.0, 303.841540943146], [17.0, 1.0, 1.0, 30.0, 312.06587014562393], [46.0, 3.0, 2.0, 60.0, 317.28332755550696], [84.0, 1.0, 1.0, 30.0, 320.2459485503109], [29.0, 3.0, 1.0, 30.0, 320.46821633167013], [93.0, 2.0, 2.0, 60.0, 325.25123026577114], [10.0, 1.0, 1.0, 30.0, 328.35814570323583], [72.0, 3.0, 1.0, 30.0, 335.8979525787838], [105.0, 1.0, 2.0, 60.0, 346.037960484565], [9.0, 3.0, 1.0, 30.0, 347.69830455805135], [66.0, 2.0, 1.0, 30.0, 347.94705816407], [12.0, 2.0, 2.0, 60.0, 352.5711693396838], [64.0, 1.0, 2.0, 60.0, 365.3382663386541], [134.0, 3.0, 2.0, 60.0, 369.44362432169635], [99.0, 2.0, 2.0, 60.0, 380.09833875091823], [28.0, 1.0, 1.0, 30.0, 383.8634124776174], [86.0, 2.0, 2.0, 60.0, 390.4333827158369], [100.0, 3.0, 3.0, 120.0, 391.8772976892559], [111.0, 1.0, 1.0, 30.0, 392.54938394344936], [19.0, 1.0, 1.0, 30.0, 393.26178810715084], [100.0, 3.0, 3.0, 120.0, 393.85019969752625], [47.0, 2.0, 2.0, 60.0, 394.1235652920939], [100.0, 2.0, 3.0, 120.0, 402.7065312495663], [272.0, 1.0, 1.0, 30.0, 404.9496062434009], [40.0, 2.0, 2.0, 60.0, 406.8802625567264], [81.0, 1.0, 2.0, 60.0, 411.5550592296831], [13.0, 2.0, 2.0, 60.0, 412.491396507024], [60.0, 2.0, 2.0, 60.0, 422.0828587162822], [92.0, 2.0, 2.0, 60.0, 428.54263891348444], [5.0, 1.0, 1.0, 30.0, 430.18884989348794], [32.0, 2.0, 2.0, 60.0, 431.1918089653501], [115.0, 3.0, 1.0, 30.0, 433.84690701169285]]","[1, 6, 21, 25, 32, 33, 35, 37, 38, 39, 40, 41, 42, 43]","[[2, 0, 2, 0], [3, 0, 2, 3, 0], [0, 1, 0]]","[2, 2, 2, 2, 1, 1, 1, 2, 0, 1, 1, 0, 0, 2]",200,10
32,106.7011119604111,0.016096349557240805,0.29999999999999993,23.060177208495546,11.94313546645962,30.45267536531543,0.0,2340.813634656536,2497.724471189163,2,0.24569444444444447,0.7987527338290472,0.04525820741990969,"[2, 3, 1]","[121.80609749153776, 91.24181150629134, 79.20674284246232]",6,6000,"[[ 0.          8.41349967 10.15089179  8.99170964  8.3440829 ]
 [ 8.41349967  0.          1.92793943  1.05023438  0.63869605]
 [10.15089179  1.92793943  0.          2.08479369  2.46465797]
 [ 8.99170964  1.05023438  2.08479369  0.          1.10251762]
 [ 8.3440829   0.63869605  2.46465797  1.10251762  0.        ]]","[[20.0, 2.0, 2.0, 60.0, 0.0], [45.0, 1.0, 2.0, 60.0, 0.0], [100.0, 2.0, 2.0, 60.0, 0.0], [46.0, 2.0, 1.0, 30.0, 0.0], [29.0, 3.0, 1.0, 30.0, 0.0], [89.0, 2.0, 2.0, 60.0, 0.0], [21.0, 1.0, 2.0, 60.0, 0.0], [110.0, 1.0, 1.0, 30.0, 0.0], [30.0, 2.0, 2.0, 60.0, 0.0], [53.0, 2.0, 2.0, 60.0, 0.0], [35.0, 3.0, 1.0, 30.0, 0.0], [29.0, 3.0, 1.0, 30.0, 0.0], [85.0, 3.0, 2.0, 60.0, 0.0], [21.0, 3.0, 2.0, 60.0, 0.0], [48.0, 2.0, 2.0, 60.0, 0.0], [45.0, 2.0, 2.0, 60.0, 0.0], [88.0, 3.0, 3.0, 120.0, 0.0], [58.0, 2.0, 2.0, 60.0, 0.0], [141.0, 1.0, 2.0, 60.0, 0.0], [445.0, 1.0, 1.0, 30.0, 0.0], [55.0, 2.0, 2.0, 60.0, 0.0], [100.0, 1.0, 3.0, 120.0, 0.0], [25.0, 2.0, 2.0, 60.0, 0.0], [4.0, 1.0, 1.0, 30.0, 0.0], [73.0, 3.0, 2.0, 60.0, 12.021043019829973], [11.0, 1.0, 2.0, 60.0, 23.70199129895224], [24.0, 2.0, 2.0, 60.0, 35.625796298323515], [80.0, 2.0, 2.0, 60.0, 37.02476774758143], [16.0, 2.0, 1.0, 30.0, 37.456954746073315], [45.0, 2.0, 2.0, 60.0, 44.72025732460407], [47.0, 2.0, 2.0, 60.0, 51.770060795891936], [104.0, 2.0, 2.0, 60.0, 67.39154057863942], [79.0, 2.0, 2.0, 60.0, 67.78801156455697], [65.0, 2.0, 2.0, 60.0, 73.02081579727279], [10.0, 3.0, 1.0, 30.0, 73.37299733126183], [92.0, 2.0, 2.0, 60.0, 78.81811547138163], [34.0, 2.0, 2.0, 60.0, 87.47475223580068], [23.0, 1.0, 1.0, 30.0, 89.40922635875023], [55.0, 2.0, 2.0, 60.0, 95.5671546720581], [184.0, 3.0, 2.0, 60.0, 96.33602094118923], [121.0, 3.0, 2.0, 60.0, 96.7939072781402], [61.0, 2.0, 2.0, 60.0, 98.36980328880216], [90.0, 2.0, 2.0, 60.0, 102.87579966565295], [18.0, 1.0, 1.0, 30.0, 104.9407263143454], [13.0, 1.0, 1.0, 30.0, 111.17765606341352], [184.0, 2.0, 2.0, 60.0, 112.29553792447513], [59.0, 3.0, 2.0, 60.0, 121.48538924519744], [87.0, 3.0, 1.0, 30.0, 127.62081856126873], [76.0, 1.0, 1.0, 30.0, 130.89979933108373], [64.0, 2.0, 2.0, 60.0, 132.98523286264282], [79.0, 1.0, 1.0, 30.0, 135.25183130913413], [74.0, 1.0, 1.0, 30.0, 135.6372170444124], [132.0, 1.0, 1.0, 30.0, 136.53537831628518], [13.0, 1.0, 1.0, 30.0, 139.96198057430644], [37.0, 1.0, 1.0, 30.0, 141.90538175510554], [3.0, 1.0, 2.0, 60.0, 148.22641604293108], [105.0, 1.0, 1.0, 30.0, 151.7688691800117], [19.0, 2.0, 2.0, 60.0, 152.9585189515018], [17.0, 2.0, 2.0, 60.0, 155.26396063278915], [45.0, 3.0, 2.0, 60.0, 158.4717443187417], [41.0, 2.0, 2.0, 60.0, 160.19091112593068], [14.0, 3.0, 2.0, 60.0, 161.80046723046223], [40.0, 2.0, 2.0, 60.0, 166.19504064142495], [119.0, 2.0, 2.0, 60.0, 167.67977668606895], [52.0, 2.0, 2.0, 60.0, 174.34828881122837], [52.0, 2.0, 2.0, 60.0, 181.30260874245792], [445.0, 2.0, 1.0, 30.0, 186.72302338228388], [68.0, 2.0, 2.0, 60.0, 187.08816512218607], [55.0, 2.0, 2.0, 60.0, 192.75850263079985], [27.0, 2.0, 2.0, 60.0, 199.5301925701257], [129.0, 1.0, 1.0, 30.0, 205.14039082741283], [45.0, 2.0, 2.0, 60.0, 206.54063642859495], [22.0, 2.0, 1.0, 30.0, 208.1453173837751], [17.0, 1.0, 1.0, 30.0, 208.9739969202831], [24.0, 3.0, 1.0, 30.0, 210.74581448374042], [18.0, 1.0, 1.0, 30.0, 210.85151326578935], [59.0, 2.0, 3.0, 120.0, 211.68829524636791], [58.0, 2.0, 2.0, 60.0, 218.2635794691037], [79.0, 2.0, 2.0, 60.0, 238.24236082502787], [79.0, 1.0, 2.0, 60.0, 241.06005128697106], [91.0, 1.0, 1.0, 30.0, 242.4802497949752], [62.0, 2.0, 2.0, 60.0, 244.4690310645114], [134.0, 3.0, 2.0, 60.0, 246.27574217918595], [80.0, 2.0, 2.0, 60.0, 246.92391019530396], [22.0, 2.0, 2.0, 60.0, 252.340535869662], [79.0, 1.0, 1.0, 30.0, 259.21978013724924], [107.0, 2.0, 2.0, 60.0, 266.7588257904633], [53.0, 2.0, 2.0, 60.0, 293.3082397692622], [55.0, 3.0, 1.0, 30.0, 303.841540943146], [17.0, 1.0, 1.0, 30.0, 312.06587014562393], [46.0, 3.0, 2.0, 60.0, 317.28332755550696], [84.0, 1.0, 1.0, 30.0, 320.2459485503109], [29.0, 3.0, 1.0, 30.0, 320.46821633167013], [93.0, 2.0, 2.0, 60.0, 325.25123026577114], [10.0, 1.0, 1.0, 30.0, 328.35814570323583], [72.0, 3.0, 1.0, 30.0, 335.8979525787838], [105.0, 1.0, 2.0, 60.0, 346.037960484565], [9.0, 3.0, 1.0, 30.0, 347.69830455805135], [66.0, 2.0, 1.0, 30.0, 347.94705816407], [12.0, 2.0, 2.0, 60.0, 352.5711693396838], [64.0, 1.0, 2.0, 60.0, 365.3382663386541], [134.0, 3.0, 2.0, 60.0, 369.44362432169635], [99.0, 2.0, 2.0, 60.0, 380.09833875091823], [28.0, 1.0, 1.0, 30.0, 383.8634124776174], [86.0, 2.0, 2.0, 60.0, 390.4333827158369], [100.0, 3.0, 3.0, 120.0, 391.8772976892559], [111.0, 1.0, 1.0, 30.0, 392.54938394344936], [19.0, 1.0, 1.0, 30.0, 393.26178810715084], [100.0, 3.0, 3.0, 120.0, 393.85019969752625], [47.0, 2.0, 2.0, 60.0, 394.1235652920939], [100.0, 2.0, 3.0, 120.0, 402.7065312495663], [272.0, 1.0, 1.0, 30.0, 404.9496062434009], [40.0, 2.0, 2.0, 60.0, 406.8802625567264], [81.0, 1.0, 2.0, 60.0, 411.5550592296831], [13.0, 2.0, 2.0, 60.0, 412.491396507024], [60.0, 2.0, 2.0, 60.0, 422.0828587162822], [92.0, 2.0, 2.0, 60.0, 428.54263891348444], [5.0, 1.0, 1.0, 30.0, 430.18884989348794], [32.0, 2.0, 2.0, 60.0, 431.1918089653501], [115.0, 3.0, 1.0, 30.0, 433.84690701169285]]","[32, 33, 35, 38, 39, 40, 41, 42, 43]","[[2, 0, 2, 0], [3, 0, 3, 2, 0], [1, 0, 1, 3, 0]]","[1, 1, 1, 0, 1, 2, 0, 1, 2]",200,10
33,107.71720830996834,0.015719338258107503,0.29999999999999993,24.12326705811056,12.492235383949994,30.884437139316013,0.0,2483.4450835038283,2581.4053018418285,1,0.30980555555555556,0.631021243734281,0.04871300241124956,"[2, 0, 1]","[121.80609749153776, 92.08577377684658, 70.73789238686643]",6,6000,"[[ 0.          8.46885046 10.29481238  8.93267203  8.28504529]
 [ 8.46885046  0.          1.92793943  1.05023438  0.63869605]
 [10.29481238  1.92793943  0.          2.08479369  2.46465797]
 [ 8.93267203  1.05023438  2.08479369  0.          1.10251762]
 [ 8.28504529  0.63869605  2.46465797  1.10251762  0.        ]]","[[20.0, 2.0, 2.0, 60.0, 0.0], [45.0, 1.0, 2.0, 60.0, 0.0], [100.0, 2.0, 2.0, 60.0, 0.0], [46.0, 2.0, 1.0, 30.0, 0.0], [29.0, 3.0, 1.0, 30.0, 0.0], [89.0, 2.0, 2.0, 60.0, 0.0], [21.0, 1.0, 2.0, 60.0, 0.0], [110.0, 1.0, 1.0, 30.0, 0.0], [30.0, 2.0, 2.0, 60.0, 0.0], [53.0, 2.0, 2.0, 60.0, 0.0], [35.0, 3.0, 1.0, 30.0, 0.0], [29.0, 3.0, 1.0, 30.0, 0.0], [85.0, 3.0, 2.0, 60.0, 0.0], [21.0, 3.0, 2.0, 60.0, 0.0], [48.0, 2.0, 2.0, 60.0, 0.0], [45.0, 2.0, 2.0, 60.0, 0.0], [88.0, 3.0, 3.0, 120.0, 0.0], [58.0, 2.0, 2.0, 60.0, 0.0], [141.0, 1.0, 2.0, 60.0, 0.0], [445.0, 1.0, 1.0, 30.0, 0.0], [55.0, 2.0, 2.0, 60.0, 0.0], [100.0, 1.0, 3.0, 120.0, 0.0], [25.0, 2.0, 2.0, 60.0, 0.0], [4.0, 1.0, 1.0, 30.0, 0.0], [73.0, 3.0, 2.0, 60.0, 12.021043019829973], [11.0, 1.0, 2.0, 60.0, 23.70199129895224], [24.0, 2.0, 2.0, 60.0, 35.625796298323515], [80.0, 2.0, 2.0, 60.0, 37.02476774758143], [16.0, 2.0, 1.0, 30.0, 37.456954746073315], [45.0, 2.0, 2.0, 60.0, 44.72025732460407], [47.0, 2.0, 2.0, 60.0, 51.770060795891936], [104.0, 2.0, 2.0, 60.0, 67.39154057863942], [79.0, 2.0, 2.0, 60.0, 67.78801156455697], [65.0, 2.0, 2.0, 60.0, 73.02081579727279], [10.0, 3.0, 1.0, 30.0, 73.37299733126183], [92.0, 2.0, 2.0, 60.0, 78.81811547138163], [34.0, 2.0, 2.0, 60.0, 87.47475223580068], [23.0, 1.0, 1.0, 30.0, 89.40922635875023], [55.0, 2.0, 2.0, 60.0, 95.5671546720581], [184.0, 3.0, 2.0, 60.0, 96.33602094118923], [121.0, 3.0, 2.0, 60.0, 96.7939072781402], [61.0, 2.0, 2.0, 60.0, 98.36980328880216], [90.0, 2.0, 2.0, 60.0, 102.87579966565295], [18.0, 1.0, 1.0, 30.0, 104.9407263143454], [13.0, 1.0, 1.0, 30.0, 111.17765606341352], [184.0, 2.0, 2.0, 60.0, 112.29553792447513], [59.0, 3.0, 2.0, 60.0, 121.48538924519744], [87.0, 3.0, 1.0, 30.0, 127.62081856126873], [76.0, 1.0, 1.0, 30.0, 130.89979933108373], [64.0, 2.0, 2.0, 60.0, 132.98523286264282], [79.0, 1.0, 1.0, 30.0, 135.25183130913413], [74.0, 1.0, 1.0, 30.0, 135.6372170444124], [132.0, 1.0, 1.0, 30.0, 136.53537831628518], [13.0, 1.0, 1.0, 30.0, 139.96198057430644], [37.0, 1.0, 1.0, 30.0, 141.90538175510554], [3.0, 1.0, 2.0, 60.0, 148.22641604293108], [105.0, 1.0, 1.0, 30.0, 151.7688691800117], [19.0, 2.0, 2.0, 60.0, 152.9585189515018], [17.0, 2.0, 2.0, 60.0, 155.26396063278915], [45.0, 3.0, 2.0, 60.0, 158.4717443187417], [41.0, 2.0, 2.0, 60.0, 160.19091112593068], [14.0, 3.0, 2.0, 60.0, 161.80046723046223], [40.0, 2.0, 2.0, 60.0, 166.19504064142495], [119.0, 2.0, 2.0, 60.0, 167.67977668606895], [52.0, 2.0, 2.0, 60.0, 174.34828881122837], [52.0, 2.0, 2.0, 60.0, 181.30260874245792], [445.0, 2.0, 1.0, 30.0, 186.72302338228388], [68.0, 2.0, 2.0, 60.0, 187.08816512218607], [55.0, 2.0, 2.0, 60.0, 192.75850263079985], [27.0, 2.0, 2.0, 60.0, 199.5301925701257], [129.0, 1.0, 1.0, 30.0, 205.14039082741283], [45.0, 2.0, 2.0, 60.0, 206.54063642859495], [22.0, 2.0, 1.0, 30.0, 208.1453173837751], [17.0, 1.0, 1.0, 30.0, 208.9739969202831], [24.0, 3.0, 1.0, 30.0, 210.74581448374042], [18.0, 1.0, 1.0, 30.0, 210.85151326578935], [59.0, 2.0, 3.0, 120.0, 211.68829524636791], [58.0, 2.0, 2.0, 60.0, 218.2635794691037], [79.0, 2.0, 2.0, 60.0, 238.24236082502787], [79.0, 1.0, 2.0, 60.0, 241.06005128697106], [91.0, 1.0, 1.0, 30.0, 242.4802497949752], [62.0, 2.0, 2.0, 60.0, 244.4690310645114], [134.0, 3.0, 2.0, 60.0, 246.27574217918595], [80.0, 2.0, 2.0, 60.0, 246.92391019530396], [22.0, 2.0, 2.0, 60.0, 252.340535869662], [79.0, 1.0, 1.0, 30.0, 259.21978013724924], [107.0, 2.0, 2.0, 60.0, 266.7588257904633], [53.0, 2.0, 2.0, 60.0, 293.3082397692622], [55.0, 3.0, 1.0, 30.0, 303.841540943146], [17.0, 1.0, 1.0, 30.0, 312.06587014562393], [46.0, 3.0, 2.0, 60.0, 317.28332755550696], [84.0, 1.0, 1.0, 30.0, 320.2459485503109], [29.0, 3.0, 1.0, 30.0, 320.46821633167013], [93.0, 2.0, 2.0, 60.0, 325.25123026577114], [10.0, 1.0, 1.0, 30.0, 328.35814570323583], [72.0, 3.0, 1.0, 30.0, 335.8979525787838], [105.0, 1.0, 2.0, 60.0, 346.037960484565], [9.0, 3.0, 1.0, 30.0, 347.69830455805135], [66.0, 2.0, 1.0, 30.0, 347.94705816407], [12.0, 2.0, 2.0, 60.0, 352.5711693396838], [64.0, 1.0, 2.0, 60.0, 365.3382663386541], [134.0, 3.0, 2.0, 60.0, 369.44362432169635], [99.0, 2.0, 2.0, 60.0, 380.09833875091823], [28.0, 1.0, 1.0, 30.0, 383.8634124776174], [86.0, 2.0, 2.0, 60.0, 390.4333827158369], [100.0, 3.0, 3.0, 120.0, 391.8772976892559], [111.0, 1.0, 1.0, 30.0, 392.54938394344936], [19.0, 1.0, 1.0, 30.0, 393.26178810715084], [100.0, 3.0, 3.0, 120.0, 393.85019969752625], [47.0, 2.0, 2.0, 60.0, 394.1235652920939], [100.0, 2.0, 3.0, 120.0, 402.7065312495663], [272.0, 1.0, 1.0, 30.0, 404.9496062434009], [40.0, 2.0, 2.0, 60.0, 406.8802625567264], [81.0, 1.0, 2.0, 60.0, 411.5550592296831], [13.0, 2.0, 2.0, 60.0, 412.491396507024], [60.0, 2.0, 2.0, 60.0, 422.0828587162822], [92.0, 2.0, 2.0, 60.0, 428.54263891348444], [5.0, 1.0, 1.0, 30.0, 430.18884989348794], [32.0, 2.0, 2.0, 60.0, 431.1918089653501], [115.0, 3.0, 1.0, 30.0, 433.84690701169285]]","[32, 33, 35, 38, 39, 40, 41, 42, 43]","[[2, 0, 2, 0], [0, 3, 2, 0], [1, 0, 1, 3, 0]]","[1, 1, 1, 0, 1, 2, 0, 1, 2]",200,10
34,111.73292764822645,0.016677331924438477,0.3,23.310353821491557,9.962098345236894,33.99759709157897,0.0,2641.653390950727,2789.6178616408724,2,0.13300000000000003,0.2560081314087855,0.05281609253837405,"[2, 0, 1]","[121.80609749153776, 83.14414799947956, 70.73789238686643]",6,6000,"[[ 0.          9.43700584 11.33253236 10.1961103   9.24339742]
 [ 9.43700584  0.          1.89552653  1.42247809  0.64453089]
 [11.33253236  1.89552653  0.          2.08479369  2.54005741]
 [10.1961103   1.42247809  2.08479369  0.          1.40363534]
 [ 9.24339742  0.64453089  2.54005741  1.40363534  0.        ]]","[[20.0, 2.0, 2.0, 60.0, 0.0], [45.0, 1.0, 2.0, 60.0, 0.0], [100.0, 2.0, 2.0, 60.0, 0.0], [46.0, 2.0, 1.0, 30.0, 0.0], [29.0, 3.0, 1.0, 30.0, 0.0], [89.0, 2.0, 2.0, 60.0, 0.0], [21.0, 1.0, 2.0, 60.0, 0.0], [110.0, 1.0, 1.0, 30.0, 0.0], [30.0, 2.0, 2.0, 60.0, 0.0], [53.0, 2.0, 2.0, 60.0, 0.0], [35.0, 3.0, 1.0, 30.0, 0.0], [29.0, 3.0, 1.0, 30.0, 0.0], [85.0, 3.0, 2.0, 60.0, 0.0], [21.0, 3.0, 2.0, 60.0, 0.0], [48.0, 2.0, 2.0, 60.0, 0.0], [45.0, 2.0, 2.0, 60.0, 0.0], [88.0, 3.0, 3.0, 120.0, 0.0], [58.0, 2.0, 2.0, 60.0, 0.0], [141.0, 1.0, 2.0, 60.0, 0.0], [445.0, 1.0, 1.0, 30.0, 0.0], [55.0, 2.0, 2.0, 60.0, 0.0], [100.0, 1.0, 3.0, 120.0, 0.0], [25.0, 2.0, 2.0, 60.0, 0.0], [4.0, 1.0, 1.0, 30.0, 0.0], [73.0, 3.0, 2.0, 60.0, 12.021043019829973], [11.0, 1.0, 2.0, 60.0, 23.70199129895224], [24.0, 2.0, 2.0, 60.0, 35.625796298323515], [80.0, 2.0, 2.0, 60.0, 37.02476774758143], [16.0, 2.0, 1.0, 30.0, 37.456954746073315], [45.0, 2.0, 2.0, 60.0, 44.72025732460407], [47.0, 2.0, 2.0, 60.0, 51.770060795891936], [104.0, 2.0, 2.0, 60.0, 67.39154057863942], [79.0, 2.0, 2.0, 60.0, 67.78801156455697], [65.0, 2.0, 2.0, 60.0, 73.02081579727279], [10.0, 3.0, 1.0, 30.0, 73.37299733126183], [92.0, 2.0, 2.0, 60.0, 78.81811547138163], [34.0, 2.0, 2.0, 60.0, 87.47475223580068], [23.0, 1.0, 1.0, 30.0, 89.40922635875023], [55.0, 2.0, 2.0, 60.0, 95.5671546720581], [184.0, 3.0, 2.0, 60.0, 96.33602094118923], [121.0, 3.0, 2.0, 60.0, 96.7939072781402], [61.0, 2.0, 2.0, 60.0, 98.36980328880216], [90.0, 2.0, 2.0, 60.0, 102.87579966565295], [18.0, 1.0, 1.0, 30.0, 104.9407263143454], [13.0, 1.0, 1.0, 30.0, 111.17765606341352], [184.0, 2.0, 2.0, 60.0, 112.29553792447513], [59.0, 3.0, 2.0, 60.0, 121.48538924519744], [87.0, 3.0, 1.0, 30.0, 127.62081856126873], [76.0, 1.0, 1.0, 30.0, 130.89979933108373], [64.0, 2.0, 2.0, 60.0, 132.98523286264282], [79.0, 1.0, 1.0, 30.0, 135.25183130913413], [74.0, 1.0, 1.0, 30.0, 135.6372170444124], [132.0, 1.0, 1.0, 30.0, 136.53537831628518], [13.0, 1.0, 1.0, 30.0, 139.96198057430644], [37.0, 1.0, 1.0, 30.0, 141.90538175510554], [3.0, 1.0, 2.0, 60.0, 148.22641604293108], [105.0, 1.0, 1.0, 30.0, 151.7688691800117], [19.0, 2.0, 2.0, 60.0, 152.9585189515018], [17.0, 2.0, 2.0, 60.0, 155.26396063278915], [45.0, 3.0, 2.0, 60.0, 158.4717443187417], [41.0, 2.0, 2.0, 60.0, 160.19091112593068], [14.0, 3.0, 2.0, 60.0, 161.80046723046223], [40.0, 2.0, 2.0, 60.0, 166.19504064142495], [119.0, 2.0, 2.0, 60.0, 167.67977668606895], [52.0, 2.0, 2.0, 60.0, 174.34828881122837], [52.0, 2.0, 2.0, 60.0, 181.30260874245792], [445.0, 2.0, 1.0, 30.0, 186.72302338228388], [68.0, 2.0, 2.0, 60.0, 187.08816512218607], [55.0, 2.0, 2.0, 60.0, 192.75850263079985], [27.0, 2.0, 2.0, 60.0, 199.5301925701257], [129.0, 1.0, 1.0, 30.0, 205.14039082741283], [45.0, 2.0, 2.0, 60.0, 206.54063642859495], [22.0, 2.0, 1.0, 30.0, 208.1453173837751], [17.0, 1.0, 1.0, 30.0, 208.9739969202831], [24.0, 3.0, 1.0, 30.0, 210.74581448374042], [18.0, 1.0, 1.0, 30.0, 210.85151326578935], [59.0, 2.0, 3.0, 120.0, 211.68829524636791], [58.0, 2.0, 2.0, 60.0, 218.2635794691037], [79.0, 2.0, 2.0, 60.0, 238.24236082502787], [79.0, 1.0, 2.0, 60.0, 241.06005128697106], [91.0, 1.0, 1.0, 30.0, 242.4802497949752], [62.0, 2.0, 2.0, 60.0, 244.4690310645114], [134.0, 3.0, 2.0, 60.0, 246.27574217918595], [80.0, 2.0, 2.0, 60.0, 246.92391019530396], [22.0, 2.0, 2.0, 60.0, 252.340535869662], [79.0, 1.0, 1.0, 30.0, 259.21978013724924], [107.0, 2.0, 2.0, 60.0, 266.7588257904633], [53.0, 2.0, 2.0, 60.0, 293.3082397692622], [55.0, 3.0, 1.0, 30.0, 303.841540943146], [17.0, 1.0, 1.0, 30.0, 312.06587014562393], [46.0, 3.0, 2.0, 60.0, 317.28332755550696], [84.0, 1.0, 1.0, 30.0, 320.2459485503109], [29.0, 3.0, 1.0, 30.0, 320.46821633167013], [93.0, 2.0, 2.0, 60.0, 325.25123026577114], [10.0, 1.0, 1.0, 30.0, 328.35814570323583], [72.0, 3.0, 1.0, 30.0, 335.8979525787838], [105.0, 1.0, 2.0, 60.0, 346.037960484565], [9.0, 3.0, 1.0, 30.0, 347.69830455805135], [66.0, 2.0, 1.0, 30.0, 347.94705816407], [12.0, 2.0, 2.0, 60.0, 352.5711693396838], [64.0, 1.0, 2.0, 60.0, 365.3382663386541], [134.0, 3.0, 2.0, 60.0, 369.44362432169635], [99.0, 2.0, 2.0, 60.0, 380.09833875091823], [28.0, 1.0, 1.0, 30.0, 383.8634124776174], [86.0, 2.0, 2.0, 60.0, 390.4333827158369], [100.0, 3.0, 3.0, 120.0, 391.8772976892559], [111.0, 1.0, 1.0, 30.0, 392.54938394344936], [19.0, 1.0, 1.0, 30.0, 393.26178810715084], [100.0, 3.0, 3.0, 120.0, 393.85019969752625], [47.0, 2.0, 2.0, 60.0, 394.1235652920939], [100.0, 2.0, 3.0, 120.0, 402.7065312495663], [272.0, 1.0, 1.0, 30.0, 404.9496062434009], [40.0, 2.0, 2.0, 60.0, 406.8802625567264], [81.0, 1.0, 2.0, 60.0, 411.5550592296831], [13.0, 2.0, 2.0, 60.0, 412.491396507024], [60.0, 2.0, 2.0, 60.0, 422.0828587162822], [92.0, 2.0, 2.0, 60.0, 428.54263891348444], [5.0, 1.0, 1.0, 30.0, 430.18884989348794], [32.0, 2.0, 2.0, 60.0, 431.1918089653501], [115.0, 3.0, 1.0, 30.0, 433.84690701169285]]","[32, 33, 35, 38, 39, 40, 41, 42, 43, 44]","[[2, 0, 2, 1, 0], [0, 3, 2, 0], [1, 0, 1, 3, 0]]","[1, 1, 1, 0, 1, 2, 0, 1, 2, 0]",200,10
35,112.74960498015089,0.01871234973271688,0.3,27.89310060898796,11.669956232060674,33.09201390268367,5.2972433814590545,3076.79624380528,3157.796182222138,1,0.1470909090909091,0.31530456445613975,0.047243605265568665,"[2, 0, 1]","[121.80609749153776, 83.14414799947956, 70.73789238686643]",6,6000,"[[ 0.          9.13514477 11.0306713   9.89424923  8.94153636]
 [ 9.13514477  0.          1.89552653  1.42247809  0.64453089]
 [11.0306713   1.89552653  0.          2.08479369  2.54005741]
 [ 9.89424923  1.42247809  2.08479369  0.          1.40363534]
 [ 8.94153636  0.64453089  2.54005741  1.40363534  0.        ]]","[[20.0, 2.0, 2.0, 60.0, 0.0], [45.0, 1.0, 2.0, 60.0, 0.0], [100.0, 2.0, 2.0, 60.0, 0.0], [46.0, 2.0, 1.0, 30.0, 0.0], [29.0, 3.0, 1.0, 30.0, 0.0], [89.0, 2.0, 2.0, 60.0, 0.0], [21.0, 1.0, 2.0, 60.0, 0.0], [110.0, 1.0, 1.0, 30.0, 0.0], [30.0, 2.0, 2.0, 60.0, 0.0], [53.0, 2.0, 2.0, 60.0, 0.0], [35.0, 3.0, 1.0, 30.0, 0.0], [29.0, 3.0, 1.0, 30.0, 0.0], [85.0, 3.0, 2.0, 60.0, 0.0], [21.0, 3.0, 2.0, 60.0, 0.0], [48.0, 2.0, 2.0, 60.0, 0.0], [45.0, 2.0, 2.0, 60.0, 0.0], [88.0, 3.0, 3.0, 120.0, 0.0], [58.0, 2.0, 2.0, 60.0, 0.0], [141.0, 1.0, 2.0, 60.0, 0.0], [445.0, 1.0, 1.0, 30.0, 0.0], [55.0, 2.0, 2.0, 60.0, 0.0], [100.0, 1.0, 3.0, 120.0, 0.0], [25.0, 2.0, 2.0, 60.0, 0.0], [4.0, 1.0, 1.0, 30.0, 0.0], [73.0, 3.0, 2.0, 60.0, 12.021043019829973], [11.0, 1.0, 2.0, 60.0, 23.70199129895224], [24.0, 2.0, 2.0, 60.0, 35.625796298323515], [80.0, 2.0, 2.0, 60.0, 37.02476774758143], [16.0, 2.0, 1.0, 30.0, 37.456954746073315], [45.0, 2.0, 2.0, 60.0, 44.72025732460407], [47.0, 2.0, 2.0, 60.0, 51.770060795891936], [104.0, 2.0, 2.0, 60.0, 67.39154057863942], [79.0, 2.0, 2.0, 60.0, 67.78801156455697], [65.0, 2.0, 2.0, 60.0, 73.02081579727279], [10.0, 3.0, 1.0, 30.0, 73.37299733126183], [92.0, 2.0, 2.0, 60.0, 78.81811547138163], [34.0, 2.0, 2.0, 60.0, 87.47475223580068], [23.0, 1.0, 1.0, 30.0, 89.40922635875023], [55.0, 2.0, 2.0, 60.0, 95.5671546720581], [184.0, 3.0, 2.0, 60.0, 96.33602094118923], [121.0, 3.0, 2.0, 60.0, 96.7939072781402], [61.0, 2.0, 2.0, 60.0, 98.36980328880216], [90.0, 2.0, 2.0, 60.0, 102.87579966565295], [18.0, 1.0, 1.0, 30.0, 104.9407263143454], [13.0, 1.0, 1.0, 30.0, 111.17765606341352], [184.0, 2.0, 2.0, 60.0, 112.29553792447513], [59.0, 3.0, 2.0, 60.0, 121.48538924519744], [87.0, 3.0, 1.0, 30.0, 127.62081856126873], [76.0, 1.0, 1.0, 30.0, 130.89979933108373], [64.0, 2.0, 2.0, 60.0, 132.98523286264282], [79.0, 1.0, 1.0, 30.0, 135.25183130913413], [74.0, 1.0, 1.0, 30.0, 135.6372170444124], [132.0, 1.0, 1.0, 30.0, 136.53537831628518], [13.0, 1.0, 1.0, 30.0, 139.96198057430644], [37.0, 1.0, 1.0, 30.0, 141.90538175510554], [3.0, 1.0, 2.0, 60.0, 148.22641604293108], [105.0, 1.0, 1.0, 30.0, 151.7688691800117], [19.0, 2.0, 2.0, 60.0, 152.9585189515018], [17.0, 2.0, 2.0, 60.0, 155.26396063278915], [45.0, 3.0, 2.0, 60.0, 158.4717443187417], [41.0, 2.0, 2.0, 60.0, 160.19091112593068], [14.0, 3.0, 2.0, 60.0, 161.80046723046223], [40.0, 2.0, 2.0, 60.0, 166.19504064142495], [119.0, 2.0, 2.0, 60.0, 167.67977668606895], [52.0, 2.0, 2.0, 60.0, 174.34828881122837], [52.0, 2.0, 2.0, 60.0, 181.30260874245792], [445.0, 2.0, 1.0, 30.0, 186.72302338228388], [68.0, 2.0, 2.0, 60.0, 187.08816512218607], [55.0, 2.0, 2.0, 60.0, 192.75850263079985], [27.0, 2.0, 2.0, 60.0, 199.5301925701257], [129.0, 1.0, 1.0, 30.0, 205.14039082741283], [45.0, 2.0, 2.0, 60.0, 206.54063642859495], [22.0, 2.0, 1.0, 30.0, 208.1453173837751], [17.0, 1.0, 1.0, 30.0, 208.9739969202831], [24.0, 3.0, 1.0, 30.0, 210.74581448374042], [18.0, 1.0, 1.0, 30.0, 210.85151326578935], [59.0, 2.0, 3.0, 120.0, 211.68829524636791], [58.0, 2.0, 2.0, 60.0, 218.2635794691037], [79.0, 2.0, 2.0, 60.0, 238.24236082502787], [79.0, 1.0, 2.0, 60.0, 241.06005128697106], [91.0, 1.0, 1.0, 30.0, 242.4802497949752], [62.0, 2.0, 2.0, 60.0, 244.4690310645114], [134.0, 3.0, 2.0, 60.0, 246.27574217918595], [80.0, 2.0, 2.0, 60.0, 246.92391019530396], [22.0, 2.0, 2.0, 60.0, 252.340535869662], [79.0, 1.0, 1.0, 30.0, 259.21978013724924], [107.0, 2.0, 2.0, 60.0, 266.7588257904633], [53.0, 2.0, 2.0, 60.0, 293.3082397692622], [55.0, 3.0, 1.0, 30.0, 303.841540943146], [17.0, 1.0, 1.0, 30.0, 312.06587014562393], [46.0, 3.0, 2.0, 60.0, 317.28332755550696], [84.0, 1.0, 1.0, 30.0, 320.2459485503109], [29.0, 3.0, 1.0, 30.0, 320.46821633167013], [93.0, 2.0, 2.0, 60.0, 325.25123026577114], [10.0, 1.0, 1.0, 30.0, 328.35814570323583], [72.0, 3.0, 1.0, 30.0, 335.8979525787838], [105.0, 1.0, 2.0, 60.0, 346.037960484565], [9.0, 3.0, 1.0, 30.0, 347.69830455805135], [66.0, 2.0, 1.0, 30.0, 347.94705816407], [12.0, 2.0, 2.0, 60.0, 352.5711693396838], [64.0, 1.0, 2.0, 60.0, 365.3382663386541], [134.0, 3.0, 2.0, 60.0, 369.44362432169635], [99.0, 2.0, 2.0, 60.0, 380.09833875091823], [28.0, 1.0, 1.0, 30.0, 383.8634124776174], [86.0, 2.0, 2.0, 60.0, 390.4333827158369], [100.0, 3.0, 3.0, 120.0, 391.8772976892559], [111.0, 1.0, 1.0, 30.0, 392.54938394344936], [19.0, 1.0, 1.0, 30.0, 393.26178810715084], [100.0, 3.0, 3.0, 120.0, 393.85019969752625], [47.0, 2.0, 2.0, 60.0, 394.1235652920939], [100.0, 2.0, 3.0, 120.0, 402.7065312495663], [272.0, 1.0, 1.0, 30.0, 404.9496062434009], [40.0, 2.0, 2.0, 60.0, 406.8802625567264], [81.0, 1.0, 2.0, 60.0, 411.5550592296831], [13.0, 2.0, 2.0, 60.0, 412.491396507024], [60.0, 2.0, 2.0, 60.0, 422.0828587162822], [92.0, 2.0, 2.0, 60.0, 428.54263891348444], [5.0, 1.0, 1.0, 30.0, 430.18884989348794], [32.0, 2.0, 2.0, 60.0, 431.1918089653501], [115.0, 3.0, 1.0, 30.0, 433.84690701169285]]","[32, 33, 35, 38, 39, 40, 41, 42, 43, 44, 45]","[[2, 0, 2, 1, 0], [0, 1, 3, 2, 0], [1, 0, 3, 2, 0]]","[1, 1, 1, 0, 1, 2, 0, 1, 0, 1, 2]",200,10
36,113.76831732988362,0.016633649667104084,0.2519293102638076,31.287716942095713,12.874616998675362,27.691769872796073,0.0,3439.108599544985,3563.258959699534,2,0.20833982683982682,0.40933241889974364,0.04858606972364519,"[0, 0, 1]","[122.27308289119601, 83.14414799947956, 70.73789238686643]",6,6000,"[[ 0.          9.23058996 10.99188095  9.98969442  9.03698154]
 [ 9.23058996  0.          1.89552653  1.42247809  0.64453089]
 [10.99188095  1.89552653  0.          2.08479369  2.54005741]
 [ 9.98969442  1.42247809  2.08479369  0.          1.40363534]
 [ 9.03698154  0.64453089  2.54005741  1.40363534  0.        ]]","[[20.0, 2.0, 2.0, 60.0, 0.0], [45.0, 1.0, 2.0, 60.0, 0.0], [100.0, 2.0, 2.0, 60.0, 0.0], [46.0, 2.0, 1.0, 30.0, 0.0], [29.0, 3.0, 1.0, 30.0, 0.0], [89.0, 2.0, 2.0, 60.0, 0.0], [21.0, 1.0, 2.0, 60.0, 0.0], [110.0, 1.0, 1.0, 30.0, 0.0], [30.0, 2.0, 2.0, 60.0, 0.0], [53.0, 2.0, 2.0, 60.0, 0.0], [35.0, 3.0, 1.0, 30.0, 0.0], [29.0, 3.0, 1.0, 30.0, 0.0], [85.0, 3.0, 2.0, 60.0, 0.0], [21.0, 3.0, 2.0, 60.0, 0.0], [48.0, 2.0, 2.0, 60.0, 0.0], [45.0, 2.0, 2.0, 60.0, 0.0], [88.0, 3.0, 3.0, 120.0, 0.0], [58.0, 2.0, 2.0, 60.0, 0.0], [141.0, 1.0, 2.0, 60.0, 0.0], [445.0, 1.0, 1.0, 30.0, 0.0], [55.0, 2.0, 2.0, 60.0, 0.0], [100.0, 1.0, 3.0, 120.0, 0.0], [25.0, 2.0, 2.0, 60.0, 0.0], [4.0, 1.0, 1.0, 30.0, 0.0], [73.0, 3.0, 2.0, 60.0, 12.021043019829973], [11.0, 1.0, 2.0, 60.0, 23.70199129895224], [24.0, 2.0, 2.0, 60.0, 35.625796298323515], [80.0, 2.0, 2.0, 60.0, 37.02476774758143], [16.0, 2.0, 1.0, 30.0, 37.456954746073315], [45.0, 2.0, 2.0, 60.0, 44.72025732460407], [47.0, 2.0, 2.0, 60.0, 51.770060795891936], [104.0, 2.0, 2.0, 60.0, 67.39154057863942], [79.0, 2.0, 2.0, 60.0, 67.78801156455697], [65.0, 2.0, 2.0, 60.0, 73.02081579727279], [10.0, 3.0, 1.0, 30.0, 73.37299733126183], [92.0, 2.0, 2.0, 60.0, 78.81811547138163], [34.0, 2.0, 2.0, 60.0, 87.47475223580068], [23.0, 1.0, 1.0, 30.0, 89.40922635875023], [55.0, 2.0, 2.0, 60.0, 95.5671546720581], [184.0, 3.0, 2.0, 60.0, 96.33602094118923], [121.0, 3.0, 2.0, 60.0, 96.7939072781402], [61.0, 2.0, 2.0, 60.0, 98.36980328880216], [90.0, 2.0, 2.0, 60.0, 102.87579966565295], [18.0, 1.0, 1.0, 30.0, 104.9407263143454], [13.0, 1.0, 1.0, 30.0, 111.17765606341352], [184.0, 2.0, 2.0, 60.0, 112.29553792447513], [59.0, 3.0, 2.0, 60.0, 121.48538924519744], [87.0, 3.0, 1.0, 30.0, 127.62081856126873], [76.0, 1.0, 1.0, 30.0, 130.89979933108373], [64.0, 2.0, 2.0, 60.0, 132.98523286264282], [79.0, 1.0, 1.0, 30.0, 135.25183130913413], [74.0, 1.0, 1.0, 30.0, 135.6372170444124], [132.0, 1.0, 1.0, 30.0, 136.53537831628518], [13.0, 1.0, 1.0, 30.0, 139.96198057430644], [37.0, 1.0, 1.0, 30.0, 141.90538175510554], [3.0, 1.0, 2.0, 60.0, 148.22641604293108], [105.0, 1.0, 1.0, 30.0, 151.7688691800117], [19.0, 2.0, 2.0, 60.0, 152.9585189515018], [17.0, 2.0, 2.0, 60.0, 155.26396063278915], [45.0, 3.0, 2.0, 60.0, 158.4717443187417], [41.0, 2.0, 2.0, 60.0, 160.19091112593068], [14.0, 3.0, 2.0, 60.0, 161.80046723046223], [40.0, 2.0, 2.0, 60.0, 166.19504064142495], [119.0, 2.0, 2.0, 60.0, 167.67977668606895], [52.0, 2.0, 2.0, 60.0, 174.34828881122837], [52.0, 2.0, 2.0, 60.0, 181.30260874245792], [445.0, 2.0, 1.0, 30.0, 186.72302338228388], [68.0, 2.0, 2.0, 60.0, 187.08816512218607], [55.0, 2.0, 2.0, 60.0, 192.75850263079985], [27.0, 2.0, 2.0, 60.0, 199.5301925701257], [129.0, 1.0, 1.0, 30.0, 205.14039082741283], [45.0, 2.0, 2.0, 60.0, 206.54063642859495], [22.0, 2.0, 1.0, 30.0, 208.1453173837751], [17.0, 1.0, 1.0, 30.0, 208.9739969202831], [24.0, 3.0, 1.0, 30.0, 210.74581448374042], [18.0, 1.0, 1.0, 30.0, 210.85151326578935], [59.0, 2.0, 3.0, 120.0, 211.68829524636791], [58.0, 2.0, 2.0, 60.0, 218.2635794691037], [79.0, 2.0, 2.0, 60.0, 238.24236082502787], [79.0, 1.0, 2.0, 60.0, 241.06005128697106], [91.0, 1.0, 1.0, 30.0, 242.4802497949752], [62.0, 2.0, 2.0, 60.0, 244.4690310645114], [134.0, 3.0, 2.0, 60.0, 246.27574217918595], [80.0, 2.0, 2.0, 60.0, 246.92391019530396], [22.0, 2.0, 2.0, 60.0, 252.340535869662], [79.0, 1.0, 1.0, 30.0, 259.21978013724924], [107.0, 2.0, 2.0, 60.0, 266.7588257904633], [53.0, 2.0, 2.0, 60.0, 293.3082397692622], [55.0, 3.0, 1.0, 30.0, 303.841540943146], [17.0, 1.0, 1.0, 30.0, 312.06587014562393], [46.0, 3.0, 2.0, 60.0, 317.28332755550696], [84.0, 1.0, 1.0, 30.0, 320.2459485503109], [29.0, 3.0, 1.0, 30.0, 320.46821633167013], [93.0, 2.0, 2.0, 60.0, 325.25123026577114], [10.0, 1.0, 1.0, 30.0, 328.35814570323583], [72.0, 3.0, 1.0, 30.0, 335.8979525787838], [105.0, 1.0, 2.0, 60.0, 346.037960484565], [9.0, 3.0, 1.0, 30.0, 347.69830455805135], [66.0, 2.0, 1.0, 30.0, 347.94705816407], [12.0, 2.0, 2.0, 60.0, 352.5711693396838], [64.0, 1.0, 2.0, 60.0, 365.3382663386541], [134.0, 3.0, 2.0, 60.0, 369.44362432169635], [99.0, 2.0, 2.0, 60.0, 380.09833875091823], [28.0, 1.0, 1.0, 30.0, 383.8634124776174], [86.0, 2.0, 2.0, 60.0, 390.4333827158369], [100.0, 3.0, 3.0, 120.0, 391.8772976892559], [111.0, 1.0, 1.0, 30.0, 392.54938394344936], [19.0, 1.0, 1.0, 30.0, 393.26178810715084], [100.0, 3.0, 3.0, 120.0, 393.85019969752625], [47.0, 2.0, 2.0, 60.0, 394.1235652920939], [100.0, 2.0, 3.0, 120.0, 402.7065312495663], [272.0, 1.0, 1.0, 30.0, 404.9496062434009], [40.0, 2.0, 2.0, 60.0, 406.8802625567264], [81.0, 1.0, 2.0, 60.0, 411.5550592296831], [13.0, 2.0, 2.0, 60.0, 412.491396507024], [60.0, 2.0, 2.0, 60.0, 422.0828587162822], [92.0, 2.0, 2.0, 60.0, 428.54263891348444], [5.0, 1.0, 1.0, 30.0, 430.18884989348794], [32.0, 2.0, 2.0, 60.0, 431.1918089653501], [115.0, 3.0, 1.0, 30.0, 433.84690701169285]]","[32, 33, 35, 38, 39, 40, 41, 42, 43, 44, 45]","[[0, 2, 0], [0, 2, 3, 0], [1, 0, 1, 0]]","[1, 1, 1, 0, 1, 1, 0, 1, 2, 2, 0]",200,10
37,117.78495097955071,0.015276360511779784,0.19999999999999996,5.004237114552816,5.547705173268088,20.249241903322336,0.0,506.66003937081877,587.6853475493126,3,0.07883333333333332,0.3158157797214395,0.007226909386877298,"[0, 3, 0]","[111.29783558671821, 83.14414799947956, 72.33678460085291]",6,6000,"[[ 0.          8.38967386 10.12462095  8.6429887   8.23781856]
 [ 8.38967386  0.          1.89552653  1.02142199  0.80239815]
 [10.12462095  1.89552653  0.          1.98628711  2.53734525]
 [ 8.6429887   1.02142199  1.98628711  0.          1.05571299]
 [ 8.23781856  0.80239815  2.53734525  1.05571299  0.        ]]","[[20.0, 2.0, 2.0, 60.0, 0.0], [45.0, 1.0, 2.0, 60.0, 0.0], [100.0, 2.0, 2.0, 60.0, 0.0], [46.0, 2.0, 1.0, 30.0, 0.0], [29.0, 3.0, 1.0, 30.0, 0.0], [89.0, 2.0, 2.0, 60.0, 0.0], [21.0, 1.0, 2.0, 60.0, 0.0], [110.0, 1.0, 1.0, 30.0, 0.0], [30.0, 2.0, 2.0, 60.0, 0.0], [53.0, 2.0, 2.0, 60.0, 0.0], [35.0, 3.0, 1.0, 30.0, 0.0], [29.0, 3.0, 1.0, 30.0, 0.0], [85.0, 3.0, 2.0, 60.0, 0.0], [21.0, 3.0, 2.0, 60.0, 0.0], [48.0, 2.0, 2.0, 60.0, 0.0], [45.0, 2.0, 2.0, 60.0, 0.0], [88.0, 3.0, 3.0, 120.0, 0.0], [58.0, 2.0, 2.0, 60.0, 0.0], [141.0, 1.0, 2.0, 60.0, 0.0], [445.0, 1.0, 1.0, 30.0, 0.0], [55.0, 2.0, 2.0, 60.0, 0.0], [100.0, 1.0, 3.0, 120.0, 0.0], [25.0, 2.0, 2.0, 60.0, 0.0], [4.0, 1.0, 1.0, 30.0, 0.0], [73.0, 3.0, 2.0, 60.0, 12.021043019829973], [11.0, 1.0, 2.0, 60.0, 23.70199129895224], [24.0, 2.0, 2.0, 60.0, 35.625796298323515], [80.0, 2.0, 2.0, 60.0, 37.02476774758143], [16.0, 2.0, 1.0, 30.0, 37.456954746073315], [45.0, 2.0, 2.0, 60.0, 44.72025732460407], [47.0, 2.0, 2.0, 60.0, 51.770060795891936], [104.0, 2.0, 2.0, 60.0, 67.39154057863942], [79.0, 2.0, 2.0, 60.0, 67.78801156455697], [65.0, 2.0, 2.0, 60.0, 73.02081579727279], [10.0, 3.0, 1.0, 30.0, 73.37299733126183], [92.0, 2.0, 2.0, 60.0, 78.81811547138163], [34.0, 2.0, 2.0, 60.0, 87.47475223580068], [23.0, 1.0, 1.0, 30.0, 89.40922635875023], [55.0, 2.0, 2.0, 60.0, 95.5671546720581], [184.0, 3.0, 2.0, 60.0, 96.33602094118923], [121.0, 3.0, 2.0, 60.0, 96.7939072781402], [61.0, 2.0, 2.0, 60.0, 98.36980328880216], [90.0, 2.0, 2.0, 60.0, 102.87579966565295], [18.0, 1.0, 1.0, 30.0, 104.9407263143454], [13.0, 1.0, 1.0, 30.0, 111.17765606341352], [184.0, 2.0, 2.0, 60.0, 112.29553792447513], [59.0, 3.0, 2.0, 60.0, 121.48538924519744], [87.0, 3.0, 1.0, 30.0, 127.62081856126873], [76.0, 1.0, 1.0, 30.0, 130.89979933108373], [64.0, 2.0, 2.0, 60.0, 132.98523286264282], [79.0, 1.0, 1.0, 30.0, 135.25183130913413], [74.0, 1.0, 1.0, 30.0, 135.6372170444124], [132.0, 1.0, 1.0, 30.0, 136.53537831628518], [13.0, 1.0, 1.0, 30.0, 139.96198057430644], [37.0, 1.0, 1.0, 30.0, 141.90538175510554], [3.0, 1.0, 2.0, 60.0, 148.22641604293108], [105.0, 1.0, 1.0, 30.0, 151.7688691800117], [19.0, 2.0, 2.0, 60.0, 152.9585189515018], [17.0, 2.0, 2.0, 60.0, 155.26396063278915], [45.0, 3.0, 2.0, 60.0, 158.4717443187417], [41.0, 2.0, 2.0, 60.0, 160.19091112593068], [14.0, 3.0, 2.0, 60.0, 161.80046723046223], [40.0, 2.0, 2.0, 60.0, 166.19504064142495], [119.0, 2.0, 2.0, 60.0, 167.67977668606895], [52.0, 2.0, 2.0, 60.0, 174.34828881122837], [52.0, 2.0, 2.0, 60.0, 181.30260874245792], [445.0, 2.0, 1.0, 30.0, 186.72302338228388], [68.0, 2.0, 2.0, 60.0, 187.08816512218607], [55.0, 2.0, 2.0, 60.0, 192.75850263079985], [27.0, 2.0, 2.0, 60.0, 199.5301925701257], [129.0, 1.0, 1.0, 30.0, 205.14039082741283], [45.0, 2.0, 2.0, 60.0, 206.54063642859495], [22.0, 2.0, 1.0, 30.0, 208.1453173837751], [17.0, 1.0, 1.0, 30.0, 208.9739969202831], [24.0, 3.0, 1.0, 30.0, 210.74581448374042], [18.0, 1.0, 1.0, 30.0, 210.85151326578935], [59.0, 2.0, 3.0, 120.0, 211.68829524636791], [58.0, 2.0, 2.0, 60.0, 218.2635794691037], [79.0, 2.0, 2.0, 60.0, 238.24236082502787], [79.0, 1.0, 2.0, 60.0, 241.06005128697106], [91.0, 1.0, 1.0, 30.0, 242.4802497949752], [62.0, 2.0, 2.0, 60.0, 244.4690310645114], [134.0, 3.0, 2.0, 60.0, 246.27574217918595], [80.0, 2.0, 2.0, 60.0, 246.92391019530396], [22.0, 2.0, 2.0, 60.0, 252.340535869662], [79.0, 1.0, 1.0, 30.0, 259.21978013724924], [107.0, 2.0, 2.0, 60.0, 266.7588257904633], [53.0, 2.0, 2.0, 60.0, 293.3082397692622], [55.0, 3.0, 1.0, 30.0, 303.841540943146], [17.0, 1.0, 1.0, 30.0, 312.06587014562393], [46.0, 3.0, 2.0, 60.0, 317.28332755550696], [84.0, 1.0, 1.0, 30.0, 320.2459485503109], [29.0, 3.0, 1.0, 30.0, 320.46821633167013], [93.0, 2.0, 2.0, 60.0, 325.25123026577114], [10.0, 1.0, 1.0, 30.0, 328.35814570323583], [72.0, 3.0, 1.0, 30.0, 335.8979525787838], [105.0, 1.0, 2.0, 60.0, 346.037960484565], [9.0, 3.0, 1.0, 30.0, 347.69830455805135], [66.0, 2.0, 1.0, 30.0, 347.94705816407], [12.0, 2.0, 2.0, 60.0, 352.5711693396838], [64.0, 1.0, 2.0, 60.0, 365.3382663386541], [134.0, 3.0, 2.0, 60.0, 369.44362432169635], [99.0, 2.0, 2.0, 60.0, 380.09833875091823], [28.0, 1.0, 1.0, 30.0, 383.8634124776174], [86.0, 2.0, 2.0, 60.0, 390.4333827158369], [100.0, 3.0, 3.0, 120.0, 391.8772976892559], [111.0, 1.0, 1.0, 30.0, 392.54938394344936], [19.0, 1.0, 1.0, 30.0, 393.26178810715084], [100.0, 3.0, 3.0, 120.0, 393.85019969752625], [47.0, 2.0, 2.0, 60.0, 394.1235652920939], [100.0, 2.0, 3.0, 120.0, 402.7065312495663], [272.0, 1.0, 1.0, 30.0, 404.9496062434009], [40.0, 2.0, 2.0, 60.0, 406.8802625567264], [81.0, 1.0, 2.0, 60.0, 411.5550592296831], [13.0, 2.0, 2.0, 60.0, 412.491396507024], [60.0, 2.0, 2.0, 60.0, 422.0828587162822], [92.0, 2.0, 2.0, 60.0, 428.54263891348444], [5.0, 1.0, 1.0, 30.0, 430.18884989348794], [32.0, 2.0, 2.0, 60.0, 431.1918089653501], [115.0, 3.0, 1.0, 30.0, 433.84690701169285]]","[32, 33, 35, 38, 40, 41, 42, 43, 44, 45]","[[0, 2, 0], [3, 2, 0], [0, 3, 1, 0]]","[1, 1, 1, 0, 2, 0, 1, 2, 2, 0]",200,10
38,120.80022734006249,0.03691558837890625,0.19999999999999998,0.2223904201118059,0.06831163442922078,23.260717909561507,0.0,25.864804140047944,10.669695866043066,165,0.0,0.0,7.791063238603787e-16,"[0, 2, 0]","[111.29783558671821, 81.15786088851685, 63.677930772093546]",6,6000,"[[ 0.          9.14564989 11.63035895 10.01701785  9.11693553]
 [ 9.14564989  0.          2.51565342  1.51633417  0.80239815]
 [11.63035895  2.51565342  0.          2.82930406  3.31805157]
 [10.01701785  1.51633417  2.82930406  0.          1.55062517]
 [ 9.11693553  0.80239815  3.31805157  1.55062517  0.        ]]","[[20.0, 2.0, 2.0, 60.0, 0.0], [45.0, 1.0, 2.0, 60.0, 0.0], [100.0, 2.0, 2.0, 60.0, 0.0], [46.0, 2.0, 1.0, 30.0, 0.0], [29.0, 3.0, 1.0, 30.0, 0.0], [89.0, 2.0, 2.0, 60.0, 0.0], [21.0, 1.0, 2.0, 60.0, 0.0], [110.0, 1.0, 1.0, 30.0, 0.0], [30.0, 2.0, 2.0, 60.0, 0.0], [53.0, 2.0, 2.0, 60.0, 0.0], [35.0, 3.0, 1.0, 30.0, 0.0], [29.0, 3.0, 1.0, 30.0, 0.0], [85.0, 3.0, 2.0, 60.0, 0.0], [21.0, 3.0, 2.0, 60.0, 0.0], [48.0, 2.0, 2.0, 60.0, 0.0], [45.0, 2.0, 2.0, 60.0, 0.0], [88.0, 3.0, 3.0, 120.0, 0.0], [58.0, 2.0, 2.0, 60.0, 0.0], [141.0, 1.0, 2.0, 60.0, 0.0], [445.0, 1.0, 1.0, 30.0, 0.0], [55.0, 2.0, 2.0, 60.0, 0.0], [100.0, 1.0, 3.0, 120.0, 0.0], [25.0, 2.0, 2.0, 60.0, 0.0], [4.0, 1.0, 1.0, 30.0, 0.0], [73.0, 3.0, 2.0, 60.0, 12.021043019829973], [11.0, 1.0, 2.0, 60.0, 23.70199129895224], [24.0, 2.0, 2.0, 60.0, 35.625796298323515], [80.0, 2.0, 2.0, 60.0, 37.02476774758143], [16.0, 2.0, 1.0, 30.0, 37.456954746073315], [45.0, 2.0, 2.0, 60.0, 44.72025732460407], [47.0, 2.0, 2.0, 60.0, 51.770060795891936], [104.0, 2.0, 2.0, 60.0, 67.39154057863942], [79.0, 2.0, 2.0, 60.0, 67.78801156455697], [65.0, 2.0, 2.0, 60.0, 73.02081579727279], [10.0, 3.0, 1.0, 30.0, 73.37299733126183], [92.0, 2.0, 2.0, 60.0, 78.81811547138163], [34.0, 2.0, 2.0, 60.0, 87.47475223580068], [23.0, 1.0, 1.0, 30.0, 89.40922635875023], [55.0, 2.0, 2.0, 60.0, 95.5671546720581], [184.0, 3.0, 2.0, 60.0, 96.33602094118923], [121.0, 3.0, 2.0, 60.0, 96.7939072781402], [61.0, 2.0, 2.0, 60.0, 98.36980328880216], [90.0, 2.0, 2.0, 60.0, 102.87579966565295], [18.0, 1.0, 1.0, 30.0, 104.9407263143454], [13.0, 1.0, 1.0, 30.0, 111.17765606341352], [184.0, 2.0, 2.0, 60.0, 112.29553792447513], [59.0, 3.0, 2.0, 60.0, 121.48538924519744], [87.0, 3.0, 1.0, 30.0, 127.62081856126873], [76.0, 1.0, 1.0, 30.0, 130.89979933108373], [64.0, 2.0, 2.0, 60.0, 132.98523286264282], [79.0, 1.0, 1.0, 30.0, 135.25183130913413], [74.0, 1.0, 1.0, 30.0, 135.6372170444124], [132.0, 1.0, 1.0, 30.0, 136.53537831628518], [13.0, 1.0, 1.0, 30.0, 139.96198057430644], [37.0, 1.0, 1.0, 30.0, 141.90538175510554], [3.0, 1.0, 2.0, 60.0, 148.22641604293108], [105.0, 1.0, 1.0, 30.0, 151.7688691800117], [19.0, 2.0, 2.0, 60.0, 152.9585189515018], [17.0, 2.0, 2.0, 60.0, 155.26396063278915], [45.0, 3.0, 2.0, 60.0, 158.4717443187417], [41.0, 2.0, 2.0, 60.0, 160.19091112593068], [14.0, 3.0, 2.0, 60.0, 161.80046723046223], [40.0, 2.0, 2.0, 60.0, 166.19504064142495], [119.0, 2.0, 2.0, 60.0, 167.67977668606895], [52.0, 2.0, 2.0, 60.0, 174.34828881122837], [52.0, 2.0, 2.0, 60.0, 181.30260874245792], [445.0, 2.0, 1.0, 30.0, 186.72302338228388], [68.0, 2.0, 2.0, 60.0, 187.08816512218607], [55.0, 2.0, 2.0, 60.0, 192.75850263079985], [27.0, 2.0, 2.0, 60.0, 199.5301925701257], [129.0, 1.0, 1.0, 30.0, 205.14039082741283], [45.0, 2.0, 2.0, 60.0, 206.54063642859495], [22.0, 2.0, 1.0, 30.0, 208.1453173837751], [17.0, 1.0, 1.0, 30.0, 208.9739969202831], [24.0, 3.0, 1.0, 30.0, 210.74581448374042], [18.0, 1.0, 1.0, 30.0, 210.85151326578935], [59.0, 2.0, 3.0, 120.0, 211.68829524636791], [58.0, 2.0, 2.0, 60.0, 218.2635794691037], [79.0, 2.0, 2.0, 60.0, 238.24236082502787], [79.0, 1.0, 2.0, 60.0, 241.06005128697106], [91.0, 1.0, 1.0, 30.0, 242.4802497949752], [62.0, 2.0, 2.0, 60.0, 244.4690310645114], [134.0, 3.0, 2.0, 60.0, 246.27574217918595], [80.0, 2.0, 2.0, 60.0, 246.92391019530396], [22.0, 2.0, 2.0, 60.0, 252.340535869662], [79.0, 1.0, 1.0, 30.0, 259.21978013724924], [107.0, 2.0, 2.0, 60.0, 266.7588257904633], [53.0, 2.0, 2.0, 60.0, 293.3082397692622], [55.0, 3.0, 1.0, 30.0, 303.841540943146], [17.0, 1.0, 1.0, 30.0, 312.06587014562393], [46.0, 3.0, 2.0, 60.0, 317.28332755550696], [84.0, 1.0, 1.0, 30.0, 320.2459485503109], [29.0, 3.0, 1.0, 30.0, 320.46821633167013], [93.0, 2.0, 2.0, 60.0, 325.25123026577114], [10.0, 1.0, 1.0, 30.0, 328.35814570323583], [72.0, 3.0, 1.0, 30.0, 335.8979525787838], [105.0, 1.0, 2.0, 60.0, 346.037960484565], [9.0, 3.0, 1.0, 30.0, 347.69830455805135], [66.0, 2.0, 1.0, 30.0, 347.94705816407], [12.0, 2.0, 2.0, 60.0, 352.5711693396838], [64.0, 1.0, 2.0, 60.0, 365.3382663386541], [134.0, 3.0, 2.0, 60.0, 369.44362432169635], [99.0, 2.0, 2.0, 60.0, 380.09833875091823], [28.0, 1.0, 1.0, 30.0, 383.8634124776174], [86.0, 2.0, 2.0, 60.0, 390.4333827158369], [100.0, 3.0, 3.0, 120.0, 391.8772976892559], [111.0, 1.0, 1.0, 30.0, 392.54938394344936], [19.0, 1.0, 1.0, 30.0, 393.26178810715084], [100.0, 3.0, 3.0, 120.0, 393.85019969752625], [47.0, 2.0, 2.0, 60.0, 394.1235652920939], [100.0, 2.0, 3.0, 120.0, 402.7065312495663], [272.0, 1.0, 1.0, 30.0, 404.9496062434009], [40.0, 2.0, 2.0, 60.0, 406.8802625567264], [81.0, 1.0, 2.0, 60.0, 411.5550592296831], [13.0, 2.0, 2.0, 60.0, 412.491396507024], [60.0, 2.0, 2.0, 60.0, 422.0828587162822], [92.0, 2.0, 2.0, 60.0, 428.54263891348444], [5.0, 1.0, 1.0, 30.0, 430.18884989348794], [32.0, 2.0, 2.0, 60.0, 431.1918089653501], [115.0, 3.0, 1.0, 30.0, 433.84690701169285]]","[38, 40, 41, 43, 44, 45]","[[0, 2, 0], [2, 0], [0, 1, 3, 0]]","[0, 2, 0, 2, 2, 0]",200,10
39,121.8371429284414,0.02019338607788086,0.19999999999999998,4.649217630408666,5.026593100340747,22.790296183261102,0.0,529.7852340872641,542.5875168972731,65,0.035,0.07109845991573041,0.015861844996243855,"[0, 2, 0]","[111.29783558671821, 69.66438559621037, 63.677930772093546]",6,6000,"[[ 0.          9.04732269 11.39514809  9.91869065  9.01860833]
 [ 9.04732269  0.          2.51565342  1.51633417  0.80239815]
 [11.39514809  2.51565342  0.          2.82930406  3.31805157]
 [ 9.91869065  1.51633417  2.82930406  0.          1.55062517]
 [ 9.01860833  0.80239815  3.31805157  1.55062517  0.        ]]","[[20.0, 2.0, 2.0, 60.0, 0.0], [45.0, 1.0, 2.0, 60.0, 0.0], [100.0, 2.0, 2.0, 60.0, 0.0], [46.0, 2.0, 1.0, 30.0, 0.0], [29.0, 3.0, 1.0, 30.0, 0.0], [89.0, 2.0, 2.0, 60.0, 0.0], [21.0, 1.0, 2.0, 60.0, 0.0], [110.0, 1.0, 1.0, 30.0, 0.0], [30.0, 2.0, 2.0, 60.0, 0.0], [53.0, 2.0, 2.0, 60.0, 0.0], [35.0, 3.0, 1.0, 30.0, 0.0], [29.0, 3.0, 1.0, 30.0, 0.0], [85.0, 3.0, 2.0, 60.0, 0.0], [21.0, 3.0, 2.0, 60.0, 0.0], [48.0, 2.0, 2.0, 60.0, 0.0], [45.0, 2.0, 2.0, 60.0, 0.0], [88.0, 3.0, 3.0, 120.0, 0.0], [58.0, 2.0, 2.0, 60.0, 0.0], [141.0, 1.0, 2.0, 60.0, 0.0], [445.0, 1.0, 1.0, 30.0, 0.0], [55.0, 2.0, 2.0, 60.0, 0.0], [100.0, 1.0, 3.0, 120.0, 0.0], [25.0, 2.0, 2.0, 60.0, 0.0], [4.0, 1.0, 1.0, 30.0, 0.0], [73.0, 3.0, 2.0, 60.0, 12.021043019829973], [11.0, 1.0, 2.0, 60.0, 23.70199129895224], [24.0, 2.0, 2.0, 60.0, 35.625796298323515], [80.0, 2.0, 2.0, 60.0, 37.02476774758143], [16.0, 2.0, 1.0, 30.0, 37.456954746073315], [45.0, 2.0, 2.0, 60.0, 44.72025732460407], [47.0, 2.0, 2.0, 60.0, 51.770060795891936], [104.0, 2.0, 2.0, 60.0, 67.39154057863942], [79.0, 2.0, 2.0, 60.0, 67.78801156455697], [65.0, 2.0, 2.0, 60.0, 73.02081579727279], [10.0, 3.0, 1.0, 30.0, 73.37299733126183], [92.0, 2.0, 2.0, 60.0, 78.81811547138163], [34.0, 2.0, 2.0, 60.0, 87.47475223580068], [23.0, 1.0, 1.0, 30.0, 89.40922635875023], [55.0, 2.0, 2.0, 60.0, 95.5671546720581], [184.0, 3.0, 2.0, 60.0, 96.33602094118923], [121.0, 3.0, 2.0, 60.0, 96.7939072781402], [61.0, 2.0, 2.0, 60.0, 98.36980328880216], [90.0, 2.0, 2.0, 60.0, 102.87579966565295], [18.0, 1.0, 1.0, 30.0, 104.9407263143454], [13.0, 1.0, 1.0, 30.0, 111.17765606341352], [184.0, 2.0, 2.0, 60.0, 112.29553792447513], [59.0, 3.0, 2.0, 60.0, 121.48538924519744], [87.0, 3.0, 1.0, 30.0, 127.62081856126873], [76.0, 1.0, 1.0, 30.0, 130.89979933108373], [64.0, 2.0, 2.0, 60.0, 132.98523286264282], [79.0, 1.0, 1.0, 30.0, 135.25183130913413], [74.0, 1.0, 1.0, 30.0, 135.6372170444124], [132.0, 1.0, 1.0, 30.0, 136.53537831628518], [13.0, 1.0, 1.0, 30.0, 139.96198057430644], [37.0, 1.0, 1.0, 30.0, 141.90538175510554], [3.0, 1.0, 2.0, 60.0, 148.22641604293108], [105.0, 1.0, 1.0, 30.0, 151.7688691800117], [19.0, 2.0, 2.0, 60.0, 152.9585189515018], [17.0, 2.0, 2.0, 60.0, 155.26396063278915], [45.0, 3.0, 2.0, 60.0, 158.4717443187417], [41.0, 2.0, 2.0, 60.0, 160.19091112593068], [14.0, 3.0, 2.0, 60.0, 161.80046723046223], [40.0, 2.0, 2.0, 60.0, 166.19504064142495], [119.0, 2.0, 2.0, 60.0, 167.67977668606895], [52.0, 2.0, 2.0, 60.0, 174.34828881122837], [52.0, 2.0, 2.0, 60.0, 181.30260874245792], [445.0, 2.0, 1.0, 30.0, 186.72302338228388], [68.0, 2.0, 2.0, 60.0, 187.08816512218607], [55.0, 2.0, 2.0, 60.0, 192.75850263079985], [27.0, 2.0, 2.0, 60.0, 199.5301925701257], [129.0, 1.0, 1.0, 30.0, 205.14039082741283], [45.0, 2.0, 2.0, 60.0, 206.54063642859495], [22.0, 2.0, 1.0, 30.0, 208.1453173837751], [17.0, 1.0, 1.0, 30.0, 208.9739969202831], [24.0, 3.0, 1.0, 30.0, 210.74581448374042], [18.0, 1.0, 1.0, 30.0, 210.85151326578935], [59.0, 2.0, 3.0, 120.0, 211.68829524636791], [58.0, 2.0, 2.0, 60.0, 218.2635794691037], [79.0, 2.0, 2.0, 60.0, 238.24236082502787], [79.0, 1.0, 2.0, 60.0, 241.06005128697106], [91.0, 1.0, 1.0, 30.0, 242.4802497949752], [62.0, 2.0, 2.0, 60.0, 244.4690310645114], [134.0, 3.0, 2.0, 60.0, 246.27574217918595], [80.0, 2.0, 2.0, 60.0, 246.92391019530396], [22.0, 2.0, 2.0, 60.0, 252.340535869662], [79.0, 1.0, 1.0, 30.0, 259.21978013724924], [107.0, 2.0, 2.0, 60.0, 266.7588257904633], [53.0, 2.0, 2.0, 60.0, 293.3082397692622], [55.0, 3.0, 1.0, 30.0, 303.841540943146], [17.0, 1.0, 1.0, 30.0, 312.06587014562393], [46.0, 3.0, 2.0, 60.0, 317.28332755550696], [84.0, 1.0, 1.0, 30.0, 320.2459485503109], [29.0, 3.0, 1.0, 30.0, 320.46821633167013], [93.0, 2.0, 2.0, 60.0, 325.25123026577114], [10.0, 1.0, 1.0, 30.0, 328.35814570323583], [72.0, 3.0, 1.0, 30.0, 335.8979525787838], [105.0, 1.0, 2.0, 60.0, 346.037960484565], [9.0, 3.0, 1.0, 30.0, 347.69830455805135], [66.0, 2.0, 1.0, 30.0, 347.94705816407], [12.0, 2.0, 2.0, 60.0, 352.5711693396838], [64.0, 1.0, 2.0, 60.0, 365.3382663386541], [134.0, 3.0, 2.0, 60.0, 369.44362432169635], [99.0, 2.0, 2.0, 60.0, 380.09833875091823], [28.0, 1.0, 1.0, 30.0, 383.8634124776174], [86.0, 2.0, 2.0, 60.0, 390.4333827158369], [100.0, 3.0, 3.0, 120.0, 391.8772976892559], [111.0, 1.0, 1.0, 30.0, 392.54938394344936], [19.0, 1.0, 1.0, 30.0, 393.26178810715084], [100.0, 3.0, 3.0, 120.0, 393.85019969752625], [47.0, 2.0, 2.0, 60.0, 394.1235652920939], [100.0, 2.0, 3.0, 120.0, 402.7065312495663], [272.0, 1.0, 1.0, 30.0, 404.9496062434009], [40.0, 2.0, 2.0, 60.0, 406.8802625567264], [81.0, 1.0, 2.0, 60.0, 411.5550592296831], [13.0, 2.0, 2.0, 60.0, 412.491396507024], [60.0, 2.0, 2.0, 60.0, 422.0828587162822], [92.0, 2.0, 2.0, 60.0, 428.54263891348444], [5.0, 1.0, 1.0, 30.0, 430.18884989348794], [32.0, 2.0, 2.0, 60.0, 431.1918089653501], [115.0, 3.0, 1.0, 30.0, 433.84690701169285]]","[38, 40, 41, 43, 44, 45, 46]","[[0, 2, 0], [2, 0], [0, 1, 3, 0]]","[0, 2, 0, 2, 2, 0, 2]",200,10
40,125.85733631451927,0.018576677640279135,0.17914162939036224,3.883765592693875,4.941242366575708,20.039190696999338,5.649058653580283,434.4468653059171,438.4288237922994,100,0.0575,0.12172504617977815,0.05468043295864058,"[2, 2, 0]","[111.29783558671821, 69.66438559621037, 63.677930772093546]",6,6000,"[[ 0.          9.07278115 11.18622777  9.63949623  8.88103447]
 [ 9.07278115  0.          2.19026506  1.32691332  0.76074446]
 [11.18622777  2.19026506  0.          2.35470972  2.87061844]
 [ 9.63949623  1.32691332  2.35470972  0.          1.3238869 ]
 [ 8.88103447  0.76074446  2.87061844  1.3238869   0.        ]]","[[20.0, 2.0, 2.0, 60.0, 0.0], [45.0, 1.0, 2.0, 60.0, 0.0], [100.0, 2.0, 2.0, 60.0, 0.0], [46.0, 2.0, 1.0, 30.0, 0.0], [29.0, 3.0, 1.0, 30.0, 0.0], [89.0, 2.0, 2.0, 60.0, 0.0], [21.0, 1.0, 2.0, 60.0, 0.0], [110.0, 1.0, 1.0, 30.0, 0.0], [30.0, 2.0, 2.0, 60.0, 0.0], [53.0, 2.0, 2.0, 60.0, 0.0], [35.0, 3.0, 1.0, 30.0, 0.0], [29.0, 3.0, 1.0, 30.0, 0.0], [85.0, 3.0, 2.0, 60.0, 0.0], [21.0, 3.0, 2.0, 60.0, 0.0], [48.0, 2.0, 2.0, 60.0, 0.0], [45.0, 2.0, 2.0, 60.0, 0.0], [88.0, 3.0, 3.0, 120.0, 0.0], [58.0, 2.0, 2.0, 60.0, 0.0], [141.0, 1.0, 2.0, 60.0, 0.0], [445.0, 1.0, 1.0, 30.0, 0.0], [55.0, 2.0, 2.0, 60.0, 0.0], [100.0, 1.0, 3.0, 120.0, 0.0], [25.0, 2.0, 2.0, 60.0, 0.0], [4.0, 1.0, 1.0, 30.0, 0.0], [73.0, 3.0, 2.0, 60.0, 12.021043019829973], [11.0, 1.0, 2.0, 60.0, 23.70199129895224], [24.0, 2.0, 2.0, 60.0, 35.625796298323515], [80.0, 2.0, 2.0, 60.0, 37.02476774758143], [16.0, 2.0, 1.0, 30.0, 37.456954746073315], [45.0, 2.0, 2.0, 60.0, 44.72025732460407], [47.0, 2.0, 2.0, 60.0, 51.770060795891936], [104.0, 2.0, 2.0, 60.0, 67.39154057863942], [79.0, 2.0, 2.0, 60.0, 67.78801156455697], [65.0, 2.0, 2.0, 60.0, 73.02081579727279], [10.0, 3.0, 1.0, 30.0, 73.37299733126183], [92.0, 2.0, 2.0, 60.0, 78.81811547138163], [34.0, 2.0, 2.0, 60.0, 87.47475223580068], [23.0, 1.0, 1.0, 30.0, 89.40922635875023], [55.0, 2.0, 2.0, 60.0, 95.5671546720581], [184.0, 3.0, 2.0, 60.0, 96.33602094118923], [121.0, 3.0, 2.0, 60.0, 96.7939072781402], [61.0, 2.0, 2.0, 60.0, 98.36980328880216], [90.0, 2.0, 2.0, 60.0, 102.87579966565295], [18.0, 1.0, 1.0, 30.0, 104.9407263143454], [13.0, 1.0, 1.0, 30.0, 111.17765606341352], [184.0, 2.0, 2.0, 60.0, 112.29553792447513], [59.0, 3.0, 2.0, 60.0, 121.48538924519744], [87.0, 3.0, 1.0, 30.0, 127.62081856126873], [76.0, 1.0, 1.0, 30.0, 130.89979933108373], [64.0, 2.0, 2.0, 60.0, 132.98523286264282], [79.0, 1.0, 1.0, 30.0, 135.25183130913413], [74.0, 1.0, 1.0, 30.0, 135.6372170444124], [132.0, 1.0, 1.0, 30.0, 136.53537831628518], [13.0, 1.0, 1.0, 30.0, 139.96198057430644], [37.0, 1.0, 1.0, 30.0, 141.90538175510554], [3.0, 1.0, 2.0, 60.0, 148.22641604293108], [105.0, 1.0, 1.0, 30.0, 151.7688691800117], [19.0, 2.0, 2.0, 60.0, 152.9585189515018], [17.0, 2.0, 2.0, 60.0, 155.26396063278915], [45.0, 3.0, 2.0, 60.0, 158.4717443187417], [41.0, 2.0, 2.0, 60.0, 160.19091112593068], [14.0, 3.0, 2.0, 60.0, 161.80046723046223], [40.0, 2.0, 2.0, 60.0, 166.19504064142495], [119.0, 2.0, 2.0, 60.0, 167.67977668606895], [52.0, 2.0, 2.0, 60.0, 174.34828881122837], [52.0, 2.0, 2.0, 60.0, 181.30260874245792], [445.0, 2.0, 1.0, 30.0, 186.72302338228388], [68.0, 2.0, 2.0, 60.0, 187.08816512218607], [55.0, 2.0, 2.0, 60.0, 192.75850263079985], [27.0, 2.0, 2.0, 60.0, 199.5301925701257], [129.0, 1.0, 1.0, 30.0, 205.14039082741283], [45.0, 2.0, 2.0, 60.0, 206.54063642859495], [22.0, 2.0, 1.0, 30.0, 208.1453173837751], [17.0, 1.0, 1.0, 30.0, 208.9739969202831], [24.0, 3.0, 1.0, 30.0, 210.74581448374042], [18.0, 1.0, 1.0, 30.0, 210.85151326578935], [59.0, 2.0, 3.0, 120.0, 211.68829524636791], [58.0, 2.0, 2.0, 60.0, 218.2635794691037], [79.0, 2.0, 2.0, 60.0, 238.24236082502787], [79.0, 1.0, 2.0, 60.0, 241.06005128697106], [91.0, 1.0, 1.0, 30.0, 242.4802497949752], [62.0, 2.0, 2.0, 60.0, 244.4690310645114], [134.0, 3.0, 2.0, 60.0, 246.27574217918595], [80.0, 2.0, 2.0, 60.0, 246.92391019530396], [22.0, 2.0, 2.0, 60.0, 252.340535869662], [79.0, 1.0, 1.0, 30.0, 259.21978013724924], [107.0, 2.0, 2.0, 60.0, 266.7588257904633], [53.0, 2.0, 2.0, 60.0, 293.3082397692622], [55.0, 3.0, 1.0, 30.0, 303.841540943146], [17.0, 1.0, 1.0, 30.0, 312.06587014562393], [46.0, 3.0, 2.0, 60.0, 317.28332755550696], [84.0, 1.0, 1.0, 30.0, 320.2459485503109], [29.0, 3.0, 1.0, 30.0, 320.46821633167013], [93.0, 2.0, 2.0, 60.0, 325.25123026577114], [10.0, 1.0, 1.0, 30.0, 328.35814570323583], [72.0, 3.0, 1.0, 30.0, 335.8979525787838], [105.0, 1.0, 2.0, 60.0, 346.037960484565], [9.0, 3.0, 1.0, 30.0, 347.69830455805135], [66.0, 2.0, 1.0, 30.0, 347.94705816407], [12.0, 2.0, 2.0, 60.0, 352.5711693396838], [64.0, 1.0, 2.0, 60.0, 365.3382663386541], [134.0, 3.0, 2.0, 60.0, 369.44362432169635], [99.0, 2.0, 2.0, 60.0, 380.09833875091823], [28.0, 1.0, 1.0, 30.0, 383.8634124776174], [86.0, 2.0, 2.0, 60.0, 390.4333827158369], [100.0, 3.0, 3.0, 120.0, 391.8772976892559], [111.0, 1.0, 1.0, 30.0, 392.54938394344936], [19.0, 1.0, 1.0, 30.0, 393.26178810715084], [100.0, 3.0, 3.0, 120.0, 393.85019969752625], [47.0, 2.0, 2.0, 60.0, 394.1235652920939], [100.0, 2.0, 3.0, 120.0, 402.7065312495663], [272.0, 1.0, 1.0, 30.0, 404.9496062434009], [40.0, 2.0, 2.0, 60.0, 406.8802625567264], [81.0, 1.0, 2.0, 60.0, 411.5550592296831], [13.0, 2.0, 2.0, 60.0, 412.491396507024], [60.0, 2.0, 2.0, 60.0, 422.0828587162822], [92.0, 2.0, 2.0, 60.0, 428.54263891348444], [5.0, 1.0, 1.0, 30.0, 430.18884989348794], [32.0, 2.0, 2.0, 60.0, 431.1918089653501], [115.0, 3.0, 1.0, 30.0, 433.84690701169285]]","[40, 43, 44, 46]","[[2, 0], [2, 0], [0, 3, 1, 0]]","[2, 2, 2, 2]",200,10
41,131.87591299215956,0.010683472951253254,0.25524112137076505,16.65035865117552,10.303446092566125,29.17626111055167,0.0,1903.2795694599713,1946.1633443144344,3,0.3683333333333333,0.8572017010712415,0.1889695099812323,"[2, 2, 1]","[100.11160781532034, 69.66438559621037, 62.3904278509195]",6,6000,"[[ 0.          9.21129197 11.4308623   9.57637403  9.02608181]
 [ 9.21129197  0.          2.42462892  1.17730314  0.80356205]
 [11.4308623   2.42462892  0.          2.41806142  2.97020562]
 [ 9.57637403  1.17730314  2.41806142  0.          1.11571736]
 [ 9.02608181  0.80356205  2.97020562  1.11571736  0.        ]]","[[20.0, 2.0, 2.0, 60.0, 0.0], [45.0, 1.0, 2.0, 60.0, 0.0], [100.0, 2.0, 2.0, 60.0, 0.0], [46.0, 2.0, 1.0, 30.0, 0.0], [29.0, 3.0, 1.0, 30.0, 0.0], [89.0, 2.0, 2.0, 60.0, 0.0], [21.0, 1.0, 2.0, 60.0, 0.0], [110.0, 1.0, 1.0, 30.0, 0.0], [30.0, 2.0, 2.0, 60.0, 0.0], [53.0, 2.0, 2.0, 60.0, 0.0], [35.0, 3.0, 1.0, 30.0, 0.0], [29.0, 3.0, 1.0, 30.0, 0.0], [85.0, 3.0, 2.0, 60.0, 0.0], [21.0, 3.0, 2.0, 60.0, 0.0], [48.0, 2.0, 2.0, 60.0, 0.0], [45.0, 2.0, 2.0, 60.0, 0.0], [88.0, 3.0, 3.0, 120.0, 0.0], [58.0, 2.0, 2.0, 60.0, 0.0], [141.0, 1.0, 2.0, 60.0, 0.0], [445.0, 1.0, 1.0, 30.0, 0.0], [55.0, 2.0, 2.0, 60.0, 0.0], [100.0, 1.0, 3.0, 120.0, 0.0], [25.0, 2.0, 2.0, 60.0, 0.0], [4.0, 1.0, 1.0, 30.0, 0.0], [73.0, 3.0, 2.0, 60.0, 12.021043019829973], [11.0, 1.0, 2.0, 60.0, 23.70199129895224], [24.0, 2.0, 2.0, 60.0, 35.625796298323515], [80.0, 2.0, 2.0, 60.0, 37.02476774758143], [16.0, 2.0, 1.0, 30.0, 37.456954746073315], [45.0, 2.0, 2.0, 60.0, 44.72025732460407], [47.0, 2.0, 2.0, 60.0, 51.770060795891936], [104.0, 2.0, 2.0, 60.0, 67.39154057863942], [79.0, 2.0, 2.0, 60.0, 67.78801156455697], [65.0, 2.0, 2.0, 60.0, 73.02081579727279], [10.0, 3.0, 1.0, 30.0, 73.37299733126183], [92.0, 2.0, 2.0, 60.0, 78.81811547138163], [34.0, 2.0, 2.0, 60.0, 87.47475223580068], [23.0, 1.0, 1.0, 30.0, 89.40922635875023], [55.0, 2.0, 2.0, 60.0, 95.5671546720581], [184.0, 3.0, 2.0, 60.0, 96.33602094118923], [121.0, 3.0, 2.0, 60.0, 96.7939072781402], [61.0, 2.0, 2.0, 60.0, 98.36980328880216], [90.0, 2.0, 2.0, 60.0, 102.87579966565295], [18.0, 1.0, 1.0, 30.0, 104.9407263143454], [13.0, 1.0, 1.0, 30.0, 111.17765606341352], [184.0, 2.0, 2.0, 60.0, 112.29553792447513], [59.0, 3.0, 2.0, 60.0, 121.48538924519744], [87.0, 3.0, 1.0, 30.0, 127.62081856126873], [76.0, 1.0, 1.0, 30.0, 130.89979933108373], [64.0, 2.0, 2.0, 60.0, 132.98523286264282], [79.0, 1.0, 1.0, 30.0, 135.25183130913413], [74.0, 1.0, 1.0, 30.0, 135.6372170444124], [132.0, 1.0, 1.0, 30.0, 136.53537831628518], [13.0, 1.0, 1.0, 30.0, 139.96198057430644], [37.0, 1.0, 1.0, 30.0, 141.90538175510554], [3.0, 1.0, 2.0, 60.0, 148.22641604293108], [105.0, 1.0, 1.0, 30.0, 151.7688691800117], [19.0, 2.0, 2.0, 60.0, 152.9585189515018], [17.0, 2.0, 2.0, 60.0, 155.26396063278915], [45.0, 3.0, 2.0, 60.0, 158.4717443187417], [41.0, 2.0, 2.0, 60.0, 160.19091112593068], [14.0, 3.0, 2.0, 60.0, 161.80046723046223], [40.0, 2.0, 2.0, 60.0, 166.19504064142495], [119.0, 2.0, 2.0, 60.0, 167.67977668606895], [52.0, 2.0, 2.0, 60.0, 174.34828881122837], [52.0, 2.0, 2.0, 60.0, 181.30260874245792], [445.0, 2.0, 1.0, 30.0, 186.72302338228388], [68.0, 2.0, 2.0, 60.0, 187.08816512218607], [55.0, 2.0, 2.0, 60.0, 192.75850263079985], [27.0, 2.0, 2.0, 60.0, 199.5301925701257], [129.0, 1.0, 1.0, 30.0, 205.14039082741283], [45.0, 2.0, 2.0, 60.0, 206.54063642859495], [22.0, 2.0, 1.0, 30.0, 208.1453173837751], [17.0, 1.0, 1.0, 30.0, 208.9739969202831], [24.0, 3.0, 1.0, 30.0, 210.74581448374042], [18.0, 1.0, 1.0, 30.0, 210.85151326578935], [59.0, 2.0, 3.0, 120.0, 211.68829524636791], [58.0, 2.0, 2.0, 60.0, 218.2635794691037], [79.0, 2.0, 2.0, 60.0, 238.24236082502787], [79.0, 1.0, 2.0, 60.0, 241.06005128697106], [91.0, 1.0, 1.0, 30.0, 242.4802497949752], [62.0, 2.0, 2.0, 60.0, 244.4690310645114], [134.0, 3.0, 2.0, 60.0, 246.27574217918595], [80.0, 2.0, 2.0, 60.0, 246.92391019530396], [22.0, 2.0, 2.0, 60.0, 252.340535869662], [79.0, 1.0, 1.0, 30.0, 259.21978013724924], [107.0, 2.0, 2.0, 60.0, 266.7588257904633], [53.0, 2.0, 2.0, 60.0, 293.3082397692622], [55.0, 3.0, 1.0, 30.0, 303.841540943146], [17.0, 1.0, 1.0, 30.0, 312.06587014562393], [46.0, 3.0, 2.0, 60.0, 317.28332755550696], [84.0, 1.0, 1.0, 30.0, 320.2459485503109], [29.0, 3.0, 1.0, 30.0, 320.46821633167013], [93.0, 2.0, 2.0, 60.0, 325.25123026577114], [10.0, 1.0, 1.0, 30.0, 328.35814570323583], [72.0, 3.0, 1.0, 30.0, 335.8979525787838], [105.0, 1.0, 2.0, 60.0, 346.037960484565], [9.0, 3.0, 1.0, 30.0, 347.69830455805135], [66.0, 2.0, 1.0, 30.0, 347.94705816407], [12.0, 2.0, 2.0, 60.0, 352.5711693396838], [64.0, 1.0, 2.0, 60.0, 365.3382663386541], [134.0, 3.0, 2.0, 60.0, 369.44362432169635], [99.0, 2.0, 2.0, 60.0, 380.09833875091823], [28.0, 1.0, 1.0, 30.0, 383.8634124776174], [86.0, 2.0, 2.0, 60.0, 390.4333827158369], [100.0, 3.0, 3.0, 120.0, 391.8772976892559], [111.0, 1.0, 1.0, 30.0, 392.54938394344936], [19.0, 1.0, 1.0, 30.0, 393.26178810715084], [100.0, 3.0, 3.0, 120.0, 393.85019969752625], [47.0, 2.0, 2.0, 60.0, 394.1235652920939], [100.0, 2.0, 3.0, 120.0, 402.7065312495663], [272.0, 1.0, 1.0, 30.0, 404.9496062434009], [40.0, 2.0, 2.0, 60.0, 406.8802625567264], [81.0, 1.0, 2.0, 60.0, 411.5550592296831], [13.0, 2.0, 2.0, 60.0, 412.491396507024], [60.0, 2.0, 2.0, 60.0, 422.0828587162822], [92.0, 2.0, 2.0, 60.0, 428.54263891348444], [5.0, 1.0, 1.0, 30.0, 430.18884989348794], [32.0, 2.0, 2.0, 60.0, 431.1918089653501], [115.0, 3.0, 1.0, 30.0, 433.84690701169285]]","[46, 47, 48]","[[2, 0], [2, 0], [1, 0, 3, 1, 0]]","[2, 2, 2]",200,10
42,133.8865964651108,0.011651309331258138,0.3,18.166962146198127,10.126212341417899,35.201602676105885,0.0,2131.6872776744076,2188.2419574571027,1,0.38275,0.7239381720495932,0.1955058863677498,"[2, 0, 1]","[100.11160781532034, 70.2203638405733, 52.97583968245522]",6,6000,"[[ 0.          9.44726153 11.73386756  9.88243059  9.27870505]
 [ 9.44726153  0.          2.28660603  1.05428938  0.68909416]
 [11.73386756  2.28660603  0.          2.41806142  2.97570019]
 [ 9.88243059  1.05428938  2.41806142  0.          1.12426323]
 [ 9.27870505  0.68909416  2.97570019  1.12426323  0.        ]]","[[20.0, 2.0, 2.0, 60.0, 0.0], [45.0, 1.0, 2.0, 60.0, 0.0], [100.0, 2.0, 2.0, 60.0, 0.0], [46.0, 2.0, 1.0, 30.0, 0.0], [29.0, 3.0, 1.0, 30.0, 0.0], [89.0, 2.0, 2.0, 60.0, 0.0], [21.0, 1.0, 2.0, 60.0, 0.0], [110.0, 1.0, 1.0, 30.0, 0.0], [30.0, 2.0, 2.0, 60.0, 0.0], [53.0, 2.0, 2.0, 60.0, 0.0], [35.0, 3.0, 1.0, 30.0, 0.0], [29.0, 3.0, 1.0, 30.0, 0.0], [85.0, 3.0, 2.0, 60.0, 0.0], [21.0, 3.0, 2.0, 60.0, 0.0], [48.0, 2.0, 2.0, 60.0, 0.0], [45.0, 2.0, 2.0, 60.0, 0.0], [88.0, 3.0, 3.0, 120.0, 0.0], [58.0, 2.0, 2.0, 60.0, 0.0], [141.0, 1.0, 2.0, 60.0, 0.0], [445.0, 1.0, 1.0, 30.0, 0.0], [55.0, 2.0, 2.0, 60.0, 0.0], [100.0, 1.0, 3.0, 120.0, 0.0], [25.0, 2.0, 2.0, 60.0, 0.0], [4.0, 1.0, 1.0, 30.0, 0.0], [73.0, 3.0, 2.0, 60.0, 12.021043019829973], [11.0, 1.0, 2.0, 60.0, 23.70199129895224], [24.0, 2.0, 2.0, 60.0, 35.625796298323515], [80.0, 2.0, 2.0, 60.0, 37.02476774758143], [16.0, 2.0, 1.0, 30.0, 37.456954746073315], [45.0, 2.0, 2.0, 60.0, 44.72025732460407], [47.0, 2.0, 2.0, 60.0, 51.770060795891936], [104.0, 2.0, 2.0, 60.0, 67.39154057863942], [79.0, 2.0, 2.0, 60.0, 67.78801156455697], [65.0, 2.0, 2.0, 60.0, 73.02081579727279], [10.0, 3.0, 1.0, 30.0, 73.37299733126183], [92.0, 2.0, 2.0, 60.0, 78.81811547138163], [34.0, 2.0, 2.0, 60.0, 87.47475223580068], [23.0, 1.0, 1.0, 30.0, 89.40922635875023], [55.0, 2.0, 2.0, 60.0, 95.5671546720581], [184.0, 3.0, 2.0, 60.0, 96.33602094118923], [121.0, 3.0, 2.0, 60.0, 96.7939072781402], [61.0, 2.0, 2.0, 60.0, 98.36980328880216], [90.0, 2.0, 2.0, 60.0, 102.87579966565295], [18.0, 1.0, 1.0, 30.0, 104.9407263143454], [13.0, 1.0, 1.0, 30.0, 111.17765606341352], [184.0, 2.0, 2.0, 60.0, 112.29553792447513], [59.0, 3.0, 2.0, 60.0, 121.48538924519744], [87.0, 3.0, 1.0, 30.0, 127.62081856126873], [76.0, 1.0, 1.0, 30.0, 130.89979933108373], [64.0, 2.0, 2.0, 60.0, 132.98523286264282], [79.0, 1.0, 1.0, 30.0, 135.25183130913413], [74.0, 1.0, 1.0, 30.0, 135.6372170444124], [132.0, 1.0, 1.0, 30.0, 136.53537831628518], [13.0, 1.0, 1.0, 30.0, 139.96198057430644], [37.0, 1.0, 1.0, 30.0, 141.90538175510554], [3.0, 1.0, 2.0, 60.0, 148.22641604293108], [105.0, 1.0, 1.0, 30.0, 151.7688691800117], [19.0, 2.0, 2.0, 60.0, 152.9585189515018], [17.0, 2.0, 2.0, 60.0, 155.26396063278915], [45.0, 3.0, 2.0, 60.0, 158.4717443187417], [41.0, 2.0, 2.0, 60.0, 160.19091112593068], [14.0, 3.0, 2.0, 60.0, 161.80046723046223], [40.0, 2.0, 2.0, 60.0, 166.19504064142495], [119.0, 2.0, 2.0, 60.0, 167.67977668606895], [52.0, 2.0, 2.0, 60.0, 174.34828881122837], [52.0, 2.0, 2.0, 60.0, 181.30260874245792], [445.0, 2.0, 1.0, 30.0, 186.72302338228388], [68.0, 2.0, 2.0, 60.0, 187.08816512218607], [55.0, 2.0, 2.0, 60.0, 192.75850263079985], [27.0, 2.0, 2.0, 60.0, 199.5301925701257], [129.0, 1.0, 1.0, 30.0, 205.14039082741283], [45.0, 2.0, 2.0, 60.0, 206.54063642859495], [22.0, 2.0, 1.0, 30.0, 208.1453173837751], [17.0, 1.0, 1.0, 30.0, 208.9739969202831], [24.0, 3.0, 1.0, 30.0, 210.74581448374042], [18.0, 1.0, 1.0, 30.0, 210.85151326578935], [59.0, 2.0, 3.0, 120.0, 211.68829524636791], [58.0, 2.0, 2.0, 60.0, 218.2635794691037], [79.0, 2.0, 2.0, 60.0, 238.24236082502787], [79.0, 1.0, 2.0, 60.0, 241.06005128697106], [91.0, 1.0, 1.0, 30.0, 242.4802497949752], [62.0, 2.0, 2.0, 60.0, 244.4690310645114], [134.0, 3.0, 2.0, 60.0, 246.27574217918595], [80.0, 2.0, 2.0, 60.0, 246.92391019530396], [22.0, 2.0, 2.0, 60.0, 252.340535869662], [79.0, 1.0, 1.0, 30.0, 259.21978013724924], [107.0, 2.0, 2.0, 60.0, 266.7588257904633], [53.0, 2.0, 2.0, 60.0, 293.3082397692622], [55.0, 3.0, 1.0, 30.0, 303.841540943146], [17.0, 1.0, 1.0, 30.0, 312.06587014562393], [46.0, 3.0, 2.0, 60.0, 317.28332755550696], [84.0, 1.0, 1.0, 30.0, 320.2459485503109], [29.0, 3.0, 1.0, 30.0, 320.46821633167013], [93.0, 2.0, 2.0, 60.0, 325.25123026577114], [10.0, 1.0, 1.0, 30.0, 328.35814570323583], [72.0, 3.0, 1.0, 30.0, 335.8979525787838], [105.0, 1.0, 2.0, 60.0, 346.037960484565], [9.0, 3.0, 1.0, 30.0, 347.69830455805135], [66.0, 2.0, 1.0, 30.0, 347.94705816407], [12.0, 2.0, 2.0, 60.0, 352.5711693396838], [64.0, 1.0, 2.0, 60.0, 365.3382663386541], [134.0, 3.0, 2.0, 60.0, 369.44362432169635], [99.0, 2.0, 2.0, 60.0, 380.09833875091823], [28.0, 1.0, 1.0, 30.0, 383.8634124776174], [86.0, 2.0, 2.0, 60.0, 390.4333827158369], [100.0, 3.0, 3.0, 120.0, 391.8772976892559], [111.0, 1.0, 1.0, 30.0, 392.54938394344936], [19.0, 1.0, 1.0, 30.0, 393.26178810715084], [100.0, 3.0, 3.0, 120.0, 393.85019969752625], [47.0, 2.0, 2.0, 60.0, 394.1235652920939], [100.0, 2.0, 3.0, 120.0, 402.7065312495663], [272.0, 1.0, 1.0, 30.0, 404.9496062434009], [40.0, 2.0, 2.0, 60.0, 406.8802625567264], [81.0, 1.0, 2.0, 60.0, 411.5550592296831], [13.0, 2.0, 2.0, 60.0, 412.491396507024], [60.0, 2.0, 2.0, 60.0, 422.0828587162822], [92.0, 2.0, 2.0, 60.0, 428.54263891348444], [5.0, 1.0, 1.0, 30.0, 430.18884989348794], [32.0, 2.0, 2.0, 60.0, 431.1918089653501], [115.0, 3.0, 1.0, 30.0, 433.84690701169285]]","[46, 47, 48, 49]","[[2, 0, 1, 2, 0], [0, 3, 0], [1, 0]]","[1, 1, 0, 0]",200,10
43,135.89824777444207,0.013327980041503906,0.2106585523484207,14.71595204292776,10.084616034007253,23.435384920934393,0.0,1637.1231870691647,1723.6508922158575,1,0.23333333333333336,0.4863088601110584,0.06718759346190288,"[2, 0, 1]","[100.11160781532034, 60.40723739166919, 52.97583968245522]",6,6000,"[[ 0.          8.83821405 11.12482007  9.28100819  8.67728265]
 [ 8.83821405  0.          2.28660603  1.05428938  0.68909416]
 [11.12482007  2.28660603  0.          2.41806142  2.97570019]
 [ 9.28100819  1.05428938  2.41806142  0.          1.12426323]
 [ 8.67728265  0.68909416  2.97570019  1.12426323  0.        ]]","[[20.0, 2.0, 2.0, 60.0, 0.0], [45.0, 1.0, 2.0, 60.0, 0.0], [100.0, 2.0, 2.0, 60.0, 0.0], [46.0, 2.0, 1.0, 30.0, 0.0], [29.0, 3.0, 1.0, 30.0, 0.0], [89.0, 2.0, 2.0, 60.0, 0.0], [21.0, 1.0, 2.0, 60.0, 0.0], [110.0, 1.0, 1.0, 30.0, 0.0], [30.0, 2.0, 2.0, 60.0, 0.0], [53.0, 2.0, 2.0, 60.0, 0.0], [35.0, 3.0, 1.0, 30.0, 0.0], [29.0, 3.0, 1.0, 30.0, 0.0], [85.0, 3.0, 2.0, 60.0, 0.0], [21.0, 3.0, 2.0, 60.0, 0.0], [48.0, 2.0, 2.0, 60.0, 0.0], [45.0, 2.0, 2.0, 60.0, 0.0], [88.0, 3.0, 3.0, 120.0, 0.0], [58.0, 2.0, 2.0, 60.0, 0.0], [141.0, 1.0, 2.0, 60.0, 0.0], [445.0, 1.0, 1.0, 30.0, 0.0], [55.0, 2.0, 2.0, 60.0, 0.0], [100.0, 1.0, 3.0, 120.0, 0.0], [25.0, 2.0, 2.0, 60.0, 0.0], [4.0, 1.0, 1.0, 30.0, 0.0], [73.0, 3.0, 2.0, 60.0, 12.021043019829973], [11.0, 1.0, 2.0, 60.0, 23.70199129895224], [24.0, 2.0, 2.0, 60.0, 35.625796298323515], [80.0, 2.0, 2.0, 60.0, 37.02476774758143], [16.0, 2.0, 1.0, 30.0, 37.456954746073315], [45.0, 2.0, 2.0, 60.0, 44.72025732460407], [47.0, 2.0, 2.0, 60.0, 51.770060795891936], [104.0, 2.0, 2.0, 60.0, 67.39154057863942], [79.0, 2.0, 2.0, 60.0, 67.78801156455697], [65.0, 2.0, 2.0, 60.0, 73.02081579727279], [10.0, 3.0, 1.0, 30.0, 73.37299733126183], [92.0, 2.0, 2.0, 60.0, 78.81811547138163], [34.0, 2.0, 2.0, 60.0, 87.47475223580068], [23.0, 1.0, 1.0, 30.0, 89.40922635875023], [55.0, 2.0, 2.0, 60.0, 95.5671546720581], [184.0, 3.0, 2.0, 60.0, 96.33602094118923], [121.0, 3.0, 2.0, 60.0, 96.7939072781402], [61.0, 2.0, 2.0, 60.0, 98.36980328880216], [90.0, 2.0, 2.0, 60.0, 102.87579966565295], [18.0, 1.0, 1.0, 30.0, 104.9407263143454], [13.0, 1.0, 1.0, 30.0, 111.17765606341352], [184.0, 2.0, 2.0, 60.0, 112.29553792447513], [59.0, 3.0, 2.0, 60.0, 121.48538924519744], [87.0, 3.0, 1.0, 30.0, 127.62081856126873], [76.0, 1.0, 1.0, 30.0, 130.89979933108373], [64.0, 2.0, 2.0, 60.0, 132.98523286264282], [79.0, 1.0, 1.0, 30.0, 135.25183130913413], [74.0, 1.0, 1.0, 30.0, 135.6372170444124], [132.0, 1.0, 1.0, 30.0, 136.53537831628518], [13.0, 1.0, 1.0, 30.0, 139.96198057430644], [37.0, 1.0, 1.0, 30.0, 141.90538175510554], [3.0, 1.0, 2.0, 60.0, 148.22641604293108], [105.0, 1.0, 1.0, 30.0, 151.7688691800117], [19.0, 2.0, 2.0, 60.0, 152.9585189515018], [17.0, 2.0, 2.0, 60.0, 155.26396063278915], [45.0, 3.0, 2.0, 60.0, 158.4717443187417], [41.0, 2.0, 2.0, 60.0, 160.19091112593068], [14.0, 3.0, 2.0, 60.0, 161.80046723046223], [40.0, 2.0, 2.0, 60.0, 166.19504064142495], [119.0, 2.0, 2.0, 60.0, 167.67977668606895], [52.0, 2.0, 2.0, 60.0, 174.34828881122837], [52.0, 2.0, 2.0, 60.0, 181.30260874245792], [445.0, 2.0, 1.0, 30.0, 186.72302338228388], [68.0, 2.0, 2.0, 60.0, 187.08816512218607], [55.0, 2.0, 2.0, 60.0, 192.75850263079985], [27.0, 2.0, 2.0, 60.0, 199.5301925701257], [129.0, 1.0, 1.0, 30.0, 205.14039082741283], [45.0, 2.0, 2.0, 60.0, 206.54063642859495], [22.0, 2.0, 1.0, 30.0, 208.1453173837751], [17.0, 1.0, 1.0, 30.0, 208.9739969202831], [24.0, 3.0, 1.0, 30.0, 210.74581448374042], [18.0, 1.0, 1.0, 30.0, 210.85151326578935], [59.0, 2.0, 3.0, 120.0, 211.68829524636791], [58.0, 2.0, 2.0, 60.0, 218.2635794691037], [79.0, 2.0, 2.0, 60.0, 238.24236082502787], [79.0, 1.0, 2.0, 60.0, 241.06005128697106], [91.0, 1.0, 1.0, 30.0, 242.4802497949752], [62.0, 2.0, 2.0, 60.0, 244.4690310645114], [134.0, 3.0, 2.0, 60.0, 246.27574217918595], [80.0, 2.0, 2.0, 60.0, 246.92391019530396], [22.0, 2.0, 2.0, 60.0, 252.340535869662], [79.0, 1.0, 1.0, 30.0, 259.21978013724924], [107.0, 2.0, 2.0, 60.0, 266.7588257904633], [53.0, 2.0, 2.0, 60.0, 293.3082397692622], [55.0, 3.0, 1.0, 30.0, 303.841540943146], [17.0, 1.0, 1.0, 30.0, 312.06587014562393], [46.0, 3.0, 2.0, 60.0, 317.28332755550696], [84.0, 1.0, 1.0, 30.0, 320.2459485503109], [29.0, 3.0, 1.0, 30.0, 320.46821633167013], [93.0, 2.0, 2.0, 60.0, 325.25123026577114], [10.0, 1.0, 1.0, 30.0, 328.35814570323583], [72.0, 3.0, 1.0, 30.0, 335.8979525787838], [105.0, 1.0, 2.0, 60.0, 346.037960484565], [9.0, 3.0, 1.0, 30.0, 347.69830455805135], [66.0, 2.0, 1.0, 30.0, 347.94705816407], [12.0, 2.0, 2.0, 60.0, 352.5711693396838], [64.0, 1.0, 2.0, 60.0, 365.3382663386541], [134.0, 3.0, 2.0, 60.0, 369.44362432169635], [99.0, 2.0, 2.0, 60.0, 380.09833875091823], [28.0, 1.0, 1.0, 30.0, 383.8634124776174], [86.0, 2.0, 2.0, 60.0, 390.4333827158369], [100.0, 3.0, 3.0, 120.0, 391.8772976892559], [111.0, 1.0, 1.0, 30.0, 392.54938394344936], [19.0, 1.0, 1.0, 30.0, 393.26178810715084], [100.0, 3.0, 3.0, 120.0, 393.85019969752625], [47.0, 2.0, 2.0, 60.0, 394.1235652920939], [100.0, 2.0, 3.0, 120.0, 402.7065312495663], [272.0, 1.0, 1.0, 30.0, 404.9496062434009], [40.0, 2.0, 2.0, 60.0, 406.8802625567264], [81.0, 1.0, 2.0, 60.0, 411.5550592296831], [13.0, 2.0, 2.0, 60.0, 412.491396507024], [60.0, 2.0, 2.0, 60.0, 422.0828587162822], [92.0, 2.0, 2.0, 60.0, 428.54263891348444], [5.0, 1.0, 1.0, 30.0, 430.18884989348794], [32.0, 2.0, 2.0, 60.0, 431.1918089653501], [115.0, 3.0, 1.0, 30.0, 433.84690701169285]]","[46, 47, 48, 49, 50, 51]","[[2, 0], [0, 1, 3, 2, 0], [1, 0]]","[1, 1, 1, 1, 1, 1]",200,10
44,136.91157575448358,0.014330812295277913,0.2574319091398517,16.843128391287152,10.900004870590596,27.656648134779854,0.0,1809.5055774678146,2049.4258776534807,1,0.25585714285714284,0.5099793166884576,0.0670526019898592,"[2, 0, 1]","[100.11160781532034, 60.40723739166919, 52.97583968245522]",6,6000,"[[ 0.          8.4566807  10.74328673  8.89947485  8.29574931]
 [ 8.4566807   0.          2.28660603  1.05428938  0.68909416]
 [10.74328673  2.28660603  0.          2.41806142  2.97570019]
 [ 8.89947485  1.05428938  2.41806142  0.          1.12426323]
 [ 8.29574931  0.68909416  2.97570019  1.12426323  0.        ]]","[[20.0, 2.0, 2.0, 60.0, 0.0], [45.0, 1.0, 2.0, 60.0, 0.0], [100.0, 2.0, 2.0, 60.0, 0.0], [46.0, 2.0, 1.0, 30.0, 0.0], [29.0, 3.0, 1.0, 30.0, 0.0], [89.0, 2.0, 2.0, 60.0, 0.0], [21.0, 1.0, 2.0, 60.0, 0.0], [110.0, 1.0, 1.0, 30.0, 0.0], [30.0, 2.0, 2.0, 60.0, 0.0], [53.0, 2.0, 2.0, 60.0, 0.0], [35.0, 3.0, 1.0, 30.0, 0.0], [29.0, 3.0, 1.0, 30.0, 0.0], [85.0, 3.0, 2.0, 60.0, 0.0], [21.0, 3.0, 2.0, 60.0, 0.0], [48.0, 2.0, 2.0, 60.0, 0.0], [45.0, 2.0, 2.0, 60.0, 0.0], [88.0, 3.0, 3.0, 120.0, 0.0], [58.0, 2.0, 2.0, 60.0, 0.0], [141.0, 1.0, 2.0, 60.0, 0.0], [445.0, 1.0, 1.0, 30.0, 0.0], [55.0, 2.0, 2.0, 60.0, 0.0], [100.0, 1.0, 3.0, 120.0, 0.0], [25.0, 2.0, 2.0, 60.0, 0.0], [4.0, 1.0, 1.0, 30.0, 0.0], [73.0, 3.0, 2.0, 60.0, 12.021043019829973], [11.0, 1.0, 2.0, 60.0, 23.70199129895224], [24.0, 2.0, 2.0, 60.0, 35.625796298323515], [80.0, 2.0, 2.0, 60.0, 37.02476774758143], [16.0, 2.0, 1.0, 30.0, 37.456954746073315], [45.0, 2.0, 2.0, 60.0, 44.72025732460407], [47.0, 2.0, 2.0, 60.0, 51.770060795891936], [104.0, 2.0, 2.0, 60.0, 67.39154057863942], [79.0, 2.0, 2.0, 60.0, 67.78801156455697], [65.0, 2.0, 2.0, 60.0, 73.02081579727279], [10.0, 3.0, 1.0, 30.0, 73.37299733126183], [92.0, 2.0, 2.0, 60.0, 78.81811547138163], [34.0, 2.0, 2.0, 60.0, 87.47475223580068], [23.0, 1.0, 1.0, 30.0, 89.40922635875023], [55.0, 2.0, 2.0, 60.0, 95.5671546720581], [184.0, 3.0, 2.0, 60.0, 96.33602094118923], [121.0, 3.0, 2.0, 60.0, 96.7939072781402], [61.0, 2.0, 2.0, 60.0, 98.36980328880216], [90.0, 2.0, 2.0, 60.0, 102.87579966565295], [18.0, 1.0, 1.0, 30.0, 104.9407263143454], [13.0, 1.0, 1.0, 30.0, 111.17765606341352], [184.0, 2.0, 2.0, 60.0, 112.29553792447513], [59.0, 3.0, 2.0, 60.0, 121.48538924519744], [87.0, 3.0, 1.0, 30.0, 127.62081856126873], [76.0, 1.0, 1.0, 30.0, 130.89979933108373], [64.0, 2.0, 2.0, 60.0, 132.98523286264282], [79.0, 1.0, 1.0, 30.0, 135.25183130913413], [74.0, 1.0, 1.0, 30.0, 135.6372170444124], [132.0, 1.0, 1.0, 30.0, 136.53537831628518], [13.0, 1.0, 1.0, 30.0, 139.96198057430644], [37.0, 1.0, 1.0, 30.0, 141.90538175510554], [3.0, 1.0, 2.0, 60.0, 148.22641604293108], [105.0, 1.0, 1.0, 30.0, 151.7688691800117], [19.0, 2.0, 2.0, 60.0, 152.9585189515018], [17.0, 2.0, 2.0, 60.0, 155.26396063278915], [45.0, 3.0, 2.0, 60.0, 158.4717443187417], [41.0, 2.0, 2.0, 60.0, 160.19091112593068], [14.0, 3.0, 2.0, 60.0, 161.80046723046223], [40.0, 2.0, 2.0, 60.0, 166.19504064142495], [119.0, 2.0, 2.0, 60.0, 167.67977668606895], [52.0, 2.0, 2.0, 60.0, 174.34828881122837], [52.0, 2.0, 2.0, 60.0, 181.30260874245792], [445.0, 2.0, 1.0, 30.0, 186.72302338228388], [68.0, 2.0, 2.0, 60.0, 187.08816512218607], [55.0, 2.0, 2.0, 60.0, 192.75850263079985], [27.0, 2.0, 2.0, 60.0, 199.5301925701257], [129.0, 1.0, 1.0, 30.0, 205.14039082741283], [45.0, 2.0, 2.0, 60.0, 206.54063642859495], [22.0, 2.0, 1.0, 30.0, 208.1453173837751], [17.0, 1.0, 1.0, 30.0, 208.9739969202831], [24.0, 3.0, 1.0, 30.0, 210.74581448374042], [18.0, 1.0, 1.0, 30.0, 210.85151326578935], [59.0, 2.0, 3.0, 120.0, 211.68829524636791], [58.0, 2.0, 2.0, 60.0, 218.2635794691037], [79.0, 2.0, 2.0, 60.0, 238.24236082502787], [79.0, 1.0, 2.0, 60.0, 241.06005128697106], [91.0, 1.0, 1.0, 30.0, 242.4802497949752], [62.0, 2.0, 2.0, 60.0, 244.4690310645114], [134.0, 3.0, 2.0, 60.0, 246.27574217918595], [80.0, 2.0, 2.0, 60.0, 246.92391019530396], [22.0, 2.0, 2.0, 60.0, 252.340535869662], [79.0, 1.0, 1.0, 30.0, 259.21978013724924], [107.0, 2.0, 2.0, 60.0, 266.7588257904633], [53.0, 2.0, 2.0, 60.0, 293.3082397692622], [55.0, 3.0, 1.0, 30.0, 303.841540943146], [17.0, 1.0, 1.0, 30.0, 312.06587014562393], [46.0, 3.0, 2.0, 60.0, 317.28332755550696], [84.0, 1.0, 1.0, 30.0, 320.2459485503109], [29.0, 3.0, 1.0, 30.0, 320.46821633167013], [93.0, 2.0, 2.0, 60.0, 325.25123026577114], [10.0, 1.0, 1.0, 30.0, 328.35814570323583], [72.0, 3.0, 1.0, 30.0, 335.8979525787838], [105.0, 1.0, 2.0, 60.0, 346.037960484565], [9.0, 3.0, 1.0, 30.0, 347.69830455805135], [66.0, 2.0, 1.0, 30.0, 347.94705816407], [12.0, 2.0, 2.0, 60.0, 352.5711693396838], [64.0, 1.0, 2.0, 60.0, 365.3382663386541], [134.0, 3.0, 2.0, 60.0, 369.44362432169635], [99.0, 2.0, 2.0, 60.0, 380.09833875091823], [28.0, 1.0, 1.0, 30.0, 383.8634124776174], [86.0, 2.0, 2.0, 60.0, 390.4333827158369], [100.0, 3.0, 3.0, 120.0, 391.8772976892559], [111.0, 1.0, 1.0, 30.0, 392.54938394344936], [19.0, 1.0, 1.0, 30.0, 393.26178810715084], [100.0, 3.0, 3.0, 120.0, 393.85019969752625], [47.0, 2.0, 2.0, 60.0, 394.1235652920939], [100.0, 2.0, 3.0, 120.0, 402.7065312495663], [272.0, 1.0, 1.0, 30.0, 404.9496062434009], [40.0, 2.0, 2.0, 60.0, 406.8802625567264], [81.0, 1.0, 2.0, 60.0, 411.5550592296831], [13.0, 2.0, 2.0, 60.0, 412.491396507024], [60.0, 2.0, 2.0, 60.0, 422.0828587162822], [92.0, 2.0, 2.0, 60.0, 428.54263891348444], [5.0, 1.0, 1.0, 30.0, 430.18884989348794], [32.0, 2.0, 2.0, 60.0, 431.1918089653501], [115.0, 3.0, 1.0, 30.0, 433.84690701169285]]","[46, 47, 48, 49, 50, 51, 52]","[[2, 0, 1, 0], [0, 3, 2, 0], [1, 0]]","[1, 1, 0, 1, 0, 0, 0]",200,10
45,138.92590656677885,0.013427476088205973,0.21032638035803783,20.663827155551193,10.33169548560897,24.15109623482576,0.0,2372.7602660397843,2607.7148956191777,2,0.32850000000000007,0.6085013586854808,0.05446420858276759,"[0, 0, 1]","[100.97537361854177, 60.40723739166919, 52.97583968245522]",6,6000,"[[ 0.          9.1960697  11.48267573  9.63886385  9.03513831]
 [ 9.1960697   0.          2.28660603  1.05428938  0.68909416]
 [11.48267573  2.28660603  0.          2.41806142  2.97570019]
 [ 9.63886385  1.05428938  2.41806142  0.          1.12426323]
 [ 9.03513831  0.68909416  2.97570019  1.12426323  0.        ]]","[[20.0, 2.0, 2.0, 60.0, 0.0], [45.0, 1.0, 2.0, 60.0, 0.0], [100.0, 2.0, 2.0, 60.0, 0.0], [46.0, 2.0, 1.0, 30.0, 0.0], [29.0, 3.0, 1.0, 30.0, 0.0], [89.0, 2.0, 2.0, 60.0, 0.0], [21.0, 1.0, 2.0, 60.0, 0.0], [110.0, 1.0, 1.0, 30.0, 0.0], [30.0, 2.0, 2.0, 60.0, 0.0], [53.0, 2.0, 2.0, 60.0, 0.0], [35.0, 3.0, 1.0, 30.0, 0.0], [29.0, 3.0, 1.0, 30.0, 0.0], [85.0, 3.0, 2.0, 60.0, 0.0], [21.0, 3.0, 2.0, 60.0, 0.0], [48.0, 2.0, 2.0, 60.0, 0.0], [45.0, 2.0, 2.0, 60.0, 0.0], [88.0, 3.0, 3.0, 120.0, 0.0], [58.0, 2.0, 2.0, 60.0, 0.0], [141.0, 1.0, 2.0, 60.0, 0.0], [445.0, 1.0, 1.0, 30.0, 0.0], [55.0, 2.0, 2.0, 60.0, 0.0], [100.0, 1.0, 3.0, 120.0, 0.0], [25.0, 2.0, 2.0, 60.0, 0.0], [4.0, 1.0, 1.0, 30.0, 0.0], [73.0, 3.0, 2.0, 60.0, 12.021043019829973], [11.0, 1.0, 2.0, 60.0, 23.70199129895224], [24.0, 2.0, 2.0, 60.0, 35.625796298323515], [80.0, 2.0, 2.0, 60.0, 37.02476774758143], [16.0, 2.0, 1.0, 30.0, 37.456954746073315], [45.0, 2.0, 2.0, 60.0, 44.72025732460407], [47.0, 2.0, 2.0, 60.0, 51.770060795891936], [104.0, 2.0, 2.0, 60.0, 67.39154057863942], [79.0, 2.0, 2.0, 60.0, 67.78801156455697], [65.0, 2.0, 2.0, 60.0, 73.02081579727279], [10.0, 3.0, 1.0, 30.0, 73.37299733126183], [92.0, 2.0, 2.0, 60.0, 78.81811547138163], [34.0, 2.0, 2.0, 60.0, 87.47475223580068], [23.0, 1.0, 1.0, 30.0, 89.40922635875023], [55.0, 2.0, 2.0, 60.0, 95.5671546720581], [184.0, 3.0, 2.0, 60.0, 96.33602094118923], [121.0, 3.0, 2.0, 60.0, 96.7939072781402], [61.0, 2.0, 2.0, 60.0, 98.36980328880216], [90.0, 2.0, 2.0, 60.0, 102.87579966565295], [18.0, 1.0, 1.0, 30.0, 104.9407263143454], [13.0, 1.0, 1.0, 30.0, 111.17765606341352], [184.0, 2.0, 2.0, 60.0, 112.29553792447513], [59.0, 3.0, 2.0, 60.0, 121.48538924519744], [87.0, 3.0, 1.0, 30.0, 127.62081856126873], [76.0, 1.0, 1.0, 30.0, 130.89979933108373], [64.0, 2.0, 2.0, 60.0, 132.98523286264282], [79.0, 1.0, 1.0, 30.0, 135.25183130913413], [74.0, 1.0, 1.0, 30.0, 135.6372170444124], [132.0, 1.0, 1.0, 30.0, 136.53537831628518], [13.0, 1.0, 1.0, 30.0, 139.96198057430644], [37.0, 1.0, 1.0, 30.0, 141.90538175510554], [3.0, 1.0, 2.0, 60.0, 148.22641604293108], [105.0, 1.0, 1.0, 30.0, 151.7688691800117], [19.0, 2.0, 2.0, 60.0, 152.9585189515018], [17.0, 2.0, 2.0, 60.0, 155.26396063278915], [45.0, 3.0, 2.0, 60.0, 158.4717443187417], [41.0, 2.0, 2.0, 60.0, 160.19091112593068], [14.0, 3.0, 2.0, 60.0, 161.80046723046223], [40.0, 2.0, 2.0, 60.0, 166.19504064142495], [119.0, 2.0, 2.0, 60.0, 167.67977668606895], [52.0, 2.0, 2.0, 60.0, 174.34828881122837], [52.0, 2.0, 2.0, 60.0, 181.30260874245792], [445.0, 2.0, 1.0, 30.0, 186.72302338228388], [68.0, 2.0, 2.0, 60.0, 187.08816512218607], [55.0, 2.0, 2.0, 60.0, 192.75850263079985], [27.0, 2.0, 2.0, 60.0, 199.5301925701257], [129.0, 1.0, 1.0, 30.0, 205.14039082741283], [45.0, 2.0, 2.0, 60.0, 206.54063642859495], [22.0, 2.0, 1.0, 30.0, 208.1453173837751], [17.0, 1.0, 1.0, 30.0, 208.9739969202831], [24.0, 3.0, 1.0, 30.0, 210.74581448374042], [18.0, 1.0, 1.0, 30.0, 210.85151326578935], [59.0, 2.0, 3.0, 120.0, 211.68829524636791], [58.0, 2.0, 2.0, 60.0, 218.2635794691037], [79.0, 2.0, 2.0, 60.0, 238.24236082502787], [79.0, 1.0, 2.0, 60.0, 241.06005128697106], [91.0, 1.0, 1.0, 30.0, 242.4802497949752], [62.0, 2.0, 2.0, 60.0, 244.4690310645114], [134.0, 3.0, 2.0, 60.0, 246.27574217918595], [80.0, 2.0, 2.0, 60.0, 246.92391019530396], [22.0, 2.0, 2.0, 60.0, 252.340535869662], [79.0, 1.0, 1.0, 30.0, 259.21978013724924], [107.0, 2.0, 2.0, 60.0, 266.7588257904633], [53.0, 2.0, 2.0, 60.0, 293.3082397692622], [55.0, 3.0, 1.0, 30.0, 303.841540943146], [17.0, 1.0, 1.0, 30.0, 312.06587014562393], [46.0, 3.0, 2.0, 60.0, 317.28332755550696], [84.0, 1.0, 1.0, 30.0, 320.2459485503109], [29.0, 3.0, 1.0, 30.0, 320.46821633167013], [93.0, 2.0, 2.0, 60.0, 325.25123026577114], [10.0, 1.0, 1.0, 30.0, 328.35814570323583], [72.0, 3.0, 1.0, 30.0, 335.8979525787838], [105.0, 1.0, 2.0, 60.0, 346.037960484565], [9.0, 3.0, 1.0, 30.0, 347.69830455805135], [66.0, 2.0, 1.0, 30.0, 347.94705816407], [12.0, 2.0, 2.0, 60.0, 352.5711693396838], [64.0, 1.0, 2.0, 60.0, 365.3382663386541], [134.0, 3.0, 2.0, 60.0, 369.44362432169635], [99.0, 2.0, 2.0, 60.0, 380.09833875091823], [28.0, 1.0, 1.0, 30.0, 383.8634124776174], [86.0, 2.0, 2.0, 60.0, 390.4333827158369], [100.0, 3.0, 3.0, 120.0, 391.8772976892559], [111.0, 1.0, 1.0, 30.0, 392.54938394344936], [19.0, 1.0, 1.0, 30.0, 393.26178810715084], [100.0, 3.0, 3.0, 120.0, 393.85019969752625], [47.0, 2.0, 2.0, 60.0, 394.1235652920939], [100.0, 2.0, 3.0, 120.0, 402.7065312495663], [272.0, 1.0, 1.0, 30.0, 404.9496062434009], [40.0, 2.0, 2.0, 60.0, 406.8802625567264], [81.0, 1.0, 2.0, 60.0, 411.5550592296831], [13.0, 2.0, 2.0, 60.0, 412.491396507024], [60.0, 2.0, 2.0, 60.0, 422.0828587162822], [92.0, 2.0, 2.0, 60.0, 428.54263891348444], [5.0, 1.0, 1.0, 30.0, 430.18884989348794], [32.0, 2.0, 2.0, 60.0, 431.1918089653501], [115.0, 3.0, 1.0, 30.0, 433.84690701169285]]","[46, 47, 48, 49, 50, 51, 52]","[[0, 1, 0], [0, 1, 3, 2, 0], [1, 0]]","[1, 1, 0, 1, 0, 0, 1]",200,10
46,140.93933404286705,0.013442329565684,0.2057007563720619,12.983290504460255,7.716028457460135,23.502854651707985,0.0,1483.4383451429755,1647.2046095370386,5,0.19866666666666663,0.39125343579057226,0.03799173677381337,"[0, 0, 1]","[91.79273139129684, 60.40723739166919, 52.97583968245522]",6,6000,"[[ 0.          9.13914421 11.42575023  9.659043    9.11900012]
 [ 9.13914421  0.          2.28660603  1.05428938  0.76754973]
 [11.42575023  2.28660603  0.          2.41806142  3.05415576]
 [ 9.659043    1.05428938  2.41806142  0.          1.20271879]
 [ 9.11900012  0.76754973  3.05415576  1.20271879  0.        ]]","[[20.0, 2.0, 2.0, 60.0, 0.0], [45.0, 1.0, 2.0, 60.0, 0.0], [100.0, 2.0, 2.0, 60.0, 0.0], [46.0, 2.0, 1.0, 30.0, 0.0], [29.0, 3.0, 1.0, 30.0, 0.0], [89.0, 2.0, 2.0, 60.0, 0.0], [21.0, 1.0, 2.0, 60.0, 0.0], [110.0, 1.0, 1.0, 30.0, 0.0], [30.0, 2.0, 2.0, 60.0, 0.0], [53.0, 2.0, 2.0, 60.0, 0.0], [35.0, 3.0, 1.0, 30.0, 0.0], [29.0, 3.0, 1.0, 30.0, 0.0], [85.0, 3.0, 2.0, 60.0, 0.0], [21.0, 3.0, 2.0, 60.0, 0.0], [48.0, 2.0, 2.0, 60.0, 0.0], [45.0, 2.0, 2.0, 60.0, 0.0], [88.0, 3.0, 3.0, 120.0, 0.0], [58.0, 2.0, 2.0, 60.0, 0.0], [141.0, 1.0, 2.0, 60.0, 0.0], [445.0, 1.0, 1.0, 30.0, 0.0], [55.0, 2.0, 2.0, 60.0, 0.0], [100.0, 1.0, 3.0, 120.0, 0.0], [25.0, 2.0, 2.0, 60.0, 0.0], [4.0, 1.0, 1.0, 30.0, 0.0], [73.0, 3.0, 2.0, 60.0, 12.021043019829973], [11.0, 1.0, 2.0, 60.0, 23.70199129895224], [24.0, 2.0, 2.0, 60.0, 35.625796298323515], [80.0, 2.0, 2.0, 60.0, 37.02476774758143], [16.0, 2.0, 1.0, 30.0, 37.456954746073315], [45.0, 2.0, 2.0, 60.0, 44.72025732460407], [47.0, 2.0, 2.0, 60.0, 51.770060795891936], [104.0, 2.0, 2.0, 60.0, 67.39154057863942], [79.0, 2.0, 2.0, 60.0, 67.78801156455697], [65.0, 2.0, 2.0, 60.0, 73.02081579727279], [10.0, 3.0, 1.0, 30.0, 73.37299733126183], [92.0, 2.0, 2.0, 60.0, 78.81811547138163], [34.0, 2.0, 2.0, 60.0, 87.47475223580068], [23.0, 1.0, 1.0, 30.0, 89.40922635875023], [55.0, 2.0, 2.0, 60.0, 95.5671546720581], [184.0, 3.0, 2.0, 60.0, 96.33602094118923], [121.0, 3.0, 2.0, 60.0, 96.7939072781402], [61.0, 2.0, 2.0, 60.0, 98.36980328880216], [90.0, 2.0, 2.0, 60.0, 102.87579966565295], [18.0, 1.0, 1.0, 30.0, 104.9407263143454], [13.0, 1.0, 1.0, 30.0, 111.17765606341352], [184.0, 2.0, 2.0, 60.0, 112.29553792447513], [59.0, 3.0, 2.0, 60.0, 121.48538924519744], [87.0, 3.0, 1.0, 30.0, 127.62081856126873], [76.0, 1.0, 1.0, 30.0, 130.89979933108373], [64.0, 2.0, 2.0, 60.0, 132.98523286264282], [79.0, 1.0, 1.0, 30.0, 135.25183130913413], [74.0, 1.0, 1.0, 30.0, 135.6372170444124], [132.0, 1.0, 1.0, 30.0, 136.53537831628518], [13.0, 1.0, 1.0, 30.0, 139.96198057430644], [37.0, 1.0, 1.0, 30.0, 141.90538175510554], [3.0, 1.0, 2.0, 60.0, 148.22641604293108], [105.0, 1.0, 1.0, 30.0, 151.7688691800117], [19.0, 2.0, 2.0, 60.0, 152.9585189515018], [17.0, 2.0, 2.0, 60.0, 155.26396063278915], [45.0, 3.0, 2.0, 60.0, 158.4717443187417], [41.0, 2.0, 2.0, 60.0, 160.19091112593068], [14.0, 3.0, 2.0, 60.0, 161.80046723046223], [40.0, 2.0, 2.0, 60.0, 166.19504064142495], [119.0, 2.0, 2.0, 60.0, 167.67977668606895], [52.0, 2.0, 2.0, 60.0, 174.34828881122837], [52.0, 2.0, 2.0, 60.0, 181.30260874245792], [445.0, 2.0, 1.0, 30.0, 186.72302338228388], [68.0, 2.0, 2.0, 60.0, 187.08816512218607], [55.0, 2.0, 2.0, 60.0, 192.75850263079985], [27.0, 2.0, 2.0, 60.0, 199.5301925701257], [129.0, 1.0, 1.0, 30.0, 205.14039082741283], [45.0, 2.0, 2.0, 60.0, 206.54063642859495], [22.0, 2.0, 1.0, 30.0, 208.1453173837751], [17.0, 1.0, 1.0, 30.0, 208.9739969202831], [24.0, 3.0, 1.0, 30.0, 210.74581448374042], [18.0, 1.0, 1.0, 30.0, 210.85151326578935], [59.0, 2.0, 3.0, 120.0, 211.68829524636791], [58.0, 2.0, 2.0, 60.0, 218.2635794691037], [79.0, 2.0, 2.0, 60.0, 238.24236082502787], [79.0, 1.0, 2.0, 60.0, 241.06005128697106], [91.0, 1.0, 1.0, 30.0, 242.4802497949752], [62.0, 2.0, 2.0, 60.0, 244.4690310645114], [134.0, 3.0, 2.0, 60.0, 246.27574217918595], [80.0, 2.0, 2.0, 60.0, 246.92391019530396], [22.0, 2.0, 2.0, 60.0, 252.340535869662], [79.0, 1.0, 1.0, 30.0, 259.21978013724924], [107.0, 2.0, 2.0, 60.0, 266.7588257904633], [53.0, 2.0, 2.0, 60.0, 293.3082397692622], [55.0, 3.0, 1.0, 30.0, 303.841540943146], [17.0, 1.0, 1.0, 30.0, 312.06587014562393], [46.0, 3.0, 2.0, 60.0, 317.28332755550696], [84.0, 1.0, 1.0, 30.0, 320.2459485503109], [29.0, 3.0, 1.0, 30.0, 320.46821633167013], [93.0, 2.0, 2.0, 60.0, 325.25123026577114], [10.0, 1.0, 1.0, 30.0, 328.35814570323583], [72.0, 3.0, 1.0, 30.0, 335.8979525787838], [105.0, 1.0, 2.0, 60.0, 346.037960484565], [9.0, 3.0, 1.0, 30.0, 347.69830455805135], [66.0, 2.0, 1.0, 30.0, 347.94705816407], [12.0, 2.0, 2.0, 60.0, 352.5711693396838], [64.0, 1.0, 2.0, 60.0, 365.3382663386541], [134.0, 3.0, 2.0, 60.0, 369.44362432169635], [99.0, 2.0, 2.0, 60.0, 380.09833875091823], [28.0, 1.0, 1.0, 30.0, 383.8634124776174], [86.0, 2.0, 2.0, 60.0, 390.4333827158369], [100.0, 3.0, 3.0, 120.0, 391.8772976892559], [111.0, 1.0, 1.0, 30.0, 392.54938394344936], [19.0, 1.0, 1.0, 30.0, 393.26178810715084], [100.0, 3.0, 3.0, 120.0, 393.85019969752625], [47.0, 2.0, 2.0, 60.0, 394.1235652920939], [100.0, 2.0, 3.0, 120.0, 402.7065312495663], [272.0, 1.0, 1.0, 30.0, 404.9496062434009], [40.0, 2.0, 2.0, 60.0, 406.8802625567264], [81.0, 1.0, 2.0, 60.0, 411.5550592296831], [13.0, 2.0, 2.0, 60.0, 412.491396507024], [60.0, 2.0, 2.0, 60.0, 422.0828587162822], [92.0, 2.0, 2.0, 60.0, 428.54263891348444], [5.0, 1.0, 1.0, 30.0, 430.18884989348794], [32.0, 2.0, 2.0, 60.0, 431.1918089653501], [115.0, 3.0, 1.0, 30.0, 433.84690701169285]]","[46, 47, 48, 49, 50, 51, 52, 53]","[[0, 1, 0], [0, 3, 2, 0], [1, 0]]","[1, 1, 0, 1, 0, 0, 0, 0]",200,10
47,141.95277637243274,0.014043879508972169,0.23786400190413465,18.50093399146556,8.61240466695454,26.260200722447284,0.0,2042.5042725230817,2302.0590971898946,2,0.17905555555555555,0.3675334364250007,0.029876333100025198,"[0, 0, 1]","[91.79273139129684, 60.40723739166919, 52.97583968245522]",6,6000,"[[ 0.          8.75340024 11.04000627  9.34206867  8.73325616]
 [ 8.75340024  0.          2.28660603  1.15653765  0.70822287]
 [11.04000627  2.28660603  0.          2.41806142  2.9948289 ]
 [ 9.34206867  1.15653765  2.41806142  0.          1.27148843]
 [ 8.73325616  0.70822287  2.9948289   1.27148843  0.        ]]","[[20.0, 2.0, 2.0, 60.0, 0.0], [45.0, 1.0, 2.0, 60.0, 0.0], [100.0, 2.0, 2.0, 60.0, 0.0], [46.0, 2.0, 1.0, 30.0, 0.0], [29.0, 3.0, 1.0, 30.0, 0.0], [89.0, 2.0, 2.0, 60.0, 0.0], [21.0, 1.0, 2.0, 60.0, 0.0], [110.0, 1.0, 1.0, 30.0, 0.0], [30.0, 2.0, 2.0, 60.0, 0.0], [53.0, 2.0, 2.0, 60.0, 0.0], [35.0, 3.0, 1.0, 30.0, 0.0], [29.0, 3.0, 1.0, 30.0, 0.0], [85.0, 3.0, 2.0, 60.0, 0.0], [21.0, 3.0, 2.0, 60.0, 0.0], [48.0, 2.0, 2.0, 60.0, 0.0], [45.0, 2.0, 2.0, 60.0, 0.0], [88.0, 3.0, 3.0, 120.0, 0.0], [58.0, 2.0, 2.0, 60.0, 0.0], [141.0, 1.0, 2.0, 60.0, 0.0], [445.0, 1.0, 1.0, 30.0, 0.0], [55.0, 2.0, 2.0, 60.0, 0.0], [100.0, 1.0, 3.0, 120.0, 0.0], [25.0, 2.0, 2.0, 60.0, 0.0], [4.0, 1.0, 1.0, 30.0, 0.0], [73.0, 3.0, 2.0, 60.0, 12.021043019829973], [11.0, 1.0, 2.0, 60.0, 23.70199129895224], [24.0, 2.0, 2.0, 60.0, 35.625796298323515], [80.0, 2.0, 2.0, 60.0, 37.02476774758143], [16.0, 2.0, 1.0, 30.0, 37.456954746073315], [45.0, 2.0, 2.0, 60.0, 44.72025732460407], [47.0, 2.0, 2.0, 60.0, 51.770060795891936], [104.0, 2.0, 2.0, 60.0, 67.39154057863942], [79.0, 2.0, 2.0, 60.0, 67.78801156455697], [65.0, 2.0, 2.0, 60.0, 73.02081579727279], [10.0, 3.0, 1.0, 30.0, 73.37299733126183], [92.0, 2.0, 2.0, 60.0, 78.81811547138163], [34.0, 2.0, 2.0, 60.0, 87.47475223580068], [23.0, 1.0, 1.0, 30.0, 89.40922635875023], [55.0, 2.0, 2.0, 60.0, 95.5671546720581], [184.0, 3.0, 2.0, 60.0, 96.33602094118923], [121.0, 3.0, 2.0, 60.0, 96.7939072781402], [61.0, 2.0, 2.0, 60.0, 98.36980328880216], [90.0, 2.0, 2.0, 60.0, 102.87579966565295], [18.0, 1.0, 1.0, 30.0, 104.9407263143454], [13.0, 1.0, 1.0, 30.0, 111.17765606341352], [184.0, 2.0, 2.0, 60.0, 112.29553792447513], [59.0, 3.0, 2.0, 60.0, 121.48538924519744], [87.0, 3.0, 1.0, 30.0, 127.62081856126873], [76.0, 1.0, 1.0, 30.0, 130.89979933108373], [64.0, 2.0, 2.0, 60.0, 132.98523286264282], [79.0, 1.0, 1.0, 30.0, 135.25183130913413], [74.0, 1.0, 1.0, 30.0, 135.6372170444124], [132.0, 1.0, 1.0, 30.0, 136.53537831628518], [13.0, 1.0, 1.0, 30.0, 139.96198057430644], [37.0, 1.0, 1.0, 30.0, 141.90538175510554], [3.0, 1.0, 2.0, 60.0, 148.22641604293108], [105.0, 1.0, 1.0, 30.0, 151.7688691800117], [19.0, 2.0, 2.0, 60.0, 152.9585189515018], [17.0, 2.0, 2.0, 60.0, 155.26396063278915], [45.0, 3.0, 2.0, 60.0, 158.4717443187417], [41.0, 2.0, 2.0, 60.0, 160.19091112593068], [14.0, 3.0, 2.0, 60.0, 161.80046723046223], [40.0, 2.0, 2.0, 60.0, 166.19504064142495], [119.0, 2.0, 2.0, 60.0, 167.67977668606895], [52.0, 2.0, 2.0, 60.0, 174.34828881122837], [52.0, 2.0, 2.0, 60.0, 181.30260874245792], [445.0, 2.0, 1.0, 30.0, 186.72302338228388], [68.0, 2.0, 2.0, 60.0, 187.08816512218607], [55.0, 2.0, 2.0, 60.0, 192.75850263079985], [27.0, 2.0, 2.0, 60.0, 199.5301925701257], [129.0, 1.0, 1.0, 30.0, 205.14039082741283], [45.0, 2.0, 2.0, 60.0, 206.54063642859495], [22.0, 2.0, 1.0, 30.0, 208.1453173837751], [17.0, 1.0, 1.0, 30.0, 208.9739969202831], [24.0, 3.0, 1.0, 30.0, 210.74581448374042], [18.0, 1.0, 1.0, 30.0, 210.85151326578935], [59.0, 2.0, 3.0, 120.0, 211.68829524636791], [58.0, 2.0, 2.0, 60.0, 218.2635794691037], [79.0, 2.0, 2.0, 60.0, 238.24236082502787], [79.0, 1.0, 2.0, 60.0, 241.06005128697106], [91.0, 1.0, 1.0, 30.0, 242.4802497949752], [62.0, 2.0, 2.0, 60.0, 244.4690310645114], [134.0, 3.0, 2.0, 60.0, 246.27574217918595], [80.0, 2.0, 2.0, 60.0, 246.92391019530396], [22.0, 2.0, 2.0, 60.0, 252.340535869662], [79.0, 1.0, 1.0, 30.0, 259.21978013724924], [107.0, 2.0, 2.0, 60.0, 266.7588257904633], [53.0, 2.0, 2.0, 60.0, 293.3082397692622], [55.0, 3.0, 1.0, 30.0, 303.841540943146], [17.0, 1.0, 1.0, 30.0, 312.06587014562393], [46.0, 3.0, 2.0, 60.0, 317.28332755550696], [84.0, 1.0, 1.0, 30.0, 320.2459485503109], [29.0, 3.0, 1.0, 30.0, 320.46821633167013], [93.0, 2.0, 2.0, 60.0, 325.25123026577114], [10.0, 1.0, 1.0, 30.0, 328.35814570323583], [72.0, 3.0, 1.0, 30.0, 335.8979525787838], [105.0, 1.0, 2.0, 60.0, 346.037960484565], [9.0, 3.0, 1.0, 30.0, 347.69830455805135], [66.0, 2.0, 1.0, 30.0, 347.94705816407], [12.0, 2.0, 2.0, 60.0, 352.5711693396838], [64.0, 1.0, 2.0, 60.0, 365.3382663386541], [134.0, 3.0, 2.0, 60.0, 369.44362432169635], [99.0, 2.0, 2.0, 60.0, 380.09833875091823], [28.0, 1.0, 1.0, 30.0, 383.8634124776174], [86.0, 2.0, 2.0, 60.0, 390.4333827158369], [100.0, 3.0, 3.0, 120.0, 391.8772976892559], [111.0, 1.0, 1.0, 30.0, 392.54938394344936], [19.0, 1.0, 1.0, 30.0, 393.26178810715084], [100.0, 3.0, 3.0, 120.0, 393.85019969752625], [47.0, 2.0, 2.0, 60.0, 394.1235652920939], [100.0, 2.0, 3.0, 120.0, 402.7065312495663], [272.0, 1.0, 1.0, 30.0, 404.9496062434009], [40.0, 2.0, 2.0, 60.0, 406.8802625567264], [81.0, 1.0, 2.0, 60.0, 411.5550592296831], [13.0, 2.0, 2.0, 60.0, 412.491396507024], [60.0, 2.0, 2.0, 60.0, 422.0828587162822], [92.0, 2.0, 2.0, 60.0, 428.54263891348444], [5.0, 1.0, 1.0, 30.0, 430.18884989348794], [32.0, 2.0, 2.0, 60.0, 431.1918089653501], [115.0, 3.0, 1.0, 30.0, 433.84690701169285]]","[46, 47, 48, 49, 50, 51, 52, 53, 54]","[[0, 1, 0], [0, 3, 2, 0], [1, 0, 1, 0]]","[1, 1, 0, 1, 0, 0, 0, 0, 2]",200,10
48,143.9668202519417,0.013420275847117106,0.19999999999999996,15.264549045530464,7.406741285072516,22.332923081201567,0.0,1704.5099985153036,1887.1913829027262,2,0.15939285714285714,0.3443711887737355,0.02757594453540904,"[0, 0, 0]","[91.79273139129684, 60.40723739166919, 54.64147530082184]",6,6000,"[[ 0.          8.87985551 11.16646154  9.61836526  8.85971143]
 [ 8.87985551  0.          2.28660603  1.30637897  0.70822287]
 [11.16646154  2.28660603  0.          2.64036708  2.9948289 ]
 [ 9.61836526  1.30637897  2.64036708  0.          1.42132975]
 [ 8.85971143  0.70822287  2.9948289   1.42132975  0.        ]]","[[20.0, 2.0, 2.0, 60.0, 0.0], [45.0, 1.0, 2.0, 60.0, 0.0], [100.0, 2.0, 2.0, 60.0, 0.0], [46.0, 2.0, 1.0, 30.0, 0.0], [29.0, 3.0, 1.0, 30.0, 0.0], [89.0, 2.0, 2.0, 60.0, 0.0], [21.0, 1.0, 2.0, 60.0, 0.0], [110.0, 1.0, 1.0, 30.0, 0.0], [30.0, 2.0, 2.0, 60.0, 0.0], [53.0, 2.0, 2.0, 60.0, 0.0], [35.0, 3.0, 1.0, 30.0, 0.0], [29.0, 3.0, 1.0, 30.0, 0.0], [85.0, 3.0, 2.0, 60.0, 0.0], [21.0, 3.0, 2.0, 60.0, 0.0], [48.0, 2.0, 2.0, 60.0, 0.0], [45.0, 2.0, 2.0, 60.0, 0.0], [88.0, 3.0, 3.0, 120.0, 0.0], [58.0, 2.0, 2.0, 60.0, 0.0], [141.0, 1.0, 2.0, 60.0, 0.0], [445.0, 1.0, 1.0, 30.0, 0.0], [55.0, 2.0, 2.0, 60.0, 0.0], [100.0, 1.0, 3.0, 120.0, 0.0], [25.0, 2.0, 2.0, 60.0, 0.0], [4.0, 1.0, 1.0, 30.0, 0.0], [73.0, 3.0, 2.0, 60.0, 12.021043019829973], [11.0, 1.0, 2.0, 60.0, 23.70199129895224], [24.0, 2.0, 2.0, 60.0, 35.625796298323515], [80.0, 2.0, 2.0, 60.0, 37.02476774758143], [16.0, 2.0, 1.0, 30.0, 37.456954746073315], [45.0, 2.0, 2.0, 60.0, 44.72025732460407], [47.0, 2.0, 2.0, 60.0, 51.770060795891936], [104.0, 2.0, 2.0, 60.0, 67.39154057863942], [79.0, 2.0, 2.0, 60.0, 67.78801156455697], [65.0, 2.0, 2.0, 60.0, 73.02081579727279], [10.0, 3.0, 1.0, 30.0, 73.37299733126183], [92.0, 2.0, 2.0, 60.0, 78.81811547138163], [34.0, 2.0, 2.0, 60.0, 87.47475223580068], [23.0, 1.0, 1.0, 30.0, 89.40922635875023], [55.0, 2.0, 2.0, 60.0, 95.5671546720581], [184.0, 3.0, 2.0, 60.0, 96.33602094118923], [121.0, 3.0, 2.0, 60.0, 96.7939072781402], [61.0, 2.0, 2.0, 60.0, 98.36980328880216], [90.0, 2.0, 2.0, 60.0, 102.87579966565295], [18.0, 1.0, 1.0, 30.0, 104.9407263143454], [13.0, 1.0, 1.0, 30.0, 111.17765606341352], [184.0, 2.0, 2.0, 60.0, 112.29553792447513], [59.0, 3.0, 2.0, 60.0, 121.48538924519744], [87.0, 3.0, 1.0, 30.0, 127.62081856126873], [76.0, 1.0, 1.0, 30.0, 130.89979933108373], [64.0, 2.0, 2.0, 60.0, 132.98523286264282], [79.0, 1.0, 1.0, 30.0, 135.25183130913413], [74.0, 1.0, 1.0, 30.0, 135.6372170444124], [132.0, 1.0, 1.0, 30.0, 136.53537831628518], [13.0, 1.0, 1.0, 30.0, 139.96198057430644], [37.0, 1.0, 1.0, 30.0, 141.90538175510554], [3.0, 1.0, 2.0, 60.0, 148.22641604293108], [105.0, 1.0, 1.0, 30.0, 151.7688691800117], [19.0, 2.0, 2.0, 60.0, 152.9585189515018], [17.0, 2.0, 2.0, 60.0, 155.26396063278915], [45.0, 3.0, 2.0, 60.0, 158.4717443187417], [41.0, 2.0, 2.0, 60.0, 160.19091112593068], [14.0, 3.0, 2.0, 60.0, 161.80046723046223], [40.0, 2.0, 2.0, 60.0, 166.19504064142495], [119.0, 2.0, 2.0, 60.0, 167.67977668606895], [52.0, 2.0, 2.0, 60.0, 174.34828881122837], [52.0, 2.0, 2.0, 60.0, 181.30260874245792], [445.0, 2.0, 1.0, 30.0, 186.72302338228388], [68.0, 2.0, 2.0, 60.0, 187.08816512218607], [55.0, 2.0, 2.0, 60.0, 192.75850263079985], [27.0, 2.0, 2.0, 60.0, 199.5301925701257], [129.0, 1.0, 1.0, 30.0, 205.14039082741283], [45.0, 2.0, 2.0, 60.0, 206.54063642859495], [22.0, 2.0, 1.0, 30.0, 208.1453173837751], [17.0, 1.0, 1.0, 30.0, 208.9739969202831], [24.0, 3.0, 1.0, 30.0, 210.74581448374042], [18.0, 1.0, 1.0, 30.0, 210.85151326578935], [59.0, 2.0, 3.0, 120.0, 211.68829524636791], [58.0, 2.0, 2.0, 60.0, 218.2635794691037], [79.0, 2.0, 2.0, 60.0, 238.24236082502787], [79.0, 1.0, 2.0, 60.0, 241.06005128697106], [91.0, 1.0, 1.0, 30.0, 242.4802497949752], [62.0, 2.0, 2.0, 60.0, 244.4690310645114], [134.0, 3.0, 2.0, 60.0, 246.27574217918595], [80.0, 2.0, 2.0, 60.0, 246.92391019530396], [22.0, 2.0, 2.0, 60.0, 252.340535869662], [79.0, 1.0, 1.0, 30.0, 259.21978013724924], [107.0, 2.0, 2.0, 60.0, 266.7588257904633], [53.0, 2.0, 2.0, 60.0, 293.3082397692622], [55.0, 3.0, 1.0, 30.0, 303.841540943146], [17.0, 1.0, 1.0, 30.0, 312.06587014562393], [46.0, 3.0, 2.0, 60.0, 317.28332755550696], [84.0, 1.0, 1.0, 30.0, 320.2459485503109], [29.0, 3.0, 1.0, 30.0, 320.46821633167013], [93.0, 2.0, 2.0, 60.0, 325.25123026577114], [10.0, 1.0, 1.0, 30.0, 328.35814570323583], [72.0, 3.0, 1.0, 30.0, 335.8979525787838], [105.0, 1.0, 2.0, 60.0, 346.037960484565], [9.0, 3.0, 1.0, 30.0, 347.69830455805135], [66.0, 2.0, 1.0, 30.0, 347.94705816407], [12.0, 2.0, 2.0, 60.0, 352.5711693396838], [64.0, 1.0, 2.0, 60.0, 365.3382663386541], [134.0, 3.0, 2.0, 60.0, 369.44362432169635], [99.0, 2.0, 2.0, 60.0, 380.09833875091823], [28.0, 1.0, 1.0, 30.0, 383.8634124776174], [86.0, 2.0, 2.0, 60.0, 390.4333827158369], [100.0, 3.0, 3.0, 120.0, 391.8772976892559], [111.0, 1.0, 1.0, 30.0, 392.54938394344936], [19.0, 1.0, 1.0, 30.0, 393.26178810715084], [100.0, 3.0, 3.0, 120.0, 393.85019969752625], [47.0, 2.0, 2.0, 60.0, 394.1235652920939], [100.0, 2.0, 3.0, 120.0, 402.7065312495663], [272.0, 1.0, 1.0, 30.0, 404.9496062434009], [40.0, 2.0, 2.0, 60.0, 406.8802625567264], [81.0, 1.0, 2.0, 60.0, 411.5550592296831], [13.0, 2.0, 2.0, 60.0, 412.491396507024], [60.0, 2.0, 2.0, 60.0, 422.0828587162822], [92.0, 2.0, 2.0, 60.0, 428.54263891348444], [5.0, 1.0, 1.0, 30.0, 430.18884989348794], [32.0, 2.0, 2.0, 60.0, 431.1918089653501], [115.0, 3.0, 1.0, 30.0, 433.84690701169285]]","[46, 47, 48, 49, 50, 51, 52, 53, 54]","[[0, 2, 1, 0], [0, 3, 1, 0], [0, 1, 0]]","[1, 1, 0, 0, 0, 0, 1, 0, 2]",200,10
49,144.98024052778882,0.0128220001856486,0.2,13.46598403570227,7.972716065595919,22.55937784105501,0.0,1518.9211093151116,1612.1220902725693,10,0.18935714285714286,0.5758154456756727,0.04465827842329859,"[0, 3, 0]","[91.79273139129684, 60.40723739166919, 55.654895576668956]",6,6000,"[[ 0.          8.99308289 11.27968892  9.73159264  8.97293881]
 [ 8.99308289  0.          2.28660603  1.30637897  0.70822287]
 [11.27968892  2.28660603  0.          2.64036708  2.9948289 ]
 [ 9.73159264  1.30637897  2.64036708  0.          1.42132975]
 [ 8.97293881  0.70822287  2.9948289   1.42132975  0.        ]]","[[20.0, 2.0, 2.0, 60.0, 0.0], [45.0, 1.0, 2.0, 60.0, 0.0], [100.0, 2.0, 2.0, 60.0, 0.0], [46.0, 2.0, 1.0, 30.0, 0.0], [29.0, 3.0, 1.0, 30.0, 0.0], [89.0, 2.0, 2.0, 60.0, 0.0], [21.0, 1.0, 2.0, 60.0, 0.0], [110.0, 1.0, 1.0, 30.0, 0.0], [30.0, 2.0, 2.0, 60.0, 0.0], [53.0, 2.0, 2.0, 60.0, 0.0], [35.0, 3.0, 1.0, 30.0, 0.0], [29.0, 3.0, 1.0, 30.0, 0.0], [85.0, 3.0, 2.0, 60.0, 0.0], [21.0, 3.0, 2.0, 60.0, 0.0], [48.0, 2.0, 2.0, 60.0, 0.0], [45.0, 2.0, 2.0, 60.0, 0.0], [88.0, 3.0, 3.0, 120.0, 0.0], [58.0, 2.0, 2.0, 60.0, 0.0], [141.0, 1.0, 2.0, 60.0, 0.0], [445.0, 1.0, 1.0, 30.0, 0.0], [55.0, 2.0, 2.0, 60.0, 0.0], [100.0, 1.0, 3.0, 120.0, 0.0], [25.0, 2.0, 2.0, 60.0, 0.0], [4.0, 1.0, 1.0, 30.0, 0.0], [73.0, 3.0, 2.0, 60.0, 12.021043019829973], [11.0, 1.0, 2.0, 60.0, 23.70199129895224], [24.0, 2.0, 2.0, 60.0, 35.625796298323515], [80.0, 2.0, 2.0, 60.0, 37.02476774758143], [16.0, 2.0, 1.0, 30.0, 37.456954746073315], [45.0, 2.0, 2.0, 60.0, 44.72025732460407], [47.0, 2.0, 2.0, 60.0, 51.770060795891936], [104.0, 2.0, 2.0, 60.0, 67.39154057863942], [79.0, 2.0, 2.0, 60.0, 67.78801156455697], [65.0, 2.0, 2.0, 60.0, 73.02081579727279], [10.0, 3.0, 1.0, 30.0, 73.37299733126183], [92.0, 2.0, 2.0, 60.0, 78.81811547138163], [34.0, 2.0, 2.0, 60.0, 87.47475223580068], [23.0, 1.0, 1.0, 30.0, 89.40922635875023], [55.0, 2.0, 2.0, 60.0, 95.5671546720581], [184.0, 3.0, 2.0, 60.0, 96.33602094118923], [121.0, 3.0, 2.0, 60.0, 96.7939072781402], [61.0, 2.0, 2.0, 60.0, 98.36980328880216], [90.0, 2.0, 2.0, 60.0, 102.87579966565295], [18.0, 1.0, 1.0, 30.0, 104.9407263143454], [13.0, 1.0, 1.0, 30.0, 111.17765606341352], [184.0, 2.0, 2.0, 60.0, 112.29553792447513], [59.0, 3.0, 2.0, 60.0, 121.48538924519744], [87.0, 3.0, 1.0, 30.0, 127.62081856126873], [76.0, 1.0, 1.0, 30.0, 130.89979933108373], [64.0, 2.0, 2.0, 60.0, 132.98523286264282], [79.0, 1.0, 1.0, 30.0, 135.25183130913413], [74.0, 1.0, 1.0, 30.0, 135.6372170444124], [132.0, 1.0, 1.0, 30.0, 136.53537831628518], [13.0, 1.0, 1.0, 30.0, 139.96198057430644], [37.0, 1.0, 1.0, 30.0, 141.90538175510554], [3.0, 1.0, 2.0, 60.0, 148.22641604293108], [105.0, 1.0, 1.0, 30.0, 151.7688691800117], [19.0, 2.0, 2.0, 60.0, 152.9585189515018], [17.0, 2.0, 2.0, 60.0, 155.26396063278915], [45.0, 3.0, 2.0, 60.0, 158.4717443187417], [41.0, 2.0, 2.0, 60.0, 160.19091112593068], [14.0, 3.0, 2.0, 60.0, 161.80046723046223], [40.0, 2.0, 2.0, 60.0, 166.19504064142495], [119.0, 2.0, 2.0, 60.0, 167.67977668606895], [52.0, 2.0, 2.0, 60.0, 174.34828881122837], [52.0, 2.0, 2.0, 60.0, 181.30260874245792], [445.0, 2.0, 1.0, 30.0, 186.72302338228388], [68.0, 2.0, 2.0, 60.0, 187.08816512218607], [55.0, 2.0, 2.0, 60.0, 192.75850263079985], [27.0, 2.0, 2.0, 60.0, 199.5301925701257], [129.0, 1.0, 1.0, 30.0, 205.14039082741283], [45.0, 2.0, 2.0, 60.0, 206.54063642859495], [22.0, 2.0, 1.0, 30.0, 208.1453173837751], [17.0, 1.0, 1.0, 30.0, 208.9739969202831], [24.0, 3.0, 1.0, 30.0, 210.74581448374042], [18.0, 1.0, 1.0, 30.0, 210.85151326578935], [59.0, 2.0, 3.0, 120.0, 211.68829524636791], [58.0, 2.0, 2.0, 60.0, 218.2635794691037], [79.0, 2.0, 2.0, 60.0, 238.24236082502787], [79.0, 1.0, 2.0, 60.0, 241.06005128697106], [91.0, 1.0, 1.0, 30.0, 242.4802497949752], [62.0, 2.0, 2.0, 60.0, 244.4690310645114], [134.0, 3.0, 2.0, 60.0, 246.27574217918595], [80.0, 2.0, 2.0, 60.0, 246.92391019530396], [22.0, 2.0, 2.0, 60.0, 252.340535869662], [79.0, 1.0, 1.0, 30.0, 259.21978013724924], [107.0, 2.0, 2.0, 60.0, 266.7588257904633], [53.0, 2.0, 2.0, 60.0, 293.3082397692622], [55.0, 3.0, 1.0, 30.0, 303.841540943146], [17.0, 1.0, 1.0, 30.0, 312.06587014562393], [46.0, 3.0, 2.0, 60.0, 317.28332755550696], [84.0, 1.0, 1.0, 30.0, 320.2459485503109], [29.0, 3.0, 1.0, 30.0, 320.46821633167013], [93.0, 2.0, 2.0, 60.0, 325.25123026577114], [10.0, 1.0, 1.0, 30.0, 328.35814570323583], [72.0, 3.0, 1.0, 30.0, 335.8979525787838], [105.0, 1.0, 2.0, 60.0, 346.037960484565], [9.0, 3.0, 1.0, 30.0, 347.69830455805135], [66.0, 2.0, 1.0, 30.0, 347.94705816407], [12.0, 2.0, 2.0, 60.0, 352.5711693396838], [64.0, 1.0, 2.0, 60.0, 365.3382663386541], [134.0, 3.0, 2.0, 60.0, 369.44362432169635], [99.0, 2.0, 2.0, 60.0, 380.09833875091823], [28.0, 1.0, 1.0, 30.0, 383.8634124776174], [86.0, 2.0, 2.0, 60.0, 390.4333827158369], [100.0, 3.0, 3.0, 120.0, 391.8772976892559], [111.0, 1.0, 1.0, 30.0, 392.54938394344936], [19.0, 1.0, 1.0, 30.0, 393.26178810715084], [100.0, 3.0, 3.0, 120.0, 393.85019969752625], [47.0, 2.0, 2.0, 60.0, 394.1235652920939], [100.0, 2.0, 3.0, 120.0, 402.7065312495663], [272.0, 1.0, 1.0, 30.0, 404.9496062434009], [40.0, 2.0, 2.0, 60.0, 406.8802625567264], [81.0, 1.0, 2.0, 60.0, 411.5550592296831], [13.0, 2.0, 2.0, 60.0, 412.491396507024], [60.0, 2.0, 2.0, 60.0, 422.0828587162822], [92.0, 2.0, 2.0, 60.0, 428.54263891348444], [5.0, 1.0, 1.0, 30.0, 430.18884989348794], [32.0, 2.0, 2.0, 60.0, 431.1918089653501], [115.0, 3.0, 1.0, 30.0, 433.84690701169285]]","[48, 49, 50, 51, 52, 53, 54]","[[0, 1, 2, 0], [3, 0], [0, 1, 0]]","[0, 0, 0, 0, 2, 0, 2]",200,10
50,148.99306252797447,0.013579142093658448,0.19999999999999998,14.076950084231944,7.863977892671685,22.037720253793047,4.813568053690261,1551.1194399145606,1646.4683001905016,6,0.17424999999999993,0.5828510485551456,0.056411213939577126,"[0, 3, 0]","[91.79273139129684, 50.67471631030412, 46.68240343483245]",6,6000,"[[ 0.          8.52646077 11.01886013  9.34753055  8.53436004]
 [ 8.52646077  0.          2.49239936  1.33404693  0.67697376]
 [11.01886013  2.49239936  0.          2.58839516  3.16937312]
 [ 9.34753055  1.33404693  2.58839516  0.          1.49804355]
 [ 8.53436004  0.67697376  3.16937312  1.49804355  0.        ]]","[[20.0, 2.0, 2.0, 60.0, 0.0], [45.0, 1.0, 2.0, 60.0, 0.0], [100.0, 2.0, 2.0, 60.0, 0.0], [46.0, 2.0, 1.0, 30.0, 0.0], [29.0, 3.0, 1.0, 30.0, 0.0], [89.0, 2.0, 2.0, 60.0, 0.0], [21.0, 1.0, 2.0, 60.0, 0.0], [110.0, 1.0, 1.0, 30.0, 0.0], [30.0, 2.0, 2.0, 60.0, 0.0], [53.0, 2.0, 2.0, 60.0, 0.0], [35.0, 3.0, 1.0, 30.0, 0.0], [29.0, 3.0, 1.0, 30.0, 0.0], [85.0, 3.0, 2.0, 60.0, 0.0], [21.0, 3.0, 2.0, 60.0, 0.0], [48.0, 2.0, 2.0, 60.0, 0.0], [45.0, 2.0, 2.0, 60.0, 0.0], [88.0, 3.0, 3.0, 120.0, 0.0], [58.0, 2.0, 2.0, 60.0, 0.0], [141.0, 1.0, 2.0, 60.0, 0.0], [445.0, 1.0, 1.0, 30.0, 0.0], [55.0, 2.0, 2.0, 60.0, 0.0], [100.0, 1.0, 3.0, 120.0, 0.0], [25.0, 2.0, 2.0, 60.0, 0.0], [4.0, 1.0, 1.0, 30.0, 0.0], [73.0, 3.0, 2.0, 60.0, 12.021043019829973], [11.0, 1.0, 2.0, 60.0, 23.70199129895224], [24.0, 2.0, 2.0, 60.0, 35.625796298323515], [80.0, 2.0, 2.0, 60.0, 37.02476774758143], [16.0, 2.0, 1.0, 30.0, 37.456954746073315], [45.0, 2.0, 2.0, 60.0, 44.72025732460407], [47.0, 2.0, 2.0, 60.0, 51.770060795891936], [104.0, 2.0, 2.0, 60.0, 67.39154057863942], [79.0, 2.0, 2.0, 60.0, 67.78801156455697], [65.0, 2.0, 2.0, 60.0, 73.02081579727279], [10.0, 3.0, 1.0, 30.0, 73.37299733126183], [92.0, 2.0, 2.0, 60.0, 78.81811547138163], [34.0, 2.0, 2.0, 60.0, 87.47475223580068], [23.0, 1.0, 1.0, 30.0, 89.40922635875023], [55.0, 2.0, 2.0, 60.0, 95.5671546720581], [184.0, 3.0, 2.0, 60.0, 96.33602094118923], [121.0, 3.0, 2.0, 60.0, 96.7939072781402], [61.0, 2.0, 2.0, 60.0, 98.36980328880216], [90.0, 2.0, 2.0, 60.0, 102.87579966565295], [18.0, 1.0, 1.0, 30.0, 104.9407263143454], [13.0, 1.0, 1.0, 30.0, 111.17765606341352], [184.0, 2.0, 2.0, 60.0, 112.29553792447513], [59.0, 3.0, 2.0, 60.0, 121.48538924519744], [87.0, 3.0, 1.0, 30.0, 127.62081856126873], [76.0, 1.0, 1.0, 30.0, 130.89979933108373], [64.0, 2.0, 2.0, 60.0, 132.98523286264282], [79.0, 1.0, 1.0, 30.0, 135.25183130913413], [74.0, 1.0, 1.0, 30.0, 135.6372170444124], [132.0, 1.0, 1.0, 30.0, 136.53537831628518], [13.0, 1.0, 1.0, 30.0, 139.96198057430644], [37.0, 1.0, 1.0, 30.0, 141.90538175510554], [3.0, 1.0, 2.0, 60.0, 148.22641604293108], [105.0, 1.0, 1.0, 30.0, 151.7688691800117], [19.0, 2.0, 2.0, 60.0, 152.9585189515018], [17.0, 2.0, 2.0, 60.0, 155.26396063278915], [45.0, 3.0, 2.0, 60.0, 158.4717443187417], [41.0, 2.0, 2.0, 60.0, 160.19091112593068], [14.0, 3.0, 2.0, 60.0, 161.80046723046223], [40.0, 2.0, 2.0, 60.0, 166.19504064142495], [119.0, 2.0, 2.0, 60.0, 167.67977668606895], [52.0, 2.0, 2.0, 60.0, 174.34828881122837], [52.0, 2.0, 2.0, 60.0, 181.30260874245792], [445.0, 2.0, 1.0, 30.0, 186.72302338228388], [68.0, 2.0, 2.0, 60.0, 187.08816512218607], [55.0, 2.0, 2.0, 60.0, 192.75850263079985], [27.0, 2.0, 2.0, 60.0, 199.5301925701257], [129.0, 1.0, 1.0, 30.0, 205.14039082741283], [45.0, 2.0, 2.0, 60.0, 206.54063642859495], [22.0, 2.0, 1.0, 30.0, 208.1453173837751], [17.0, 1.0, 1.0, 30.0, 208.9739969202831], [24.0, 3.0, 1.0, 30.0, 210.74581448374042], [18.0, 1.0, 1.0, 30.0, 210.85151326578935], [59.0, 2.0, 3.0, 120.0, 211.68829524636791], [58.0, 2.0, 2.0, 60.0, 218.2635794691037], [79.0, 2.0, 2.0, 60.0, 238.24236082502787], [79.0, 1.0, 2.0, 60.0, 241.06005128697106], [91.0, 1.0, 1.0, 30.0, 242.4802497949752], [62.0, 2.0, 2.0, 60.0, 244.4690310645114], [134.0, 3.0, 2.0, 60.0, 246.27574217918595], [80.0, 2.0, 2.0, 60.0, 246.92391019530396], [22.0, 2.0, 2.0, 60.0, 252.340535869662], [79.0, 1.0, 1.0, 30.0, 259.21978013724924], [107.0, 2.0, 2.0, 60.0, 266.7588257904633], [53.0, 2.0, 2.0, 60.0, 293.3082397692622], [55.0, 3.0, 1.0, 30.0, 303.841540943146], [17.0, 1.0, 1.0, 30.0, 312.06587014562393], [46.0, 3.0, 2.0, 60.0, 317.28332755550696], [84.0, 1.0, 1.0, 30.0, 320.2459485503109], [29.0, 3.0, 1.0, 30.0, 320.46821633167013], [93.0, 2.0, 2.0, 60.0, 325.25123026577114], [10.0, 1.0, 1.0, 30.0, 328.35814570323583], [72.0, 3.0, 1.0, 30.0, 335.8979525787838], [105.0, 1.0, 2.0, 60.0, 346.037960484565], [9.0, 3.0, 1.0, 30.0, 347.69830455805135], [66.0, 2.0, 1.0, 30.0, 347.94705816407], [12.0, 2.0, 2.0, 60.0, 352.5711693396838], [64.0, 1.0, 2.0, 60.0, 365.3382663386541], [134.0, 3.0, 2.0, 60.0, 369.44362432169635], [99.0, 2.0, 2.0, 60.0, 380.09833875091823], [28.0, 1.0, 1.0, 30.0, 383.8634124776174], [86.0, 2.0, 2.0, 60.0, 390.4333827158369], [100.0, 3.0, 3.0, 120.0, 391.8772976892559], [111.0, 1.0, 1.0, 30.0, 392.54938394344936], [19.0, 1.0, 1.0, 30.0, 393.26178810715084], [100.0, 3.0, 3.0, 120.0, 393.85019969752625], [47.0, 2.0, 2.0, 60.0, 394.1235652920939], [100.0, 2.0, 3.0, 120.0, 402.7065312495663], [272.0, 1.0, 1.0, 30.0, 404.9496062434009], [40.0, 2.0, 2.0, 60.0, 406.8802625567264], [81.0, 1.0, 2.0, 60.0, 411.5550592296831], [13.0, 2.0, 2.0, 60.0, 412.491396507024], [60.0, 2.0, 2.0, 60.0, 422.0828587162822], [92.0, 2.0, 2.0, 60.0, 428.54263891348444], [5.0, 1.0, 1.0, 30.0, 430.18884989348794], [32.0, 2.0, 2.0, 60.0, 431.1918089653501], [115.0, 3.0, 1.0, 30.0, 433.84690701169285]]","[48, 49, 50, 51, 52, 53, 54, 55]","[[0, 2, 1, 0], [3, 0], [0, 1, 0]]","[0, 0, 0, 0, 2, 2, 2, 2]",200,10
51,150.00664167006812,0.011648277441660563,0.2,16.425983976077504,7.890014064071432,22.12000886197538,0.0,1816.7145555874997,1902.123871884296,2,0.21350000000000002,0.5034839802670592,0.09314341835278905,"[1, 3, 0]","[91.79273139129684, 50.67471631030412, 46.68240343483245]",6,6000,"[[ 0.          8.56760507 11.06000443  9.39240072  8.57923021]
 [ 8.56760507  0.          2.49239936  1.33404693  0.67697376]
 [11.06000443  2.49239936  0.          2.58839516  3.16937312]
 [ 9.39240072  1.33404693  2.58839516  0.          1.49804355]
 [ 8.57923021  0.67697376  3.16937312  1.49804355  0.        ]]","[[20.0, 2.0, 2.0, 60.0, 0.0], [45.0, 1.0, 2.0, 60.0, 0.0], [100.0, 2.0, 2.0, 60.0, 0.0], [46.0, 2.0, 1.0, 30.0, 0.0], [29.0, 3.0, 1.0, 30.0, 0.0], [89.0, 2.0, 2.0, 60.0, 0.0], [21.0, 1.0, 2.0, 60.0, 0.0], [110.0, 1.0, 1.0, 30.0, 0.0], [30.0, 2.0, 2.0, 60.0, 0.0], [53.0, 2.0, 2.0, 60.0, 0.0], [35.0, 3.0, 1.0, 30.0, 0.0], [29.0, 3.0, 1.0, 30.0, 0.0], [85.0, 3.0, 2.0, 60.0, 0.0], [21.0, 3.0, 2.0, 60.0, 0.0], [48.0, 2.0, 2.0, 60.0, 0.0], [45.0, 2.0, 2.0, 60.0, 0.0], [88.0, 3.0, 3.0, 120.0, 0.0], [58.0, 2.0, 2.0, 60.0, 0.0], [141.0, 1.0, 2.0, 60.0, 0.0], [445.0, 1.0, 1.0, 30.0, 0.0], [55.0, 2.0, 2.0, 60.0, 0.0], [100.0, 1.0, 3.0, 120.0, 0.0], [25.0, 2.0, 2.0, 60.0, 0.0], [4.0, 1.0, 1.0, 30.0, 0.0], [73.0, 3.0, 2.0, 60.0, 12.021043019829973], [11.0, 1.0, 2.0, 60.0, 23.70199129895224], [24.0, 2.0, 2.0, 60.0, 35.625796298323515], [80.0, 2.0, 2.0, 60.0, 37.02476774758143], [16.0, 2.0, 1.0, 30.0, 37.456954746073315], [45.0, 2.0, 2.0, 60.0, 44.72025732460407], [47.0, 2.0, 2.0, 60.0, 51.770060795891936], [104.0, 2.0, 2.0, 60.0, 67.39154057863942], [79.0, 2.0, 2.0, 60.0, 67.78801156455697], [65.0, 2.0, 2.0, 60.0, 73.02081579727279], [10.0, 3.0, 1.0, 30.0, 73.37299733126183], [92.0, 2.0, 2.0, 60.0, 78.81811547138163], [34.0, 2.0, 2.0, 60.0, 87.47475223580068], [23.0, 1.0, 1.0, 30.0, 89.40922635875023], [55.0, 2.0, 2.0, 60.0, 95.5671546720581], [184.0, 3.0, 2.0, 60.0, 96.33602094118923], [121.0, 3.0, 2.0, 60.0, 96.7939072781402], [61.0, 2.0, 2.0, 60.0, 98.36980328880216], [90.0, 2.0, 2.0, 60.0, 102.87579966565295], [18.0, 1.0, 1.0, 30.0, 104.9407263143454], [13.0, 1.0, 1.0, 30.0, 111.17765606341352], [184.0, 2.0, 2.0, 60.0, 112.29553792447513], [59.0, 3.0, 2.0, 60.0, 121.48538924519744], [87.0, 3.0, 1.0, 30.0, 127.62081856126873], [76.0, 1.0, 1.0, 30.0, 130.89979933108373], [64.0, 2.0, 2.0, 60.0, 132.98523286264282], [79.0, 1.0, 1.0, 30.0, 135.25183130913413], [74.0, 1.0, 1.0, 30.0, 135.6372170444124], [132.0, 1.0, 1.0, 30.0, 136.53537831628518], [13.0, 1.0, 1.0, 30.0, 139.96198057430644], [37.0, 1.0, 1.0, 30.0, 141.90538175510554], [3.0, 1.0, 2.0, 60.0, 148.22641604293108], [105.0, 1.0, 1.0, 30.0, 151.7688691800117], [19.0, 2.0, 2.0, 60.0, 152.9585189515018], [17.0, 2.0, 2.0, 60.0, 155.26396063278915], [45.0, 3.0, 2.0, 60.0, 158.4717443187417], [41.0, 2.0, 2.0, 60.0, 160.19091112593068], [14.0, 3.0, 2.0, 60.0, 161.80046723046223], [40.0, 2.0, 2.0, 60.0, 166.19504064142495], [119.0, 2.0, 2.0, 60.0, 167.67977668606895], [52.0, 2.0, 2.0, 60.0, 174.34828881122837], [52.0, 2.0, 2.0, 60.0, 181.30260874245792], [445.0, 2.0, 1.0, 30.0, 186.72302338228388], [68.0, 2.0, 2.0, 60.0, 187.08816512218607], [55.0, 2.0, 2.0, 60.0, 192.75850263079985], [27.0, 2.0, 2.0, 60.0, 199.5301925701257], [129.0, 1.0, 1.0, 30.0, 205.14039082741283], [45.0, 2.0, 2.0, 60.0, 206.54063642859495], [22.0, 2.0, 1.0, 30.0, 208.1453173837751], [17.0, 1.0, 1.0, 30.0, 208.9739969202831], [24.0, 3.0, 1.0, 30.0, 210.74581448374042], [18.0, 1.0, 1.0, 30.0, 210.85151326578935], [59.0, 2.0, 3.0, 120.0, 211.68829524636791], [58.0, 2.0, 2.0, 60.0, 218.2635794691037], [79.0, 2.0, 2.0, 60.0, 238.24236082502787], [79.0, 1.0, 2.0, 60.0, 241.06005128697106], [91.0, 1.0, 1.0, 30.0, 242.4802497949752], [62.0, 2.0, 2.0, 60.0, 244.4690310645114], [134.0, 3.0, 2.0, 60.0, 246.27574217918595], [80.0, 2.0, 2.0, 60.0, 246.92391019530396], [22.0, 2.0, 2.0, 60.0, 252.340535869662], [79.0, 1.0, 1.0, 30.0, 259.21978013724924], [107.0, 2.0, 2.0, 60.0, 266.7588257904633], [53.0, 2.0, 2.0, 60.0, 293.3082397692622], [55.0, 3.0, 1.0, 30.0, 303.841540943146], [17.0, 1.0, 1.0, 30.0, 312.06587014562393], [46.0, 3.0, 2.0, 60.0, 317.28332755550696], [84.0, 1.0, 1.0, 30.0, 320.2459485503109], [29.0, 3.0, 1.0, 30.0, 320.46821633167013], [93.0, 2.0, 2.0, 60.0, 325.25123026577114], [10.0, 1.0, 1.0, 30.0, 328.35814570323583], [72.0, 3.0, 1.0, 30.0, 335.8979525787838], [105.0, 1.0, 2.0, 60.0, 346.037960484565], [9.0, 3.0, 1.0, 30.0, 347.69830455805135], [66.0, 2.0, 1.0, 30.0, 347.94705816407], [12.0, 2.0, 2.0, 60.0, 352.5711693396838], [64.0, 1.0, 2.0, 60.0, 365.3382663386541], [134.0, 3.0, 2.0, 60.0, 369.44362432169635], [99.0, 2.0, 2.0, 60.0, 380.09833875091823], [28.0, 1.0, 1.0, 30.0, 383.8634124776174], [86.0, 2.0, 2.0, 60.0, 390.4333827158369], [100.0, 3.0, 3.0, 120.0, 391.8772976892559], [111.0, 1.0, 1.0, 30.0, 392.54938394344936], [19.0, 1.0, 1.0, 30.0, 393.26178810715084], [100.0, 3.0, 3.0, 120.0, 393.85019969752625], [47.0, 2.0, 2.0, 60.0, 394.1235652920939], [100.0, 2.0, 3.0, 120.0, 402.7065312495663], [272.0, 1.0, 1.0, 30.0, 404.9496062434009], [40.0, 2.0, 2.0, 60.0, 406.8802625567264], [81.0, 1.0, 2.0, 60.0, 411.5550592296831], [13.0, 2.0, 2.0, 60.0, 412.491396507024], [60.0, 2.0, 2.0, 60.0, 422.0828587162822], [92.0, 2.0, 2.0, 60.0, 428.54263891348444], [5.0, 1.0, 1.0, 30.0, 430.18884989348794], [32.0, 2.0, 2.0, 60.0, 431.1918089653501], [115.0, 3.0, 1.0, 30.0, 433.84690701169285]]","[49, 52, 53, 54, 55]","[[1, 0], [3, 0], [0, 2, 1, 0]]","[2, 2, 2, 2, 2]",200,10
52,152.01828994750977,0.012096718947092692,0.19999999999999998,17.999226030084625,8.279780775427357,22.47216542533615,0.0,2022.4079243803906,2194.5547985821077,1,0.22583333333333339,0.48003893412641907,0.08023601886184843,"[1, 3, 0]","[83.2251263210853, 50.67471631030412, 46.68240343483245]",6,6000,"[[ 0.          8.72013828 11.23608271  9.44511406  8.63194355]
 [ 8.72013828  0.          2.51594443  1.43014093  0.77306777]
 [11.23608271  2.51594443  0.          2.58839516  3.2890122 ]
 [ 9.44511406  1.43014093  2.58839516  0.          1.49804355]
 [ 8.63194355  0.77306777  3.2890122   1.49804355  0.        ]]","[[20.0, 2.0, 2.0, 60.0, 0.0], [45.0, 1.0, 2.0, 60.0, 0.0], [100.0, 2.0, 2.0, 60.0, 0.0], [46.0, 2.0, 1.0, 30.0, 0.0], [29.0, 3.0, 1.0, 30.0, 0.0], [89.0, 2.0, 2.0, 60.0, 0.0], [21.0, 1.0, 2.0, 60.0, 0.0], [110.0, 1.0, 1.0, 30.0, 0.0], [30.0, 2.0, 2.0, 60.0, 0.0], [53.0, 2.0, 2.0, 60.0, 0.0], [35.0, 3.0, 1.0, 30.0, 0.0], [29.0, 3.0, 1.0, 30.0, 0.0], [85.0, 3.0, 2.0, 60.0, 0.0], [21.0, 3.0, 2.0, 60.0, 0.0], [48.0, 2.0, 2.0, 60.0, 0.0], [45.0, 2.0, 2.0, 60.0, 0.0], [88.0, 3.0, 3.0, 120.0, 0.0], [58.0, 2.0, 2.0, 60.0, 0.0], [141.0, 1.0, 2.0, 60.0, 0.0], [445.0, 1.0, 1.0, 30.0, 0.0], [55.0, 2.0, 2.0, 60.0, 0.0], [100.0, 1.0, 3.0, 120.0, 0.0], [25.0, 2.0, 2.0, 60.0, 0.0], [4.0, 1.0, 1.0, 30.0, 0.0], [73.0, 3.0, 2.0, 60.0, 12.021043019829973], [11.0, 1.0, 2.0, 60.0, 23.70199129895224], [24.0, 2.0, 2.0, 60.0, 35.625796298323515], [80.0, 2.0, 2.0, 60.0, 37.02476774758143], [16.0, 2.0, 1.0, 30.0, 37.456954746073315], [45.0, 2.0, 2.0, 60.0, 44.72025732460407], [47.0, 2.0, 2.0, 60.0, 51.770060795891936], [104.0, 2.0, 2.0, 60.0, 67.39154057863942], [79.0, 2.0, 2.0, 60.0, 67.78801156455697], [65.0, 2.0, 2.0, 60.0, 73.02081579727279], [10.0, 3.0, 1.0, 30.0, 73.37299733126183], [92.0, 2.0, 2.0, 60.0, 78.81811547138163], [34.0, 2.0, 2.0, 60.0, 87.47475223580068], [23.0, 1.0, 1.0, 30.0, 89.40922635875023], [55.0, 2.0, 2.0, 60.0, 95.5671546720581], [184.0, 3.0, 2.0, 60.0, 96.33602094118923], [121.0, 3.0, 2.0, 60.0, 96.7939072781402], [61.0, 2.0, 2.0, 60.0, 98.36980328880216], [90.0, 2.0, 2.0, 60.0, 102.87579966565295], [18.0, 1.0, 1.0, 30.0, 104.9407263143454], [13.0, 1.0, 1.0, 30.0, 111.17765606341352], [184.0, 2.0, 2.0, 60.0, 112.29553792447513], [59.0, 3.0, 2.0, 60.0, 121.48538924519744], [87.0, 3.0, 1.0, 30.0, 127.62081856126873], [76.0, 1.0, 1.0, 30.0, 130.89979933108373], [64.0, 2.0, 2.0, 60.0, 132.98523286264282], [79.0, 1.0, 1.0, 30.0, 135.25183130913413], [74.0, 1.0, 1.0, 30.0, 135.6372170444124], [132.0, 1.0, 1.0, 30.0, 136.53537831628518], [13.0, 1.0, 1.0, 30.0, 139.96198057430644], [37.0, 1.0, 1.0, 30.0, 141.90538175510554], [3.0, 1.0, 2.0, 60.0, 148.22641604293108], [105.0, 1.0, 1.0, 30.0, 151.7688691800117], [19.0, 2.0, 2.0, 60.0, 152.9585189515018], [17.0, 2.0, 2.0, 60.0, 155.26396063278915], [45.0, 3.0, 2.0, 60.0, 158.4717443187417], [41.0, 2.0, 2.0, 60.0, 160.19091112593068], [14.0, 3.0, 2.0, 60.0, 161.80046723046223], [40.0, 2.0, 2.0, 60.0, 166.19504064142495], [119.0, 2.0, 2.0, 60.0, 167.67977668606895], [52.0, 2.0, 2.0, 60.0, 174.34828881122837], [52.0, 2.0, 2.0, 60.0, 181.30260874245792], [445.0, 2.0, 1.0, 30.0, 186.72302338228388], [68.0, 2.0, 2.0, 60.0, 187.08816512218607], [55.0, 2.0, 2.0, 60.0, 192.75850263079985], [27.0, 2.0, 2.0, 60.0, 199.5301925701257], [129.0, 1.0, 1.0, 30.0, 205.14039082741283], [45.0, 2.0, 2.0, 60.0, 206.54063642859495], [22.0, 2.0, 1.0, 30.0, 208.1453173837751], [17.0, 1.0, 1.0, 30.0, 208.9739969202831], [24.0, 3.0, 1.0, 30.0, 210.74581448374042], [18.0, 1.0, 1.0, 30.0, 210.85151326578935], [59.0, 2.0, 3.0, 120.0, 211.68829524636791], [58.0, 2.0, 2.0, 60.0, 218.2635794691037], [79.0, 2.0, 2.0, 60.0, 238.24236082502787], [79.0, 1.0, 2.0, 60.0, 241.06005128697106], [91.0, 1.0, 1.0, 30.0, 242.4802497949752], [62.0, 2.0, 2.0, 60.0, 244.4690310645114], [134.0, 3.0, 2.0, 60.0, 246.27574217918595], [80.0, 2.0, 2.0, 60.0, 246.92391019530396], [22.0, 2.0, 2.0, 60.0, 252.340535869662], [79.0, 1.0, 1.0, 30.0, 259.21978013724924], [107.0, 2.0, 2.0, 60.0, 266.7588257904633], [53.0, 2.0, 2.0, 60.0, 293.3082397692622], [55.0, 3.0, 1.0, 30.0, 303.841540943146], [17.0, 1.0, 1.0, 30.0, 312.06587014562393], [46.0, 3.0, 2.0, 60.0, 317.28332755550696], [84.0, 1.0, 1.0, 30.0, 320.2459485503109], [29.0, 3.0, 1.0, 30.0, 320.46821633167013], [93.0, 2.0, 2.0, 60.0, 325.25123026577114], [10.0, 1.0, 1.0, 30.0, 328.35814570323583], [72.0, 3.0, 1.0, 30.0, 335.8979525787838], [105.0, 1.0, 2.0, 60.0, 346.037960484565], [9.0, 3.0, 1.0, 30.0, 347.69830455805135], [66.0, 2.0, 1.0, 30.0, 347.94705816407], [12.0, 2.0, 2.0, 60.0, 352.5711693396838], [64.0, 1.0, 2.0, 60.0, 365.3382663386541], [134.0, 3.0, 2.0, 60.0, 369.44362432169635], [99.0, 2.0, 2.0, 60.0, 380.09833875091823], [28.0, 1.0, 1.0, 30.0, 383.8634124776174], [86.0, 2.0, 2.0, 60.0, 390.4333827158369], [100.0, 3.0, 3.0, 120.0, 391.8772976892559], [111.0, 1.0, 1.0, 30.0, 392.54938394344936], [19.0, 1.0, 1.0, 30.0, 393.26178810715084], [100.0, 3.0, 3.0, 120.0, 393.85019969752625], [47.0, 2.0, 2.0, 60.0, 394.1235652920939], [100.0, 2.0, 3.0, 120.0, 402.7065312495663], [272.0, 1.0, 1.0, 30.0, 404.9496062434009], [40.0, 2.0, 2.0, 60.0, 406.8802625567264], [81.0, 1.0, 2.0, 60.0, 411.5550592296831], [13.0, 2.0, 2.0, 60.0, 412.491396507024], [60.0, 2.0, 2.0, 60.0, 422.0828587162822], [92.0, 2.0, 2.0, 60.0, 428.54263891348444], [5.0, 1.0, 1.0, 30.0, 430.18884989348794], [32.0, 2.0, 2.0, 60.0, 431.1918089653501], [115.0, 3.0, 1.0, 30.0, 433.84690701169285]]","[49, 52, 53, 54, 55, 56]","[[1, 0], [3, 0], [0, 2, 1, 0]]","[2, 2, 2, 2, 2, 2]",200,10
53,153.03038666645688,0.013338438669840495,0.23395688708738407,18.429419516294633,11.302344613976182,25.532491288680347,0.0,2011.263695261409,2180.3708781553246,1,0.32049999999999995,0.753533425654164,0.08997756237317789,"[1, 3, 0]","[83.2251263210853, 50.67471631030412, 46.68240343483245]",6,6000,"[[ 0.          8.51083043 10.91333177  9.35177703  8.53860651]
 [ 8.51083043  0.          2.51594443  1.43014093  0.77306777]
 [10.91333177  2.51594443  0.          2.58839516  3.2890122 ]
 [ 9.35177703  1.43014093  2.58839516  0.          1.49804355]
 [ 8.53860651  0.77306777  3.2890122   1.49804355  0.        ]]","[[20.0, 2.0, 2.0, 60.0, 0.0], [45.0, 1.0, 2.0, 60.0, 0.0], [100.0, 2.0, 2.0, 60.0, 0.0], [46.0, 2.0, 1.0, 30.0, 0.0], [29.0, 3.0, 1.0, 30.0, 0.0], [89.0, 2.0, 2.0, 60.0, 0.0], [21.0, 1.0, 2.0, 60.0, 0.0], [110.0, 1.0, 1.0, 30.0, 0.0], [30.0, 2.0, 2.0, 60.0, 0.0], [53.0, 2.0, 2.0, 60.0, 0.0], [35.0, 3.0, 1.0, 30.0, 0.0], [29.0, 3.0, 1.0, 30.0, 0.0], [85.0, 3.0, 2.0, 60.0, 0.0], [21.0, 3.0, 2.0, 60.0, 0.0], [48.0, 2.0, 2.0, 60.0, 0.0], [45.0, 2.0, 2.0, 60.0, 0.0], [88.0, 3.0, 3.0, 120.0, 0.0], [58.0, 2.0, 2.0, 60.0, 0.0], [141.0, 1.0, 2.0, 60.0, 0.0], [445.0, 1.0, 1.0, 30.0, 0.0], [55.0, 2.0, 2.0, 60.0, 0.0], [100.0, 1.0, 3.0, 120.0, 0.0], [25.0, 2.0, 2.0, 60.0, 0.0], [4.0, 1.0, 1.0, 30.0, 0.0], [73.0, 3.0, 2.0, 60.0, 12.021043019829973], [11.0, 1.0, 2.0, 60.0, 23.70199129895224], [24.0, 2.0, 2.0, 60.0, 35.625796298323515], [80.0, 2.0, 2.0, 60.0, 37.02476774758143], [16.0, 2.0, 1.0, 30.0, 37.456954746073315], [45.0, 2.0, 2.0, 60.0, 44.72025732460407], [47.0, 2.0, 2.0, 60.0, 51.770060795891936], [104.0, 2.0, 2.0, 60.0, 67.39154057863942], [79.0, 2.0, 2.0, 60.0, 67.78801156455697], [65.0, 2.0, 2.0, 60.0, 73.02081579727279], [10.0, 3.0, 1.0, 30.0, 73.37299733126183], [92.0, 2.0, 2.0, 60.0, 78.81811547138163], [34.0, 2.0, 2.0, 60.0, 87.47475223580068], [23.0, 1.0, 1.0, 30.0, 89.40922635875023], [55.0, 2.0, 2.0, 60.0, 95.5671546720581], [184.0, 3.0, 2.0, 60.0, 96.33602094118923], [121.0, 3.0, 2.0, 60.0, 96.7939072781402], [61.0, 2.0, 2.0, 60.0, 98.36980328880216], [90.0, 2.0, 2.0, 60.0, 102.87579966565295], [18.0, 1.0, 1.0, 30.0, 104.9407263143454], [13.0, 1.0, 1.0, 30.0, 111.17765606341352], [184.0, 2.0, 2.0, 60.0, 112.29553792447513], [59.0, 3.0, 2.0, 60.0, 121.48538924519744], [87.0, 3.0, 1.0, 30.0, 127.62081856126873], [76.0, 1.0, 1.0, 30.0, 130.89979933108373], [64.0, 2.0, 2.0, 60.0, 132.98523286264282], [79.0, 1.0, 1.0, 30.0, 135.25183130913413], [74.0, 1.0, 1.0, 30.0, 135.6372170444124], [132.0, 1.0, 1.0, 30.0, 136.53537831628518], [13.0, 1.0, 1.0, 30.0, 139.96198057430644], [37.0, 1.0, 1.0, 30.0, 141.90538175510554], [3.0, 1.0, 2.0, 60.0, 148.22641604293108], [105.0, 1.0, 1.0, 30.0, 151.7688691800117], [19.0, 2.0, 2.0, 60.0, 152.9585189515018], [17.0, 2.0, 2.0, 60.0, 155.26396063278915], [45.0, 3.0, 2.0, 60.0, 158.4717443187417], [41.0, 2.0, 2.0, 60.0, 160.19091112593068], [14.0, 3.0, 2.0, 60.0, 161.80046723046223], [40.0, 2.0, 2.0, 60.0, 166.19504064142495], [119.0, 2.0, 2.0, 60.0, 167.67977668606895], [52.0, 2.0, 2.0, 60.0, 174.34828881122837], [52.0, 2.0, 2.0, 60.0, 181.30260874245792], [445.0, 2.0, 1.0, 30.0, 186.72302338228388], [68.0, 2.0, 2.0, 60.0, 187.08816512218607], [55.0, 2.0, 2.0, 60.0, 192.75850263079985], [27.0, 2.0, 2.0, 60.0, 199.5301925701257], [129.0, 1.0, 1.0, 30.0, 205.14039082741283], [45.0, 2.0, 2.0, 60.0, 206.54063642859495], [22.0, 2.0, 1.0, 30.0, 208.1453173837751], [17.0, 1.0, 1.0, 30.0, 208.9739969202831], [24.0, 3.0, 1.0, 30.0, 210.74581448374042], [18.0, 1.0, 1.0, 30.0, 210.85151326578935], [59.0, 2.0, 3.0, 120.0, 211.68829524636791], [58.0, 2.0, 2.0, 60.0, 218.2635794691037], [79.0, 2.0, 2.0, 60.0, 238.24236082502787], [79.0, 1.0, 2.0, 60.0, 241.06005128697106], [91.0, 1.0, 1.0, 30.0, 242.4802497949752], [62.0, 2.0, 2.0, 60.0, 244.4690310645114], [134.0, 3.0, 2.0, 60.0, 246.27574217918595], [80.0, 2.0, 2.0, 60.0, 246.92391019530396], [22.0, 2.0, 2.0, 60.0, 252.340535869662], [79.0, 1.0, 1.0, 30.0, 259.21978013724924], [107.0, 2.0, 2.0, 60.0, 266.7588257904633], [53.0, 2.0, 2.0, 60.0, 293.3082397692622], [55.0, 3.0, 1.0, 30.0, 303.841540943146], [17.0, 1.0, 1.0, 30.0, 312.06587014562393], [46.0, 3.0, 2.0, 60.0, 317.28332755550696], [84.0, 1.0, 1.0, 30.0, 320.2459485503109], [29.0, 3.0, 1.0, 30.0, 320.46821633167013], [93.0, 2.0, 2.0, 60.0, 325.25123026577114], [10.0, 1.0, 1.0, 30.0, 328.35814570323583], [72.0, 3.0, 1.0, 30.0, 335.8979525787838], [105.0, 1.0, 2.0, 60.0, 346.037960484565], [9.0, 3.0, 1.0, 30.0, 347.69830455805135], [66.0, 2.0, 1.0, 30.0, 347.94705816407], [12.0, 2.0, 2.0, 60.0, 352.5711693396838], [64.0, 1.0, 2.0, 60.0, 365.3382663386541], [134.0, 3.0, 2.0, 60.0, 369.44362432169635], [99.0, 2.0, 2.0, 60.0, 380.09833875091823], [28.0, 1.0, 1.0, 30.0, 383.8634124776174], [86.0, 2.0, 2.0, 60.0, 390.4333827158369], [100.0, 3.0, 3.0, 120.0, 391.8772976892559], [111.0, 1.0, 1.0, 30.0, 392.54938394344936], [19.0, 1.0, 1.0, 30.0, 393.26178810715084], [100.0, 3.0, 3.0, 120.0, 393.85019969752625], [47.0, 2.0, 2.0, 60.0, 394.1235652920939], [100.0, 2.0, 3.0, 120.0, 402.7065312495663], [272.0, 1.0, 1.0, 30.0, 404.9496062434009], [40.0, 2.0, 2.0, 60.0, 406.8802625567264], [81.0, 1.0, 2.0, 60.0, 411.5550592296831], [13.0, 2.0, 2.0, 60.0, 412.491396507024], [60.0, 2.0, 2.0, 60.0, 422.0828587162822], [92.0, 2.0, 2.0, 60.0, 428.54263891348444], [5.0, 1.0, 1.0, 30.0, 430.18884989348794], [32.0, 2.0, 2.0, 60.0, 431.1918089653501], [115.0, 3.0, 1.0, 30.0, 433.84690701169285]]","[49, 52, 53, 54, 55, 56, 57]","[[1, 0, 1, 0], [3, 0], [0, 1, 2, 0]]","[2, 2, 2, 2, 0, 2, 2]",200,10
54,155.04372510512673,0.012765443325042725,0.27796304962785073,21.185143331962863,11.615542520705157,29.863824876502814,14.23177936625035,2276.0917729762864,2373.073036956345,2,0.4398333333333333,0.9065700572251569,0.16094743220055543,"[1, 3, 1]","[83.2251263210853, 50.67471631030412, 46.68240343483245]",6,6000,"[[ 0.          8.37620275 10.74381106  9.00864929  8.19547878]
 [ 8.37620275  0.          2.47549022  1.53340889  0.87633572]
 [10.74381106  2.47549022  0.          2.58839516  3.33726465]
 [ 9.00864929  1.53340889  2.58839516  0.          1.49804355]
 [ 8.19547878  0.87633572  3.33726465  1.49804355  0.        ]]","[[20.0, 2.0, 2.0, 60.0, 0.0], [45.0, 1.0, 2.0, 60.0, 0.0], [100.0, 2.0, 2.0, 60.0, 0.0], [46.0, 2.0, 1.0, 30.0, 0.0], [29.0, 3.0, 1.0, 30.0, 0.0], [89.0, 2.0, 2.0, 60.0, 0.0], [21.0, 1.0, 2.0, 60.0, 0.0], [110.0, 1.0, 1.0, 30.0, 0.0], [30.0, 2.0, 2.0, 60.0, 0.0], [53.0, 2.0, 2.0, 60.0, 0.0], [35.0, 3.0, 1.0, 30.0, 0.0], [29.0, 3.0, 1.0, 30.0, 0.0], [85.0, 3.0, 2.0, 60.0, 0.0], [21.0, 3.0, 2.0, 60.0, 0.0], [48.0, 2.0, 2.0, 60.0, 0.0], [45.0, 2.0, 2.0, 60.0, 0.0], [88.0, 3.0, 3.0, 120.0, 0.0], [58.0, 2.0, 2.0, 60.0, 0.0], [141.0, 1.0, 2.0, 60.0, 0.0], [445.0, 1.0, 1.0, 30.0, 0.0], [55.0, 2.0, 2.0, 60.0, 0.0], [100.0, 1.0, 3.0, 120.0, 0.0], [25.0, 2.0, 2.0, 60.0, 0.0], [4.0, 1.0, 1.0, 30.0, 0.0], [73.0, 3.0, 2.0, 60.0, 12.021043019829973], [11.0, 1.0, 2.0, 60.0, 23.70199129895224], [24.0, 2.0, 2.0, 60.0, 35.625796298323515], [80.0, 2.0, 2.0, 60.0, 37.02476774758143], [16.0, 2.0, 1.0, 30.0, 37.456954746073315], [45.0, 2.0, 2.0, 60.0, 44.72025732460407], [47.0, 2.0, 2.0, 60.0, 51.770060795891936], [104.0, 2.0, 2.0, 60.0, 67.39154057863942], [79.0, 2.0, 2.0, 60.0, 67.78801156455697], [65.0, 2.0, 2.0, 60.0, 73.02081579727279], [10.0, 3.0, 1.0, 30.0, 73.37299733126183], [92.0, 2.0, 2.0, 60.0, 78.81811547138163], [34.0, 2.0, 2.0, 60.0, 87.47475223580068], [23.0, 1.0, 1.0, 30.0, 89.40922635875023], [55.0, 2.0, 2.0, 60.0, 95.5671546720581], [184.0, 3.0, 2.0, 60.0, 96.33602094118923], [121.0, 3.0, 2.0, 60.0, 96.7939072781402], [61.0, 2.0, 2.0, 60.0, 98.36980328880216], [90.0, 2.0, 2.0, 60.0, 102.87579966565295], [18.0, 1.0, 1.0, 30.0, 104.9407263143454], [13.0, 1.0, 1.0, 30.0, 111.17765606341352], [184.0, 2.0, 2.0, 60.0, 112.29553792447513], [59.0, 3.0, 2.0, 60.0, 121.48538924519744], [87.0, 3.0, 1.0, 30.0, 127.62081856126873], [76.0, 1.0, 1.0, 30.0, 130.89979933108373], [64.0, 2.0, 2.0, 60.0, 132.98523286264282], [79.0, 1.0, 1.0, 30.0, 135.25183130913413], [74.0, 1.0, 1.0, 30.0, 135.6372170444124], [132.0, 1.0, 1.0, 30.0, 136.53537831628518], [13.0, 1.0, 1.0, 30.0, 139.96198057430644], [37.0, 1.0, 1.0, 30.0, 141.90538175510554], [3.0, 1.0, 2.0, 60.0, 148.22641604293108], [105.0, 1.0, 1.0, 30.0, 151.7688691800117], [19.0, 2.0, 2.0, 60.0, 152.9585189515018], [17.0, 2.0, 2.0, 60.0, 155.26396063278915], [45.0, 3.0, 2.0, 60.0, 158.4717443187417], [41.0, 2.0, 2.0, 60.0, 160.19091112593068], [14.0, 3.0, 2.0, 60.0, 161.80046723046223], [40.0, 2.0, 2.0, 60.0, 166.19504064142495], [119.0, 2.0, 2.0, 60.0, 167.67977668606895], [52.0, 2.0, 2.0, 60.0, 174.34828881122837], [52.0, 2.0, 2.0, 60.0, 181.30260874245792], [445.0, 2.0, 1.0, 30.0, 186.72302338228388], [68.0, 2.0, 2.0, 60.0, 187.08816512218607], [55.0, 2.0, 2.0, 60.0, 192.75850263079985], [27.0, 2.0, 2.0, 60.0, 199.5301925701257], [129.0, 1.0, 1.0, 30.0, 205.14039082741283], [45.0, 2.0, 2.0, 60.0, 206.54063642859495], [22.0, 2.0, 1.0, 30.0, 208.1453173837751], [17.0, 1.0, 1.0, 30.0, 208.9739969202831], [24.0, 3.0, 1.0, 30.0, 210.74581448374042], [18.0, 1.0, 1.0, 30.0, 210.85151326578935], [59.0, 2.0, 3.0, 120.0, 211.68829524636791], [58.0, 2.0, 2.0, 60.0, 218.2635794691037], [79.0, 2.0, 2.0, 60.0, 238.24236082502787], [79.0, 1.0, 2.0, 60.0, 241.06005128697106], [91.0, 1.0, 1.0, 30.0, 242.4802497949752], [62.0, 2.0, 2.0, 60.0, 244.4690310645114], [134.0, 3.0, 2.0, 60.0, 246.27574217918595], [80.0, 2.0, 2.0, 60.0, 246.92391019530396], [22.0, 2.0, 2.0, 60.0, 252.340535869662], [79.0, 1.0, 1.0, 30.0, 259.21978013724924], [107.0, 2.0, 2.0, 60.0, 266.7588257904633], [53.0, 2.0, 2.0, 60.0, 293.3082397692622], [55.0, 3.0, 1.0, 30.0, 303.841540943146], [17.0, 1.0, 1.0, 30.0, 312.06587014562393], [46.0, 3.0, 2.0, 60.0, 317.28332755550696], [84.0, 1.0, 1.0, 30.0, 320.2459485503109], [29.0, 3.0, 1.0, 30.0, 320.46821633167013], [93.0, 2.0, 2.0, 60.0, 325.25123026577114], [10.0, 1.0, 1.0, 30.0, 328.35814570323583], [72.0, 3.0, 1.0, 30.0, 335.8979525787838], [105.0, 1.0, 2.0, 60.0, 346.037960484565], [9.0, 3.0, 1.0, 30.0, 347.69830455805135], [66.0, 2.0, 1.0, 30.0, 347.94705816407], [12.0, 2.0, 2.0, 60.0, 352.5711693396838], [64.0, 1.0, 2.0, 60.0, 365.3382663386541], [134.0, 3.0, 2.0, 60.0, 369.44362432169635], [99.0, 2.0, 2.0, 60.0, 380.09833875091823], [28.0, 1.0, 1.0, 30.0, 383.8634124776174], [86.0, 2.0, 2.0, 60.0, 390.4333827158369], [100.0, 3.0, 3.0, 120.0, 391.8772976892559], [111.0, 1.0, 1.0, 30.0, 392.54938394344936], [19.0, 1.0, 1.0, 30.0, 393.26178810715084], [100.0, 3.0, 3.0, 120.0, 393.85019969752625], [47.0, 2.0, 2.0, 60.0, 394.1235652920939], [100.0, 2.0, 3.0, 120.0, 402.7065312495663], [272.0, 1.0, 1.0, 30.0, 404.9496062434009], [40.0, 2.0, 2.0, 60.0, 406.8802625567264], [81.0, 1.0, 2.0, 60.0, 411.5550592296831], [13.0, 2.0, 2.0, 60.0, 412.491396507024], [60.0, 2.0, 2.0, 60.0, 422.0828587162822], [92.0, 2.0, 2.0, 60.0, 428.54263891348444], [5.0, 1.0, 1.0, 30.0, 430.18884989348794], [32.0, 2.0, 2.0, 60.0, 431.1918089653501], [115.0, 3.0, 1.0, 30.0, 433.84690701169285]]","[49, 53, 55, 56, 57]","[[1, 0, 2, 0], [3, 0], [1, 0, 1, 0]]","[0, 2, 2, 2, 0]",200,10
55,156.05649054845176,0.01303723653157552,0.40584122209220297,23.446660670113896,13.51000808586094,43.97198721908839,9.08653588745716,2540.393156716641,2792.367931549425,1,0.4395833333333334,0.8825697489253647,0.1630823755303977,"[1, 0, 1]","[83.2251263210853, 51.005623249416345, 38.21523577399559]",6,6000,"[[ 0.          8.46716766 10.83477597  9.0996142   8.28644369]
 [ 8.46716766  0.          2.47549022  1.53340889  0.87633572]
 [10.83477597  2.47549022  0.          2.58839516  3.33726465]
 [ 9.0996142   1.53340889  2.58839516  0.          1.49804355]
 [ 8.28644369  0.87633572  3.33726465  1.49804355  0.        ]]","[[20.0, 2.0, 2.0, 60.0, 0.0], [45.0, 1.0, 2.0, 60.0, 0.0], [100.0, 2.0, 2.0, 60.0, 0.0], [46.0, 2.0, 1.0, 30.0, 0.0], [29.0, 3.0, 1.0, 30.0, 0.0], [89.0, 2.0, 2.0, 60.0, 0.0], [21.0, 1.0, 2.0, 60.0, 0.0], [110.0, 1.0, 1.0, 30.0, 0.0], [30.0, 2.0, 2.0, 60.0, 0.0], [53.0, 2.0, 2.0, 60.0, 0.0], [35.0, 3.0, 1.0, 30.0, 0.0], [29.0, 3.0, 1.0, 30.0, 0.0], [85.0, 3.0, 2.0, 60.0, 0.0], [21.0, 3.0, 2.0, 60.0, 0.0], [48.0, 2.0, 2.0, 60.0, 0.0], [45.0, 2.0, 2.0, 60.0, 0.0], [88.0, 3.0, 3.0, 120.0, 0.0], [58.0, 2.0, 2.0, 60.0, 0.0], [141.0, 1.0, 2.0, 60.0, 0.0], [445.0, 1.0, 1.0, 30.0, 0.0], [55.0, 2.0, 2.0, 60.0, 0.0], [100.0, 1.0, 3.0, 120.0, 0.0], [25.0, 2.0, 2.0, 60.0, 0.0], [4.0, 1.0, 1.0, 30.0, 0.0], [73.0, 3.0, 2.0, 60.0, 12.021043019829973], [11.0, 1.0, 2.0, 60.0, 23.70199129895224], [24.0, 2.0, 2.0, 60.0, 35.625796298323515], [80.0, 2.0, 2.0, 60.0, 37.02476774758143], [16.0, 2.0, 1.0, 30.0, 37.456954746073315], [45.0, 2.0, 2.0, 60.0, 44.72025732460407], [47.0, 2.0, 2.0, 60.0, 51.770060795891936], [104.0, 2.0, 2.0, 60.0, 67.39154057863942], [79.0, 2.0, 2.0, 60.0, 67.78801156455697], [65.0, 2.0, 2.0, 60.0, 73.02081579727279], [10.0, 3.0, 1.0, 30.0, 73.37299733126183], [92.0, 2.0, 2.0, 60.0, 78.81811547138163], [34.0, 2.0, 2.0, 60.0, 87.47475223580068], [23.0, 1.0, 1.0, 30.0, 89.40922635875023], [55.0, 2.0, 2.0, 60.0, 95.5671546720581], [184.0, 3.0, 2.0, 60.0, 96.33602094118923], [121.0, 3.0, 2.0, 60.0, 96.7939072781402], [61.0, 2.0, 2.0, 60.0, 98.36980328880216], [90.0, 2.0, 2.0, 60.0, 102.87579966565295], [18.0, 1.0, 1.0, 30.0, 104.9407263143454], [13.0, 1.0, 1.0, 30.0, 111.17765606341352], [184.0, 2.0, 2.0, 60.0, 112.29553792447513], [59.0, 3.0, 2.0, 60.0, 121.48538924519744], [87.0, 3.0, 1.0, 30.0, 127.62081856126873], [76.0, 1.0, 1.0, 30.0, 130.89979933108373], [64.0, 2.0, 2.0, 60.0, 132.98523286264282], [79.0, 1.0, 1.0, 30.0, 135.25183130913413], [74.0, 1.0, 1.0, 30.0, 135.6372170444124], [132.0, 1.0, 1.0, 30.0, 136.53537831628518], [13.0, 1.0, 1.0, 30.0, 139.96198057430644], [37.0, 1.0, 1.0, 30.0, 141.90538175510554], [3.0, 1.0, 2.0, 60.0, 148.22641604293108], [105.0, 1.0, 1.0, 30.0, 151.7688691800117], [19.0, 2.0, 2.0, 60.0, 152.9585189515018], [17.0, 2.0, 2.0, 60.0, 155.26396063278915], [45.0, 3.0, 2.0, 60.0, 158.4717443187417], [41.0, 2.0, 2.0, 60.0, 160.19091112593068], [14.0, 3.0, 2.0, 60.0, 161.80046723046223], [40.0, 2.0, 2.0, 60.0, 166.19504064142495], [119.0, 2.0, 2.0, 60.0, 167.67977668606895], [52.0, 2.0, 2.0, 60.0, 174.34828881122837], [52.0, 2.0, 2.0, 60.0, 181.30260874245792], [445.0, 2.0, 1.0, 30.0, 186.72302338228388], [68.0, 2.0, 2.0, 60.0, 187.08816512218607], [55.0, 2.0, 2.0, 60.0, 192.75850263079985], [27.0, 2.0, 2.0, 60.0, 199.5301925701257], [129.0, 1.0, 1.0, 30.0, 205.14039082741283], [45.0, 2.0, 2.0, 60.0, 206.54063642859495], [22.0, 2.0, 1.0, 30.0, 208.1453173837751], [17.0, 1.0, 1.0, 30.0, 208.9739969202831], [24.0, 3.0, 1.0, 30.0, 210.74581448374042], [18.0, 1.0, 1.0, 30.0, 210.85151326578935], [59.0, 2.0, 3.0, 120.0, 211.68829524636791], [58.0, 2.0, 2.0, 60.0, 218.2635794691037], [79.0, 2.0, 2.0, 60.0, 238.24236082502787], [79.0, 1.0, 2.0, 60.0, 241.06005128697106], [91.0, 1.0, 1.0, 30.0, 242.4802497949752], [62.0, 2.0, 2.0, 60.0, 244.4690310645114], [134.0, 3.0, 2.0, 60.0, 246.27574217918595], [80.0, 2.0, 2.0, 60.0, 246.92391019530396], [22.0, 2.0, 2.0, 60.0, 252.340535869662], [79.0, 1.0, 1.0, 30.0, 259.21978013724924], [107.0, 2.0, 2.0, 60.0, 266.7588257904633], [53.0, 2.0, 2.0, 60.0, 293.3082397692622], [55.0, 3.0, 1.0, 30.0, 303.841540943146], [17.0, 1.0, 1.0, 30.0, 312.06587014562393], [46.0, 3.0, 2.0, 60.0, 317.28332755550696], [84.0, 1.0, 1.0, 30.0, 320.2459485503109], [29.0, 3.0, 1.0, 30.0, 320.46821633167013], [93.0, 2.0, 2.0, 60.0, 325.25123026577114], [10.0, 1.0, 1.0, 30.0, 328.35814570323583], [72.0, 3.0, 1.0, 30.0, 335.8979525787838], [105.0, 1.0, 2.0, 60.0, 346.037960484565], [9.0, 3.0, 1.0, 30.0, 347.69830455805135], [66.0, 2.0, 1.0, 30.0, 347.94705816407], [12.0, 2.0, 2.0, 60.0, 352.5711693396838], [64.0, 1.0, 2.0, 60.0, 365.3382663386541], [134.0, 3.0, 2.0, 60.0, 369.44362432169635], [99.0, 2.0, 2.0, 60.0, 380.09833875091823], [28.0, 1.0, 1.0, 30.0, 383.8634124776174], [86.0, 2.0, 2.0, 60.0, 390.4333827158369], [100.0, 3.0, 3.0, 120.0, 391.8772976892559], [111.0, 1.0, 1.0, 30.0, 392.54938394344936], [19.0, 1.0, 1.0, 30.0, 393.26178810715084], [100.0, 3.0, 3.0, 120.0, 393.85019969752625], [47.0, 2.0, 2.0, 60.0, 394.1235652920939], [100.0, 2.0, 3.0, 120.0, 402.7065312495663], [272.0, 1.0, 1.0, 30.0, 404.9496062434009], [40.0, 2.0, 2.0, 60.0, 406.8802625567264], [81.0, 1.0, 2.0, 60.0, 411.5550592296831], [13.0, 2.0, 2.0, 60.0, 412.491396507024], [60.0, 2.0, 2.0, 60.0, 422.0828587162822], [92.0, 2.0, 2.0, 60.0, 428.54263891348444], [5.0, 1.0, 1.0, 30.0, 430.18884989348794], [32.0, 2.0, 2.0, 60.0, 431.1918089653501], [115.0, 3.0, 1.0, 30.0, 433.84690701169285]]","[49, 53, 55, 56, 57, 58]","[[1, 0, 2, 1, 0], [0], [1, 0, 1, 0]]","[0, 2, 0, 2, 0, 0]",200,10
56,159.06952778498334,0.01353222131729126,0.5835951862932692,35.510685346131474,15.408974898591115,62.67709828813913,116.02035261961478,3813.7852538766456,4052.818481727036,1,0.45890476190476187,0.6993281579513704,0.14963428636982076,"[1, 0, 1]","[83.2251263210853, 54.01866048594792, 38.21523577399559]",6,6000,"[[ 0.          8.3684542  10.73982441  9.18108663  8.36791611]
 [ 8.3684542   0.          2.37137021  1.34248429  0.68541112]
 [10.73982441  2.37137021  0.          2.58839516  3.05678133]
 [ 9.18108663  1.34248429  2.58839516  0.          1.49804355]
 [ 8.36791611  0.68541112  3.05678133  1.49804355  0.        ]]","[[20.0, 2.0, 2.0, 60.0, 0.0], [45.0, 1.0, 2.0, 60.0, 0.0], [100.0, 2.0, 2.0, 60.0, 0.0], [46.0, 2.0, 1.0, 30.0, 0.0], [29.0, 3.0, 1.0, 30.0, 0.0], [89.0, 2.0, 2.0, 60.0, 0.0], [21.0, 1.0, 2.0, 60.0, 0.0], [110.0, 1.0, 1.0, 30.0, 0.0], [30.0, 2.0, 2.0, 60.0, 0.0], [53.0, 2.0, 2.0, 60.0, 0.0], [35.0, 3.0, 1.0, 30.0, 0.0], [29.0, 3.0, 1.0, 30.0, 0.0], [85.0, 3.0, 2.0, 60.0, 0.0], [21.0, 3.0, 2.0, 60.0, 0.0], [48.0, 2.0, 2.0, 60.0, 0.0], [45.0, 2.0, 2.0, 60.0, 0.0], [88.0, 3.0, 3.0, 120.0, 0.0], [58.0, 2.0, 2.0, 60.0, 0.0], [141.0, 1.0, 2.0, 60.0, 0.0], [445.0, 1.0, 1.0, 30.0, 0.0], [55.0, 2.0, 2.0, 60.0, 0.0], [100.0, 1.0, 3.0, 120.0, 0.0], [25.0, 2.0, 2.0, 60.0, 0.0], [4.0, 1.0, 1.0, 30.0, 0.0], [73.0, 3.0, 2.0, 60.0, 12.021043019829973], [11.0, 1.0, 2.0, 60.0, 23.70199129895224], [24.0, 2.0, 2.0, 60.0, 35.625796298323515], [80.0, 2.0, 2.0, 60.0, 37.02476774758143], [16.0, 2.0, 1.0, 30.0, 37.456954746073315], [45.0, 2.0, 2.0, 60.0, 44.72025732460407], [47.0, 2.0, 2.0, 60.0, 51.770060795891936], [104.0, 2.0, 2.0, 60.0, 67.39154057863942], [79.0, 2.0, 2.0, 60.0, 67.78801156455697], [65.0, 2.0, 2.0, 60.0, 73.02081579727279], [10.0, 3.0, 1.0, 30.0, 73.37299733126183], [92.0, 2.0, 2.0, 60.0, 78.81811547138163], [34.0, 2.0, 2.0, 60.0, 87.47475223580068], [23.0, 1.0, 1.0, 30.0, 89.40922635875023], [55.0, 2.0, 2.0, 60.0, 95.5671546720581], [184.0, 3.0, 2.0, 60.0, 96.33602094118923], [121.0, 3.0, 2.0, 60.0, 96.7939072781402], [61.0, 2.0, 2.0, 60.0, 98.36980328880216], [90.0, 2.0, 2.0, 60.0, 102.87579966565295], [18.0, 1.0, 1.0, 30.0, 104.9407263143454], [13.0, 1.0, 1.0, 30.0, 111.17765606341352], [184.0, 2.0, 2.0, 60.0, 112.29553792447513], [59.0, 3.0, 2.0, 60.0, 121.48538924519744], [87.0, 3.0, 1.0, 30.0, 127.62081856126873], [76.0, 1.0, 1.0, 30.0, 130.89979933108373], [64.0, 2.0, 2.0, 60.0, 132.98523286264282], [79.0, 1.0, 1.0, 30.0, 135.25183130913413], [74.0, 1.0, 1.0, 30.0, 135.6372170444124], [132.0, 1.0, 1.0, 30.0, 136.53537831628518], [13.0, 1.0, 1.0, 30.0, 139.96198057430644], [37.0, 1.0, 1.0, 30.0, 141.90538175510554], [3.0, 1.0, 2.0, 60.0, 148.22641604293108], [105.0, 1.0, 1.0, 30.0, 151.7688691800117], [19.0, 2.0, 2.0, 60.0, 152.9585189515018], [17.0, 2.0, 2.0, 60.0, 155.26396063278915], [45.0, 3.0, 2.0, 60.0, 158.4717443187417], [41.0, 2.0, 2.0, 60.0, 160.19091112593068], [14.0, 3.0, 2.0, 60.0, 161.80046723046223], [40.0, 2.0, 2.0, 60.0, 166.19504064142495], [119.0, 2.0, 2.0, 60.0, 167.67977668606895], [52.0, 2.0, 2.0, 60.0, 174.34828881122837], [52.0, 2.0, 2.0, 60.0, 181.30260874245792], [445.0, 2.0, 1.0, 30.0, 186.72302338228388], [68.0, 2.0, 2.0, 60.0, 187.08816512218607], [55.0, 2.0, 2.0, 60.0, 192.75850263079985], [27.0, 2.0, 2.0, 60.0, 199.5301925701257], [129.0, 1.0, 1.0, 30.0, 205.14039082741283], [45.0, 2.0, 2.0, 60.0, 206.54063642859495], [22.0, 2.0, 1.0, 30.0, 208.1453173837751], [17.0, 1.0, 1.0, 30.0, 208.9739969202831], [24.0, 3.0, 1.0, 30.0, 210.74581448374042], [18.0, 1.0, 1.0, 30.0, 210.85151326578935], [59.0, 2.0, 3.0, 120.0, 211.68829524636791], [58.0, 2.0, 2.0, 60.0, 218.2635794691037], [79.0, 2.0, 2.0, 60.0, 238.24236082502787], [79.0, 1.0, 2.0, 60.0, 241.06005128697106], [91.0, 1.0, 1.0, 30.0, 242.4802497949752], [62.0, 2.0, 2.0, 60.0, 244.4690310645114], [134.0, 3.0, 2.0, 60.0, 246.27574217918595], [80.0, 2.0, 2.0, 60.0, 246.92391019530396], [22.0, 2.0, 2.0, 60.0, 252.340535869662], [79.0, 1.0, 1.0, 30.0, 259.21978013724924], [107.0, 2.0, 2.0, 60.0, 266.7588257904633], [53.0, 2.0, 2.0, 60.0, 293.3082397692622], [55.0, 3.0, 1.0, 30.0, 303.841540943146], [17.0, 1.0, 1.0, 30.0, 312.06587014562393], [46.0, 3.0, 2.0, 60.0, 317.28332755550696], [84.0, 1.0, 1.0, 30.0, 320.2459485503109], [29.0, 3.0, 1.0, 30.0, 320.46821633167013], [93.0, 2.0, 2.0, 60.0, 325.25123026577114], [10.0, 1.0, 1.0, 30.0, 328.35814570323583], [72.0, 3.0, 1.0, 30.0, 335.8979525787838], [105.0, 1.0, 2.0, 60.0, 346.037960484565], [9.0, 3.0, 1.0, 30.0, 347.69830455805135], [66.0, 2.0, 1.0, 30.0, 347.94705816407], [12.0, 2.0, 2.0, 60.0, 352.5711693396838], [64.0, 1.0, 2.0, 60.0, 365.3382663386541], [134.0, 3.0, 2.0, 60.0, 369.44362432169635], [99.0, 2.0, 2.0, 60.0, 380.09833875091823], [28.0, 1.0, 1.0, 30.0, 383.8634124776174], [86.0, 2.0, 2.0, 60.0, 390.4333827158369], [100.0, 3.0, 3.0, 120.0, 391.8772976892559], [111.0, 1.0, 1.0, 30.0, 392.54938394344936], [19.0, 1.0, 1.0, 30.0, 393.26178810715084], [100.0, 3.0, 3.0, 120.0, 393.85019969752625], [47.0, 2.0, 2.0, 60.0, 394.1235652920939], [100.0, 2.0, 3.0, 120.0, 402.7065312495663], [272.0, 1.0, 1.0, 30.0, 404.9496062434009], [40.0, 2.0, 2.0, 60.0, 406.8802625567264], [81.0, 1.0, 2.0, 60.0, 411.5550592296831], [13.0, 2.0, 2.0, 60.0, 412.491396507024], [60.0, 2.0, 2.0, 60.0, 422.0828587162822], [92.0, 2.0, 2.0, 60.0, 428.54263891348444], [5.0, 1.0, 1.0, 30.0, 430.18884989348794], [32.0, 2.0, 2.0, 60.0, 431.1918089653501], [115.0, 3.0, 1.0, 30.0, 433.84690701169285]]","[49, 53, 55, 56, 57, 58, 59]","[[1, 0, 1, 2, 0], [0, 1, 3, 0], [1, 0, 1, 2, 0]]","[0, 2, 1, 0, 2, 0, 1]",200,10
57,161.08306000630063,0.014964540799458822,0.2,10.590881059520566,8.118355832655023,21.817732832992235,0.0,1155.3450671130872,1315.8100697843156,2,0.12538690476190475,0.24500452480543738,0.0367575590940211,"[0, 0, 1]","[84.7222913096646, 45.6637385077256, 38.21523577399559]",6,6000,"[[ 0.          8.5374962  10.90886642  9.35012864  8.53695812]
 [ 8.5374962   0.          2.37137021  1.34248429  0.68541112]
 [10.90886642  2.37137021  0.          2.58839516  3.05678133]
 [ 9.35012864  1.34248429  2.58839516  0.          1.49804355]
 [ 8.53695812  0.68541112  3.05678133  1.49804355  0.        ]]","[[20.0, 2.0, 2.0, 60.0, 0.0], [45.0, 1.0, 2.0, 60.0, 0.0], [100.0, 2.0, 2.0, 60.0, 0.0], [46.0, 2.0, 1.0, 30.0, 0.0], [29.0, 3.0, 1.0, 30.0, 0.0], [89.0, 2.0, 2.0, 60.0, 0.0], [21.0, 1.0, 2.0, 60.0, 0.0], [110.0, 1.0, 1.0, 30.0, 0.0], [30.0, 2.0, 2.0, 60.0, 0.0], [53.0, 2.0, 2.0, 60.0, 0.0], [35.0, 3.0, 1.0, 30.0, 0.0], [29.0, 3.0, 1.0, 30.0, 0.0], [85.0, 3.0, 2.0, 60.0, 0.0], [21.0, 3.0, 2.0, 60.0, 0.0], [48.0, 2.0, 2.0, 60.0, 0.0], [45.0, 2.0, 2.0, 60.0, 0.0], [88.0, 3.0, 3.0, 120.0, 0.0], [58.0, 2.0, 2.0, 60.0, 0.0], [141.0, 1.0, 2.0, 60.0, 0.0], [445.0, 1.0, 1.0, 30.0, 0.0], [55.0, 2.0, 2.0, 60.0, 0.0], [100.0, 1.0, 3.0, 120.0, 0.0], [25.0, 2.0, 2.0, 60.0, 0.0], [4.0, 1.0, 1.0, 30.0, 0.0], [73.0, 3.0, 2.0, 60.0, 12.021043019829973], [11.0, 1.0, 2.0, 60.0, 23.70199129895224], [24.0, 2.0, 2.0, 60.0, 35.625796298323515], [80.0, 2.0, 2.0, 60.0, 37.02476774758143], [16.0, 2.0, 1.0, 30.0, 37.456954746073315], [45.0, 2.0, 2.0, 60.0, 44.72025732460407], [47.0, 2.0, 2.0, 60.0, 51.770060795891936], [104.0, 2.0, 2.0, 60.0, 67.39154057863942], [79.0, 2.0, 2.0, 60.0, 67.78801156455697], [65.0, 2.0, 2.0, 60.0, 73.02081579727279], [10.0, 3.0, 1.0, 30.0, 73.37299733126183], [92.0, 2.0, 2.0, 60.0, 78.81811547138163], [34.0, 2.0, 2.0, 60.0, 87.47475223580068], [23.0, 1.0, 1.0, 30.0, 89.40922635875023], [55.0, 2.0, 2.0, 60.0, 95.5671546720581], [184.0, 3.0, 2.0, 60.0, 96.33602094118923], [121.0, 3.0, 2.0, 60.0, 96.7939072781402], [61.0, 2.0, 2.0, 60.0, 98.36980328880216], [90.0, 2.0, 2.0, 60.0, 102.87579966565295], [18.0, 1.0, 1.0, 30.0, 104.9407263143454], [13.0, 1.0, 1.0, 30.0, 111.17765606341352], [184.0, 2.0, 2.0, 60.0, 112.29553792447513], [59.0, 3.0, 2.0, 60.0, 121.48538924519744], [87.0, 3.0, 1.0, 30.0, 127.62081856126873], [76.0, 1.0, 1.0, 30.0, 130.89979933108373], [64.0, 2.0, 2.0, 60.0, 132.98523286264282], [79.0, 1.0, 1.0, 30.0, 135.25183130913413], [74.0, 1.0, 1.0, 30.0, 135.6372170444124], [132.0, 1.0, 1.0, 30.0, 136.53537831628518], [13.0, 1.0, 1.0, 30.0, 139.96198057430644], [37.0, 1.0, 1.0, 30.0, 141.90538175510554], [3.0, 1.0, 2.0, 60.0, 148.22641604293108], [105.0, 1.0, 1.0, 30.0, 151.7688691800117], [19.0, 2.0, 2.0, 60.0, 152.9585189515018], [17.0, 2.0, 2.0, 60.0, 155.26396063278915], [45.0, 3.0, 2.0, 60.0, 158.4717443187417], [41.0, 2.0, 2.0, 60.0, 160.19091112593068], [14.0, 3.0, 2.0, 60.0, 161.80046723046223], [40.0, 2.0, 2.0, 60.0, 166.19504064142495], [119.0, 2.0, 2.0, 60.0, 167.67977668606895], [52.0, 2.0, 2.0, 60.0, 174.34828881122837], [52.0, 2.0, 2.0, 60.0, 181.30260874245792], [445.0, 2.0, 1.0, 30.0, 186.72302338228388], [68.0, 2.0, 2.0, 60.0, 187.08816512218607], [55.0, 2.0, 2.0, 60.0, 192.75850263079985], [27.0, 2.0, 2.0, 60.0, 199.5301925701257], [129.0, 1.0, 1.0, 30.0, 205.14039082741283], [45.0, 2.0, 2.0, 60.0, 206.54063642859495], [22.0, 2.0, 1.0, 30.0, 208.1453173837751], [17.0, 1.0, 1.0, 30.0, 208.9739969202831], [24.0, 3.0, 1.0, 30.0, 210.74581448374042], [18.0, 1.0, 1.0, 30.0, 210.85151326578935], [59.0, 2.0, 3.0, 120.0, 211.68829524636791], [58.0, 2.0, 2.0, 60.0, 218.2635794691037], [79.0, 2.0, 2.0, 60.0, 238.24236082502787], [79.0, 1.0, 2.0, 60.0, 241.06005128697106], [91.0, 1.0, 1.0, 30.0, 242.4802497949752], [62.0, 2.0, 2.0, 60.0, 244.4690310645114], [134.0, 3.0, 2.0, 60.0, 246.27574217918595], [80.0, 2.0, 2.0, 60.0, 246.92391019530396], [22.0, 2.0, 2.0, 60.0, 252.340535869662], [79.0, 1.0, 1.0, 30.0, 259.21978013724924], [107.0, 2.0, 2.0, 60.0, 266.7588257904633], [53.0, 2.0, 2.0, 60.0, 293.3082397692622], [55.0, 3.0, 1.0, 30.0, 303.841540943146], [17.0, 1.0, 1.0, 30.0, 312.06587014562393], [46.0, 3.0, 2.0, 60.0, 317.28332755550696], [84.0, 1.0, 1.0, 30.0, 320.2459485503109], [29.0, 3.0, 1.0, 30.0, 320.46821633167013], [93.0, 2.0, 2.0, 60.0, 325.25123026577114], [10.0, 1.0, 1.0, 30.0, 328.35814570323583], [72.0, 3.0, 1.0, 30.0, 335.8979525787838], [105.0, 1.0, 2.0, 60.0, 346.037960484565], [9.0, 3.0, 1.0, 30.0, 347.69830455805135], [66.0, 2.0, 1.0, 30.0, 347.94705816407], [12.0, 2.0, 2.0, 60.0, 352.5711693396838], [64.0, 1.0, 2.0, 60.0, 365.3382663386541], [134.0, 3.0, 2.0, 60.0, 369.44362432169635], [99.0, 2.0, 2.0, 60.0, 380.09833875091823], [28.0, 1.0, 1.0, 30.0, 383.8634124776174], [86.0, 2.0, 2.0, 60.0, 390.4333827158369], [100.0, 3.0, 3.0, 120.0, 391.8772976892559], [111.0, 1.0, 1.0, 30.0, 392.54938394344936], [19.0, 1.0, 1.0, 30.0, 393.26178810715084], [100.0, 3.0, 3.0, 120.0, 393.85019969752625], [47.0, 2.0, 2.0, 60.0, 394.1235652920939], [100.0, 2.0, 3.0, 120.0, 402.7065312495663], [272.0, 1.0, 1.0, 30.0, 404.9496062434009], [40.0, 2.0, 2.0, 60.0, 406.8802625567264], [81.0, 1.0, 2.0, 60.0, 411.5550592296831], [13.0, 2.0, 2.0, 60.0, 412.491396507024], [60.0, 2.0, 2.0, 60.0, 422.0828587162822], [92.0, 2.0, 2.0, 60.0, 428.54263891348444], [5.0, 1.0, 1.0, 30.0, 430.18884989348794], [32.0, 2.0, 2.0, 60.0, 431.1918089653501], [115.0, 3.0, 1.0, 30.0, 433.84690701169285]]","[49, 53, 55, 56, 57, 58, 59, 60]","[[0, 1, 2, 0], [0, 1, 3, 0], [1, 0]]","[0, 1, 1, 0, 0, 0, 1, 0]",200,10
58,162.0980245471001,0.015671141942342124,0.2,7.163084595032887,6.5894347294448945,21.68150936273011,1.816285323368902,776.5324285661668,901.0391388056423,4,0.07416666666666667,0.18193977043327741,0.02954031181557898,"[0, 0, 1]","[76.19975964700367, 45.6637385077256, 38.21523577399559]",6,6000,"[[ 0.          8.46938447 10.84075468  9.2820169   8.46884638]
 [ 8.46938447  0.          2.37137021  1.34248429  0.68541112]
 [10.84075468  2.37137021  0.          2.58839516  3.05678133]
 [ 9.2820169   1.34248429  2.58839516  0.          1.49804355]
 [ 8.46884638  0.68541112  3.05678133  1.49804355  0.        ]]","[[20.0, 2.0, 2.0, 60.0, 0.0], [45.0, 1.0, 2.0, 60.0, 0.0], [100.0, 2.0, 2.0, 60.0, 0.0], [46.0, 2.0, 1.0, 30.0, 0.0], [29.0, 3.0, 1.0, 30.0, 0.0], [89.0, 2.0, 2.0, 60.0, 0.0], [21.0, 1.0, 2.0, 60.0, 0.0], [110.0, 1.0, 1.0, 30.0, 0.0], [30.0, 2.0, 2.0, 60.0, 0.0], [53.0, 2.0, 2.0, 60.0, 0.0], [35.0, 3.0, 1.0, 30.0, 0.0], [29.0, 3.0, 1.0, 30.0, 0.0], [85.0, 3.0, 2.0, 60.0, 0.0], [21.0, 3.0, 2.0, 60.0, 0.0], [48.0, 2.0, 2.0, 60.0, 0.0], [45.0, 2.0, 2.0, 60.0, 0.0], [88.0, 3.0, 3.0, 120.0, 0.0], [58.0, 2.0, 2.0, 60.0, 0.0], [141.0, 1.0, 2.0, 60.0, 0.0], [445.0, 1.0, 1.0, 30.0, 0.0], [55.0, 2.0, 2.0, 60.0, 0.0], [100.0, 1.0, 3.0, 120.0, 0.0], [25.0, 2.0, 2.0, 60.0, 0.0], [4.0, 1.0, 1.0, 30.0, 0.0], [73.0, 3.0, 2.0, 60.0, 12.021043019829973], [11.0, 1.0, 2.0, 60.0, 23.70199129895224], [24.0, 2.0, 2.0, 60.0, 35.625796298323515], [80.0, 2.0, 2.0, 60.0, 37.02476774758143], [16.0, 2.0, 1.0, 30.0, 37.456954746073315], [45.0, 2.0, 2.0, 60.0, 44.72025732460407], [47.0, 2.0, 2.0, 60.0, 51.770060795891936], [104.0, 2.0, 2.0, 60.0, 67.39154057863942], [79.0, 2.0, 2.0, 60.0, 67.78801156455697], [65.0, 2.0, 2.0, 60.0, 73.02081579727279], [10.0, 3.0, 1.0, 30.0, 73.37299733126183], [92.0, 2.0, 2.0, 60.0, 78.81811547138163], [34.0, 2.0, 2.0, 60.0, 87.47475223580068], [23.0, 1.0, 1.0, 30.0, 89.40922635875023], [55.0, 2.0, 2.0, 60.0, 95.5671546720581], [184.0, 3.0, 2.0, 60.0, 96.33602094118923], [121.0, 3.0, 2.0, 60.0, 96.7939072781402], [61.0, 2.0, 2.0, 60.0, 98.36980328880216], [90.0, 2.0, 2.0, 60.0, 102.87579966565295], [18.0, 1.0, 1.0, 30.0, 104.9407263143454], [13.0, 1.0, 1.0, 30.0, 111.17765606341352], [184.0, 2.0, 2.0, 60.0, 112.29553792447513], [59.0, 3.0, 2.0, 60.0, 121.48538924519744], [87.0, 3.0, 1.0, 30.0, 127.62081856126873], [76.0, 1.0, 1.0, 30.0, 130.89979933108373], [64.0, 2.0, 2.0, 60.0, 132.98523286264282], [79.0, 1.0, 1.0, 30.0, 135.25183130913413], [74.0, 1.0, 1.0, 30.0, 135.6372170444124], [132.0, 1.0, 1.0, 30.0, 136.53537831628518], [13.0, 1.0, 1.0, 30.0, 139.96198057430644], [37.0, 1.0, 1.0, 30.0, 141.90538175510554], [3.0, 1.0, 2.0, 60.0, 148.22641604293108], [105.0, 1.0, 1.0, 30.0, 151.7688691800117], [19.0, 2.0, 2.0, 60.0, 152.9585189515018], [17.0, 2.0, 2.0, 60.0, 155.26396063278915], [45.0, 3.0, 2.0, 60.0, 158.4717443187417], [41.0, 2.0, 2.0, 60.0, 160.19091112593068], [14.0, 3.0, 2.0, 60.0, 161.80046723046223], [40.0, 2.0, 2.0, 60.0, 166.19504064142495], [119.0, 2.0, 2.0, 60.0, 167.67977668606895], [52.0, 2.0, 2.0, 60.0, 174.34828881122837], [52.0, 2.0, 2.0, 60.0, 181.30260874245792], [445.0, 2.0, 1.0, 30.0, 186.72302338228388], [68.0, 2.0, 2.0, 60.0, 187.08816512218607], [55.0, 2.0, 2.0, 60.0, 192.75850263079985], [27.0, 2.0, 2.0, 60.0, 199.5301925701257], [129.0, 1.0, 1.0, 30.0, 205.14039082741283], [45.0, 2.0, 2.0, 60.0, 206.54063642859495], [22.0, 2.0, 1.0, 30.0, 208.1453173837751], [17.0, 1.0, 1.0, 30.0, 208.9739969202831], [24.0, 3.0, 1.0, 30.0, 210.74581448374042], [18.0, 1.0, 1.0, 30.0, 210.85151326578935], [59.0, 2.0, 3.0, 120.0, 211.68829524636791], [58.0, 2.0, 2.0, 60.0, 218.2635794691037], [79.0, 2.0, 2.0, 60.0, 238.24236082502787], [79.0, 1.0, 2.0, 60.0, 241.06005128697106], [91.0, 1.0, 1.0, 30.0, 242.4802497949752], [62.0, 2.0, 2.0, 60.0, 244.4690310645114], [134.0, 3.0, 2.0, 60.0, 246.27574217918595], [80.0, 2.0, 2.0, 60.0, 246.92391019530396], [22.0, 2.0, 2.0, 60.0, 252.340535869662], [79.0, 1.0, 1.0, 30.0, 259.21978013724924], [107.0, 2.0, 2.0, 60.0, 266.7588257904633], [53.0, 2.0, 2.0, 60.0, 293.3082397692622], [55.0, 3.0, 1.0, 30.0, 303.841540943146], [17.0, 1.0, 1.0, 30.0, 312.06587014562393], [46.0, 3.0, 2.0, 60.0, 317.28332755550696], [84.0, 1.0, 1.0, 30.0, 320.2459485503109], [29.0, 3.0, 1.0, 30.0, 320.46821633167013], [93.0, 2.0, 2.0, 60.0, 325.25123026577114], [10.0, 1.0, 1.0, 30.0, 328.35814570323583], [72.0, 3.0, 1.0, 30.0, 335.8979525787838], [105.0, 1.0, 2.0, 60.0, 346.037960484565], [9.0, 3.0, 1.0, 30.0, 347.69830455805135], [66.0, 2.0, 1.0, 30.0, 347.94705816407], [12.0, 2.0, 2.0, 60.0, 352.5711693396838], [64.0, 1.0, 2.0, 60.0, 365.3382663386541], [134.0, 3.0, 2.0, 60.0, 369.44362432169635], [99.0, 2.0, 2.0, 60.0, 380.09833875091823], [28.0, 1.0, 1.0, 30.0, 383.8634124776174], [86.0, 2.0, 2.0, 60.0, 390.4333827158369], [100.0, 3.0, 3.0, 120.0, 391.8772976892559], [111.0, 1.0, 1.0, 30.0, 392.54938394344936], [19.0, 1.0, 1.0, 30.0, 393.26178810715084], [100.0, 3.0, 3.0, 120.0, 393.85019969752625], [47.0, 2.0, 2.0, 60.0, 394.1235652920939], [100.0, 2.0, 3.0, 120.0, 402.7065312495663], [272.0, 1.0, 1.0, 30.0, 404.9496062434009], [40.0, 2.0, 2.0, 60.0, 406.8802625567264], [81.0, 1.0, 2.0, 60.0, 411.5550592296831], [13.0, 2.0, 2.0, 60.0, 412.491396507024], [60.0, 2.0, 2.0, 60.0, 422.0828587162822], [92.0, 2.0, 2.0, 60.0, 428.54263891348444], [5.0, 1.0, 1.0, 30.0, 430.18884989348794], [32.0, 2.0, 2.0, 60.0, 431.1918089653501], [115.0, 3.0, 1.0, 30.0, 433.84690701169285]]","[49, 53, 55, 56, 57, 58, 59, 60, 61]","[[0, 1, 2, 0], [0, 1, 3, 0], [1, 0]]","[0, 1, 1, 0, 0, 0, 1, 0, 1]",200,10
59,166.11369568904243,0.01566151777903239,0.2,7.046153980858161,6.6593129131557385,22.869463541636165,29.8734512957694,805.7088078699512,911.7661999646298,11,0.06055555555555556,0.10405379972255706,0.03350231624558785,"[0, 0, 0]","[76.19975964700367, 45.6637385077256, 39.80527325374939]",6,6000,"[[ 0.          9.06336156 11.43473177  9.87599399  8.96271754]
 [ 9.06336156  0.          2.37137021  1.34248429  0.68512508]
 [11.43473177  2.37137021  0.          2.58839516  3.0564953 ]
 [ 9.87599399  1.34248429  2.58839516  0.          1.49775751]
 [ 8.96271754  0.68512508  3.0564953   1.49775751  0.        ]]","[[20.0, 2.0, 2.0, 60.0, 0.0], [45.0, 1.0, 2.0, 60.0, 0.0], [100.0, 2.0, 2.0, 60.0, 0.0], [46.0, 2.0, 1.0, 30.0, 0.0], [29.0, 3.0, 1.0, 30.0, 0.0], [89.0, 2.0, 2.0, 60.0, 0.0], [21.0, 1.0, 2.0, 60.0, 0.0], [110.0, 1.0, 1.0, 30.0, 0.0], [30.0, 2.0, 2.0, 60.0, 0.0], [53.0, 2.0, 2.0, 60.0, 0.0], [35.0, 3.0, 1.0, 30.0, 0.0], [29.0, 3.0, 1.0, 30.0, 0.0], [85.0, 3.0, 2.0, 60.0, 0.0], [21.0, 3.0, 2.0, 60.0, 0.0], [48.0, 2.0, 2.0, 60.0, 0.0], [45.0, 2.0, 2.0, 60.0, 0.0], [88.0, 3.0, 3.0, 120.0, 0.0], [58.0, 2.0, 2.0, 60.0, 0.0], [141.0, 1.0, 2.0, 60.0, 0.0], [445.0, 1.0, 1.0, 30.0, 0.0], [55.0, 2.0, 2.0, 60.0, 0.0], [100.0, 1.0, 3.0, 120.0, 0.0], [25.0, 2.0, 2.0, 60.0, 0.0], [4.0, 1.0, 1.0, 30.0, 0.0], [73.0, 3.0, 2.0, 60.0, 12.021043019829973], [11.0, 1.0, 2.0, 60.0, 23.70199129895224], [24.0, 2.0, 2.0, 60.0, 35.625796298323515], [80.0, 2.0, 2.0, 60.0, 37.02476774758143], [16.0, 2.0, 1.0, 30.0, 37.456954746073315], [45.0, 2.0, 2.0, 60.0, 44.72025732460407], [47.0, 2.0, 2.0, 60.0, 51.770060795891936], [104.0, 2.0, 2.0, 60.0, 67.39154057863942], [79.0, 2.0, 2.0, 60.0, 67.78801156455697], [65.0, 2.0, 2.0, 60.0, 73.02081579727279], [10.0, 3.0, 1.0, 30.0, 73.37299733126183], [92.0, 2.0, 2.0, 60.0, 78.81811547138163], [34.0, 2.0, 2.0, 60.0, 87.47475223580068], [23.0, 1.0, 1.0, 30.0, 89.40922635875023], [55.0, 2.0, 2.0, 60.0, 95.5671546720581], [184.0, 3.0, 2.0, 60.0, 96.33602094118923], [121.0, 3.0, 2.0, 60.0, 96.7939072781402], [61.0, 2.0, 2.0, 60.0, 98.36980328880216], [90.0, 2.0, 2.0, 60.0, 102.87579966565295], [18.0, 1.0, 1.0, 30.0, 104.9407263143454], [13.0, 1.0, 1.0, 30.0, 111.17765606341352], [184.0, 2.0, 2.0, 60.0, 112.29553792447513], [59.0, 3.0, 2.0, 60.0, 121.48538924519744], [87.0, 3.0, 1.0, 30.0, 127.62081856126873], [76.0, 1.0, 1.0, 30.0, 130.89979933108373], [64.0, 2.0, 2.0, 60.0, 132.98523286264282], [79.0, 1.0, 1.0, 30.0, 135.25183130913413], [74.0, 1.0, 1.0, 30.0, 135.6372170444124], [132.0, 1.0, 1.0, 30.0, 136.53537831628518], [13.0, 1.0, 1.0, 30.0, 139.96198057430644], [37.0, 1.0, 1.0, 30.0, 141.90538175510554], [3.0, 1.0, 2.0, 60.0, 148.22641604293108], [105.0, 1.0, 1.0, 30.0, 151.7688691800117], [19.0, 2.0, 2.0, 60.0, 152.9585189515018], [17.0, 2.0, 2.0, 60.0, 155.26396063278915], [45.0, 3.0, 2.0, 60.0, 158.4717443187417], [41.0, 2.0, 2.0, 60.0, 160.19091112593068], [14.0, 3.0, 2.0, 60.0, 161.80046723046223], [40.0, 2.0, 2.0, 60.0, 166.19504064142495], [119.0, 2.0, 2.0, 60.0, 167.67977668606895], [52.0, 2.0, 2.0, 60.0, 174.34828881122837], [52.0, 2.0, 2.0, 60.0, 181.30260874245792], [445.0, 2.0, 1.0, 30.0, 186.72302338228388], [68.0, 2.0, 2.0, 60.0, 187.08816512218607], [55.0, 2.0, 2.0, 60.0, 192.75850263079985], [27.0, 2.0, 2.0, 60.0, 199.5301925701257], [129.0, 1.0, 1.0, 30.0, 205.14039082741283], [45.0, 2.0, 2.0, 60.0, 206.54063642859495], [22.0, 2.0, 1.0, 30.0, 208.1453173837751], [17.0, 1.0, 1.0, 30.0, 208.9739969202831], [24.0, 3.0, 1.0, 30.0, 210.74581448374042], [18.0, 1.0, 1.0, 30.0, 210.85151326578935], [59.0, 2.0, 3.0, 120.0, 211.68829524636791], [58.0, 2.0, 2.0, 60.0, 218.2635794691037], [79.0, 2.0, 2.0, 60.0, 238.24236082502787], [79.0, 1.0, 2.0, 60.0, 241.06005128697106], [91.0, 1.0, 1.0, 30.0, 242.4802497949752], [62.0, 2.0, 2.0, 60.0, 244.4690310645114], [134.0, 3.0, 2.0, 60.0, 246.27574217918595], [80.0, 2.0, 2.0, 60.0, 246.92391019530396], [22.0, 2.0, 2.0, 60.0, 252.340535869662], [79.0, 1.0, 1.0, 30.0, 259.21978013724924], [107.0, 2.0, 2.0, 60.0, 266.7588257904633], [53.0, 2.0, 2.0, 60.0, 293.3082397692622], [55.0, 3.0, 1.0, 30.0, 303.841540943146], [17.0, 1.0, 1.0, 30.0, 312.06587014562393], [46.0, 3.0, 2.0, 60.0, 317.28332755550696], [84.0, 1.0, 1.0, 30.0, 320.2459485503109], [29.0, 3.0, 1.0, 30.0, 320.46821633167013], [93.0, 2.0, 2.0, 60.0, 325.25123026577114], [10.0, 1.0, 1.0, 30.0, 328.35814570323583], [72.0, 3.0, 1.0, 30.0, 335.8979525787838], [105.0, 1.0, 2.0, 60.0, 346.037960484565], [9.0, 3.0, 1.0, 30.0, 347.69830455805135], [66.0, 2.0, 1.0, 30.0, 347.94705816407], [12.0, 2.0, 2.0, 60.0, 352.5711693396838], [64.0, 1.0, 2.0, 60.0, 365.3382663386541], [134.0, 3.0, 2.0, 60.0, 369.44362432169635], [99.0, 2.0, 2.0, 60.0, 380.09833875091823], [28.0, 1.0, 1.0, 30.0, 383.8634124776174], [86.0, 2.0, 2.0, 60.0, 390.4333827158369], [100.0, 3.0, 3.0, 120.0, 391.8772976892559], [111.0, 1.0, 1.0, 30.0, 392.54938394344936], [19.0, 1.0, 1.0, 30.0, 393.26178810715084], [100.0, 3.0, 3.0, 120.0, 393.85019969752625], [47.0, 2.0, 2.0, 60.0, 394.1235652920939], [100.0, 2.0, 3.0, 120.0, 402.7065312495663], [272.0, 1.0, 1.0, 30.0, 404.9496062434009], [40.0, 2.0, 2.0, 60.0, 406.8802625567264], [81.0, 1.0, 2.0, 60.0, 411.5550592296831], [13.0, 2.0, 2.0, 60.0, 412.491396507024], [60.0, 2.0, 2.0, 60.0, 422.0828587162822], [92.0, 2.0, 2.0, 60.0, 428.54263891348444], [5.0, 1.0, 1.0, 30.0, 430.18884989348794], [32.0, 2.0, 2.0, 60.0, 431.1918089653501], [115.0, 3.0, 1.0, 30.0, 433.84690701169285]]","[49, 53, 55, 56, 57, 58, 59, 60, 61]","[[0, 2, 1, 0], [0, 3, 1, 0], [0]]","[0, 0, 1, 0, 0, 0, 1, 0, 1]",200,10
60,167.12935720682145,0.01620035171508789,0.2,11.924738967903204,6.753414149511178,22.880714266849978,24.19938995798654,1364.2327251568238,1461.5450274346315,2,0.0861904761904762,0.18258121790313217,0.030914576706340412,"[0, 0, 0]","[76.19975964700367, 45.6637385077256, 40.82093477152842]",6,6000,"[[ 0.          9.06898692 11.44035713  9.63724776  9.02522979]
 [ 9.06898692  0.          2.37137021  1.26183893  0.79324785]
 [11.44035713  2.37137021  0.          2.58839516  3.03572014]
 [ 9.63724776  1.26183893  2.58839516  0.          1.19649903]
 [ 9.02522979  0.79324785  3.03572014  1.19649903  0.        ]]","[[20.0, 2.0, 2.0, 60.0, 0.0], [45.0, 1.0, 2.0, 60.0, 0.0], [100.0, 2.0, 2.0, 60.0, 0.0], [46.0, 2.0, 1.0, 30.0, 0.0], [29.0, 3.0, 1.0, 30.0, 0.0], [89.0, 2.0, 2.0, 60.0, 0.0], [21.0, 1.0, 2.0, 60.0, 0.0], [110.0, 1.0, 1.0, 30.0, 0.0], [30.0, 2.0, 2.0, 60.0, 0.0], [53.0, 2.0, 2.0, 60.0, 0.0], [35.0, 3.0, 1.0, 30.0, 0.0], [29.0, 3.0, 1.0, 30.0, 0.0], [85.0, 3.0, 2.0, 60.0, 0.0], [21.0, 3.0, 2.0, 60.0, 0.0], [48.0, 2.0, 2.0, 60.0, 0.0], [45.0, 2.0, 2.0, 60.0, 0.0], [88.0, 3.0, 3.0, 120.0, 0.0], [58.0, 2.0, 2.0, 60.0, 0.0], [141.0, 1.0, 2.0, 60.0, 0.0], [445.0, 1.0, 1.0, 30.0, 0.0], [55.0, 2.0, 2.0, 60.0, 0.0], [100.0, 1.0, 3.0, 120.0, 0.0], [25.0, 2.0, 2.0, 60.0, 0.0], [4.0, 1.0, 1.0, 30.0, 0.0], [73.0, 3.0, 2.0, 60.0, 12.021043019829973], [11.0, 1.0, 2.0, 60.0, 23.70199129895224], [24.0, 2.0, 2.0, 60.0, 35.625796298323515], [80.0, 2.0, 2.0, 60.0, 37.02476774758143], [16.0, 2.0, 1.0, 30.0, 37.456954746073315], [45.0, 2.0, 2.0, 60.0, 44.72025732460407], [47.0, 2.0, 2.0, 60.0, 51.770060795891936], [104.0, 2.0, 2.0, 60.0, 67.39154057863942], [79.0, 2.0, 2.0, 60.0, 67.78801156455697], [65.0, 2.0, 2.0, 60.0, 73.02081579727279], [10.0, 3.0, 1.0, 30.0, 73.37299733126183], [92.0, 2.0, 2.0, 60.0, 78.81811547138163], [34.0, 2.0, 2.0, 60.0, 87.47475223580068], [23.0, 1.0, 1.0, 30.0, 89.40922635875023], [55.0, 2.0, 2.0, 60.0, 95.5671546720581], [184.0, 3.0, 2.0, 60.0, 96.33602094118923], [121.0, 3.0, 2.0, 60.0, 96.7939072781402], [61.0, 2.0, 2.0, 60.0, 98.36980328880216], [90.0, 2.0, 2.0, 60.0, 102.87579966565295], [18.0, 1.0, 1.0, 30.0, 104.9407263143454], [13.0, 1.0, 1.0, 30.0, 111.17765606341352], [184.0, 2.0, 2.0, 60.0, 112.29553792447513], [59.0, 3.0, 2.0, 60.0, 121.48538924519744], [87.0, 3.0, 1.0, 30.0, 127.62081856126873], [76.0, 1.0, 1.0, 30.0, 130.89979933108373], [64.0, 2.0, 2.0, 60.0, 132.98523286264282], [79.0, 1.0, 1.0, 30.0, 135.25183130913413], [74.0, 1.0, 1.0, 30.0, 135.6372170444124], [132.0, 1.0, 1.0, 30.0, 136.53537831628518], [13.0, 1.0, 1.0, 30.0, 139.96198057430644], [37.0, 1.0, 1.0, 30.0, 141.90538175510554], [3.0, 1.0, 2.0, 60.0, 148.22641604293108], [105.0, 1.0, 1.0, 30.0, 151.7688691800117], [19.0, 2.0, 2.0, 60.0, 152.9585189515018], [17.0, 2.0, 2.0, 60.0, 155.26396063278915], [45.0, 3.0, 2.0, 60.0, 158.4717443187417], [41.0, 2.0, 2.0, 60.0, 160.19091112593068], [14.0, 3.0, 2.0, 60.0, 161.80046723046223], [40.0, 2.0, 2.0, 60.0, 166.19504064142495], [119.0, 2.0, 2.0, 60.0, 167.67977668606895], [52.0, 2.0, 2.0, 60.0, 174.34828881122837], [52.0, 2.0, 2.0, 60.0, 181.30260874245792], [445.0, 2.0, 1.0, 30.0, 186.72302338228388], [68.0, 2.0, 2.0, 60.0, 187.08816512218607], [55.0, 2.0, 2.0, 60.0, 192.75850263079985], [27.0, 2.0, 2.0, 60.0, 199.5301925701257], [129.0, 1.0, 1.0, 30.0, 205.14039082741283], [45.0, 2.0, 2.0, 60.0, 206.54063642859495], [22.0, 2.0, 1.0, 30.0, 208.1453173837751], [17.0, 1.0, 1.0, 30.0, 208.9739969202831], [24.0, 3.0, 1.0, 30.0, 210.74581448374042], [18.0, 1.0, 1.0, 30.0, 210.85151326578935], [59.0, 2.0, 3.0, 120.0, 211.68829524636791], [58.0, 2.0, 2.0, 60.0, 218.2635794691037], [79.0, 2.0, 2.0, 60.0, 238.24236082502787], [79.0, 1.0, 2.0, 60.0, 241.06005128697106], [91.0, 1.0, 1.0, 30.0, 242.4802497949752], [62.0, 2.0, 2.0, 60.0, 244.4690310645114], [134.0, 3.0, 2.0, 60.0, 246.27574217918595], [80.0, 2.0, 2.0, 60.0, 246.92391019530396], [22.0, 2.0, 2.0, 60.0, 252.340535869662], [79.0, 1.0, 1.0, 30.0, 259.21978013724924], [107.0, 2.0, 2.0, 60.0, 266.7588257904633], [53.0, 2.0, 2.0, 60.0, 293.3082397692622], [55.0, 3.0, 1.0, 30.0, 303.841540943146], [17.0, 1.0, 1.0, 30.0, 312.06587014562393], [46.0, 3.0, 2.0, 60.0, 317.28332755550696], [84.0, 1.0, 1.0, 30.0, 320.2459485503109], [29.0, 3.0, 1.0, 30.0, 320.46821633167013], [93.0, 2.0, 2.0, 60.0, 325.25123026577114], [10.0, 1.0, 1.0, 30.0, 328.35814570323583], [72.0, 3.0, 1.0, 30.0, 335.8979525787838], [105.0, 1.0, 2.0, 60.0, 346.037960484565], [9.0, 3.0, 1.0, 30.0, 347.69830455805135], [66.0, 2.0, 1.0, 30.0, 347.94705816407], [12.0, 2.0, 2.0, 60.0, 352.5711693396838], [64.0, 1.0, 2.0, 60.0, 365.3382663386541], [134.0, 3.0, 2.0, 60.0, 369.44362432169635], [99.0, 2.0, 2.0, 60.0, 380.09833875091823], [28.0, 1.0, 1.0, 30.0, 383.8634124776174], [86.0, 2.0, 2.0, 60.0, 390.4333827158369], [100.0, 3.0, 3.0, 120.0, 391.8772976892559], [111.0, 1.0, 1.0, 30.0, 392.54938394344936], [19.0, 1.0, 1.0, 30.0, 393.26178810715084], [100.0, 3.0, 3.0, 120.0, 393.85019969752625], [47.0, 2.0, 2.0, 60.0, 394.1235652920939], [100.0, 2.0, 3.0, 120.0, 402.7065312495663], [272.0, 1.0, 1.0, 30.0, 404.9496062434009], [40.0, 2.0, 2.0, 60.0, 406.8802625567264], [81.0, 1.0, 2.0, 60.0, 411.5550592296831], [13.0, 2.0, 2.0, 60.0, 412.491396507024], [60.0, 2.0, 2.0, 60.0, 422.0828587162822], [92.0, 2.0, 2.0, 60.0, 428.54263891348444], [5.0, 1.0, 1.0, 30.0, 430.18884989348794], [32.0, 2.0, 2.0, 60.0, 431.1918089653501], [115.0, 3.0, 1.0, 30.0, 433.84690701169285]]","[49, 53, 55, 56, 57, 58, 59, 60, 61, 62]","[[0, 1, 2, 0], [0, 3, 1, 0], [0]]","[0, 1, 1, 0, 0, 0, 1, 0, 1, 0]",200,10
61,168.14555755853655,0.01670120159784953,0.21292433155609206,19.781452617522188,8.077125685619567,24.328921912478762,21.698083428753677,2260.2462223548837,2570.1379737925495,4,0.12656926406926405,0.3833175054871711,0.03336843503253594,"[0, 0, 0]","[76.19975964700367, 45.6637385077256, 41.837135123243506]",6,6000,"[[ 0.          9.04911749 11.4260882   9.61457742  8.92873482]
 [ 9.04911749  0.          2.3769707   1.26532106  0.80928221]
 [11.4260882   2.3769707   0.          2.58839516  3.04827237]
 [ 9.61457742  1.26532106  2.58839516  0.          1.20905126]
 [ 8.92873482  0.80928221  3.04827237  1.20905126  0.        ]]","[[20.0, 2.0, 2.0, 60.0, 0.0], [45.0, 1.0, 2.0, 60.0, 0.0], [100.0, 2.0, 2.0, 60.0, 0.0], [46.0, 2.0, 1.0, 30.0, 0.0], [29.0, 3.0, 1.0, 30.0, 0.0], [89.0, 2.0, 2.0, 60.0, 0.0], [21.0, 1.0, 2.0, 60.0, 0.0], [110.0, 1.0, 1.0, 30.0, 0.0], [30.0, 2.0, 2.0, 60.0, 0.0], [53.0, 2.0, 2.0, 60.0, 0.0], [35.0, 3.0, 1.0, 30.0, 0.0], [29.0, 3.0, 1.0, 30.0, 0.0], [85.0, 3.0, 2.0, 60.0, 0.0], [21.0, 3.0, 2.0, 60.0, 0.0], [48.0, 2.0, 2.0, 60.0, 0.0], [45.0, 2.0, 2.0, 60.0, 0.0], [88.0, 3.0, 3.0, 120.0, 0.0], [58.0, 2.0, 2.0, 60.0, 0.0], [141.0, 1.0, 2.0, 60.0, 0.0], [445.0, 1.0, 1.0, 30.0, 0.0], [55.0, 2.0, 2.0, 60.0, 0.0], [100.0, 1.0, 3.0, 120.0, 0.0], [25.0, 2.0, 2.0, 60.0, 0.0], [4.0, 1.0, 1.0, 30.0, 0.0], [73.0, 3.0, 2.0, 60.0, 12.021043019829973], [11.0, 1.0, 2.0, 60.0, 23.70199129895224], [24.0, 2.0, 2.0, 60.0, 35.625796298323515], [80.0, 2.0, 2.0, 60.0, 37.02476774758143], [16.0, 2.0, 1.0, 30.0, 37.456954746073315], [45.0, 2.0, 2.0, 60.0, 44.72025732460407], [47.0, 2.0, 2.0, 60.0, 51.770060795891936], [104.0, 2.0, 2.0, 60.0, 67.39154057863942], [79.0, 2.0, 2.0, 60.0, 67.78801156455697], [65.0, 2.0, 2.0, 60.0, 73.02081579727279], [10.0, 3.0, 1.0, 30.0, 73.37299733126183], [92.0, 2.0, 2.0, 60.0, 78.81811547138163], [34.0, 2.0, 2.0, 60.0, 87.47475223580068], [23.0, 1.0, 1.0, 30.0, 89.40922635875023], [55.0, 2.0, 2.0, 60.0, 95.5671546720581], [184.0, 3.0, 2.0, 60.0, 96.33602094118923], [121.0, 3.0, 2.0, 60.0, 96.7939072781402], [61.0, 2.0, 2.0, 60.0, 98.36980328880216], [90.0, 2.0, 2.0, 60.0, 102.87579966565295], [18.0, 1.0, 1.0, 30.0, 104.9407263143454], [13.0, 1.0, 1.0, 30.0, 111.17765606341352], [184.0, 2.0, 2.0, 60.0, 112.29553792447513], [59.0, 3.0, 2.0, 60.0, 121.48538924519744], [87.0, 3.0, 1.0, 30.0, 127.62081856126873], [76.0, 1.0, 1.0, 30.0, 130.89979933108373], [64.0, 2.0, 2.0, 60.0, 132.98523286264282], [79.0, 1.0, 1.0, 30.0, 135.25183130913413], [74.0, 1.0, 1.0, 30.0, 135.6372170444124], [132.0, 1.0, 1.0, 30.0, 136.53537831628518], [13.0, 1.0, 1.0, 30.0, 139.96198057430644], [37.0, 1.0, 1.0, 30.0, 141.90538175510554], [3.0, 1.0, 2.0, 60.0, 148.22641604293108], [105.0, 1.0, 1.0, 30.0, 151.7688691800117], [19.0, 2.0, 2.0, 60.0, 152.9585189515018], [17.0, 2.0, 2.0, 60.0, 155.26396063278915], [45.0, 3.0, 2.0, 60.0, 158.4717443187417], [41.0, 2.0, 2.0, 60.0, 160.19091112593068], [14.0, 3.0, 2.0, 60.0, 161.80046723046223], [40.0, 2.0, 2.0, 60.0, 166.19504064142495], [119.0, 2.0, 2.0, 60.0, 167.67977668606895], [52.0, 2.0, 2.0, 60.0, 174.34828881122837], [52.0, 2.0, 2.0, 60.0, 181.30260874245792], [445.0, 2.0, 1.0, 30.0, 186.72302338228388], [68.0, 2.0, 2.0, 60.0, 187.08816512218607], [55.0, 2.0, 2.0, 60.0, 192.75850263079985], [27.0, 2.0, 2.0, 60.0, 199.5301925701257], [129.0, 1.0, 1.0, 30.0, 205.14039082741283], [45.0, 2.0, 2.0, 60.0, 206.54063642859495], [22.0, 2.0, 1.0, 30.0, 208.1453173837751], [17.0, 1.0, 1.0, 30.0, 208.9739969202831], [24.0, 3.0, 1.0, 30.0, 210.74581448374042], [18.0, 1.0, 1.0, 30.0, 210.85151326578935], [59.0, 2.0, 3.0, 120.0, 211.68829524636791], [58.0, 2.0, 2.0, 60.0, 218.2635794691037], [79.0, 2.0, 2.0, 60.0, 238.24236082502787], [79.0, 1.0, 2.0, 60.0, 241.06005128697106], [91.0, 1.0, 1.0, 30.0, 242.4802497949752], [62.0, 2.0, 2.0, 60.0, 244.4690310645114], [134.0, 3.0, 2.0, 60.0, 246.27574217918595], [80.0, 2.0, 2.0, 60.0, 246.92391019530396], [22.0, 2.0, 2.0, 60.0, 252.340535869662], [79.0, 1.0, 1.0, 30.0, 259.21978013724924], [107.0, 2.0, 2.0, 60.0, 266.7588257904633], [53.0, 2.0, 2.0, 60.0, 293.3082397692622], [55.0, 3.0, 1.0, 30.0, 303.841540943146], [17.0, 1.0, 1.0, 30.0, 312.06587014562393], [46.0, 3.0, 2.0, 60.0, 317.28332755550696], [84.0, 1.0, 1.0, 30.0, 320.2459485503109], [29.0, 3.0, 1.0, 30.0, 320.46821633167013], [93.0, 2.0, 2.0, 60.0, 325.25123026577114], [10.0, 1.0, 1.0, 30.0, 328.35814570323583], [72.0, 3.0, 1.0, 30.0, 335.8979525787838], [105.0, 1.0, 2.0, 60.0, 346.037960484565], [9.0, 3.0, 1.0, 30.0, 347.69830455805135], [66.0, 2.0, 1.0, 30.0, 347.94705816407], [12.0, 2.0, 2.0, 60.0, 352.5711693396838], [64.0, 1.0, 2.0, 60.0, 365.3382663386541], [134.0, 3.0, 2.0, 60.0, 369.44362432169635], [99.0, 2.0, 2.0, 60.0, 380.09833875091823], [28.0, 1.0, 1.0, 30.0, 383.8634124776174], [86.0, 2.0, 2.0, 60.0, 390.4333827158369], [100.0, 3.0, 3.0, 120.0, 391.8772976892559], [111.0, 1.0, 1.0, 30.0, 392.54938394344936], [19.0, 1.0, 1.0, 30.0, 393.26178810715084], [100.0, 3.0, 3.0, 120.0, 393.85019969752625], [47.0, 2.0, 2.0, 60.0, 394.1235652920939], [100.0, 2.0, 3.0, 120.0, 402.7065312495663], [272.0, 1.0, 1.0, 30.0, 404.9496062434009], [40.0, 2.0, 2.0, 60.0, 406.8802625567264], [81.0, 1.0, 2.0, 60.0, 411.5550592296831], [13.0, 2.0, 2.0, 60.0, 412.491396507024], [60.0, 2.0, 2.0, 60.0, 422.0828587162822], [92.0, 2.0, 2.0, 60.0, 428.54263891348444], [5.0, 1.0, 1.0, 30.0, 430.18884989348794], [32.0, 2.0, 2.0, 60.0, 431.1918089653501], [115.0, 3.0, 1.0, 30.0, 433.84690701169285]]","[49, 53, 55, 56, 57, 58, 59, 60, 61, 62, 63]","[[0, 1, 2, 0], [0, 1, 3, 2, 0], [0]]","[0, 1, 1, 0, 0, 0, 1, 0, 1, 1, 0]",200,10
62,169.1622587601344,0.016115427017211914,0.3675265696768236,20.38182560219081,8.43697275341094,41.99390999179022,112.1379569189788,2328.8453690828233,2770.12244645872,2,0.14804761904761907,0.3412361942634926,0.03621479251170128,"[0, 1, 0]","[76.19975964700367, 45.6637385077256, 42.85383632484135]",6,6000,"[[ 0.          9.04911749 11.4260882   9.7728176   8.92873482]
 [ 9.04911749  0.          2.3769707   1.41609886  0.76688771]
 [11.4260882   2.3769707   0.          2.58839516  3.14385841]
 [ 9.7728176   1.41609886  2.58839516  0.          1.36729143]
 [ 8.92873482  0.76688771  3.14385841  1.36729143  0.        ]]","[[20.0, 2.0, 2.0, 60.0, 0.0], [45.0, 1.0, 2.0, 60.0, 0.0], [100.0, 2.0, 2.0, 60.0, 0.0], [46.0, 2.0, 1.0, 30.0, 0.0], [29.0, 3.0, 1.0, 30.0, 0.0], [89.0, 2.0, 2.0, 60.0, 0.0], [21.0, 1.0, 2.0, 60.0, 0.0], [110.0, 1.0, 1.0, 30.0, 0.0], [30.0, 2.0, 2.0, 60.0, 0.0], [53.0, 2.0, 2.0, 60.0, 0.0], [35.0, 3.0, 1.0, 30.0, 0.0], [29.0, 3.0, 1.0, 30.0, 0.0], [85.0, 3.0, 2.0, 60.0, 0.0], [21.0, 3.0, 2.0, 60.0, 0.0], [48.0, 2.0, 2.0, 60.0, 0.0], [45.0, 2.0, 2.0, 60.0, 0.0], [88.0, 3.0, 3.0, 120.0, 0.0], [58.0, 2.0, 2.0, 60.0, 0.0], [141.0, 1.0, 2.0, 60.0, 0.0], [445.0, 1.0, 1.0, 30.0, 0.0], [55.0, 2.0, 2.0, 60.0, 0.0], [100.0, 1.0, 3.0, 120.0, 0.0], [25.0, 2.0, 2.0, 60.0, 0.0], [4.0, 1.0, 1.0, 30.0, 0.0], [73.0, 3.0, 2.0, 60.0, 12.021043019829973], [11.0, 1.0, 2.0, 60.0, 23.70199129895224], [24.0, 2.0, 2.0, 60.0, 35.625796298323515], [80.0, 2.0, 2.0, 60.0, 37.02476774758143], [16.0, 2.0, 1.0, 30.0, 37.456954746073315], [45.0, 2.0, 2.0, 60.0, 44.72025732460407], [47.0, 2.0, 2.0, 60.0, 51.770060795891936], [104.0, 2.0, 2.0, 60.0, 67.39154057863942], [79.0, 2.0, 2.0, 60.0, 67.78801156455697], [65.0, 2.0, 2.0, 60.0, 73.02081579727279], [10.0, 3.0, 1.0, 30.0, 73.37299733126183], [92.0, 2.0, 2.0, 60.0, 78.81811547138163], [34.0, 2.0, 2.0, 60.0, 87.47475223580068], [23.0, 1.0, 1.0, 30.0, 89.40922635875023], [55.0, 2.0, 2.0, 60.0, 95.5671546720581], [184.0, 3.0, 2.0, 60.0, 96.33602094118923], [121.0, 3.0, 2.0, 60.0, 96.7939072781402], [61.0, 2.0, 2.0, 60.0, 98.36980328880216], [90.0, 2.0, 2.0, 60.0, 102.87579966565295], [18.0, 1.0, 1.0, 30.0, 104.9407263143454], [13.0, 1.0, 1.0, 30.0, 111.17765606341352], [184.0, 2.0, 2.0, 60.0, 112.29553792447513], [59.0, 3.0, 2.0, 60.0, 121.48538924519744], [87.0, 3.0, 1.0, 30.0, 127.62081856126873], [76.0, 1.0, 1.0, 30.0, 130.89979933108373], [64.0, 2.0, 2.0, 60.0, 132.98523286264282], [79.0, 1.0, 1.0, 30.0, 135.25183130913413], [74.0, 1.0, 1.0, 30.0, 135.6372170444124], [132.0, 1.0, 1.0, 30.0, 136.53537831628518], [13.0, 1.0, 1.0, 30.0, 139.96198057430644], [37.0, 1.0, 1.0, 30.0, 141.90538175510554], [3.0, 1.0, 2.0, 60.0, 148.22641604293108], [105.0, 1.0, 1.0, 30.0, 151.7688691800117], [19.0, 2.0, 2.0, 60.0, 152.9585189515018], [17.0, 2.0, 2.0, 60.0, 155.26396063278915], [45.0, 3.0, 2.0, 60.0, 158.4717443187417], [41.0, 2.0, 2.0, 60.0, 160.19091112593068], [14.0, 3.0, 2.0, 60.0, 161.80046723046223], [40.0, 2.0, 2.0, 60.0, 166.19504064142495], [119.0, 2.0, 2.0, 60.0, 167.67977668606895], [52.0, 2.0, 2.0, 60.0, 174.34828881122837], [52.0, 2.0, 2.0, 60.0, 181.30260874245792], [445.0, 2.0, 1.0, 30.0, 186.72302338228388], [68.0, 2.0, 2.0, 60.0, 187.08816512218607], [55.0, 2.0, 2.0, 60.0, 192.75850263079985], [27.0, 2.0, 2.0, 60.0, 199.5301925701257], [129.0, 1.0, 1.0, 30.0, 205.14039082741283], [45.0, 2.0, 2.0, 60.0, 206.54063642859495], [22.0, 2.0, 1.0, 30.0, 208.1453173837751], [17.0, 1.0, 1.0, 30.0, 208.9739969202831], [24.0, 3.0, 1.0, 30.0, 210.74581448374042], [18.0, 1.0, 1.0, 30.0, 210.85151326578935], [59.0, 2.0, 3.0, 120.0, 211.68829524636791], [58.0, 2.0, 2.0, 60.0, 218.2635794691037], [79.0, 2.0, 2.0, 60.0, 238.24236082502787], [79.0, 1.0, 2.0, 60.0, 241.06005128697106], [91.0, 1.0, 1.0, 30.0, 242.4802497949752], [62.0, 2.0, 2.0, 60.0, 244.4690310645114], [134.0, 3.0, 2.0, 60.0, 246.27574217918595], [80.0, 2.0, 2.0, 60.0, 246.92391019530396], [22.0, 2.0, 2.0, 60.0, 252.340535869662], [79.0, 1.0, 1.0, 30.0, 259.21978013724924], [107.0, 2.0, 2.0, 60.0, 266.7588257904633], [53.0, 2.0, 2.0, 60.0, 293.3082397692622], [55.0, 3.0, 1.0, 30.0, 303.841540943146], [17.0, 1.0, 1.0, 30.0, 312.06587014562393], [46.0, 3.0, 2.0, 60.0, 317.28332755550696], [84.0, 1.0, 1.0, 30.0, 320.2459485503109], [29.0, 3.0, 1.0, 30.0, 320.46821633167013], [93.0, 2.0, 2.0, 60.0, 325.25123026577114], [10.0, 1.0, 1.0, 30.0, 328.35814570323583], [72.0, 3.0, 1.0, 30.0, 335.8979525787838], [105.0, 1.0, 2.0, 60.0, 346.037960484565], [9.0, 3.0, 1.0, 30.0, 347.69830455805135], [66.0, 2.0, 1.0, 30.0, 347.94705816407], [12.0, 2.0, 2.0, 60.0, 352.5711693396838], [64.0, 1.0, 2.0, 60.0, 365.3382663386541], [134.0, 3.0, 2.0, 60.0, 369.44362432169635], [99.0, 2.0, 2.0, 60.0, 380.09833875091823], [28.0, 1.0, 1.0, 30.0, 383.8634124776174], [86.0, 2.0, 2.0, 60.0, 390.4333827158369], [100.0, 3.0, 3.0, 120.0, 391.8772976892559], [111.0, 1.0, 1.0, 30.0, 392.54938394344936], [19.0, 1.0, 1.0, 30.0, 393.26178810715084], [100.0, 3.0, 3.0, 120.0, 393.85019969752625], [47.0, 2.0, 2.0, 60.0, 394.1235652920939], [100.0, 2.0, 3.0, 120.0, 402.7065312495663], [272.0, 1.0, 1.0, 30.0, 404.9496062434009], [40.0, 2.0, 2.0, 60.0, 406.8802625567264], [81.0, 1.0, 2.0, 60.0, 411.5550592296831], [13.0, 2.0, 2.0, 60.0, 412.491396507024], [60.0, 2.0, 2.0, 60.0, 422.0828587162822], [92.0, 2.0, 2.0, 60.0, 428.54263891348444], [5.0, 1.0, 1.0, 30.0, 430.18884989348794], [32.0, 2.0, 2.0, 60.0, 431.1918089653501], [115.0, 3.0, 1.0, 30.0, 433.84690701169285]]","[49, 53, 56, 57, 58, 59, 60, 61, 62, 63]","[[0, 1, 2, 0], [1, 0, 1, 3, 2, 0], [0]]","[0, 1, 0, 0, 0, 1, 0, 1, 1, 1]",200,10
63,171.1783741871516,0.015325037638346355,0.27943973824443497,20.34804959091,9.581181599074899,32.24617288512215,61.88292961754098,2348.079514766687,2590.2704860578256,2,0.18316666666666667,0.46162256236097216,0.041708874785676385,"[1, 1, 0]","[76.19975964700367, 36.56072728590672, 44.869951751858565]",6,6000,"[[ 0.          9.16701236 11.53958026  9.7728176   8.92873482]
 [ 9.16701236  0.          2.37256791  1.47573088  0.82651973]
 [11.53958026  2.37256791  0.          2.58839516  3.19908764]
 [ 9.7728176   1.47573088  2.58839516  0.          1.36729143]
 [ 8.92873482  0.82651973  3.19908764  1.36729143  0.        ]]","[[20.0, 2.0, 2.0, 60.0, 0.0], [45.0, 1.0, 2.0, 60.0, 0.0], [100.0, 2.0, 2.0, 60.0, 0.0], [46.0, 2.0, 1.0, 30.0, 0.0], [29.0, 3.0, 1.0, 30.0, 0.0], [89.0, 2.0, 2.0, 60.0, 0.0], [21.0, 1.0, 2.0, 60.0, 0.0], [110.0, 1.0, 1.0, 30.0, 0.0], [30.0, 2.0, 2.0, 60.0, 0.0], [53.0, 2.0, 2.0, 60.0, 0.0], [35.0, 3.0, 1.0, 30.0, 0.0], [29.0, 3.0, 1.0, 30.0, 0.0], [85.0, 3.0, 2.0, 60.0, 0.0], [21.0, 3.0, 2.0, 60.0, 0.0], [48.0, 2.0, 2.0, 60.0, 0.0], [45.0, 2.0, 2.0, 60.0, 0.0], [88.0, 3.0, 3.0, 120.0, 0.0], [58.0, 2.0, 2.0, 60.0, 0.0], [141.0, 1.0, 2.0, 60.0, 0.0], [445.0, 1.0, 1.0, 30.0, 0.0], [55.0, 2.0, 2.0, 60.0, 0.0], [100.0, 1.0, 3.0, 120.0, 0.0], [25.0, 2.0, 2.0, 60.0, 0.0], [4.0, 1.0, 1.0, 30.0, 0.0], [73.0, 3.0, 2.0, 60.0, 12.021043019829973], [11.0, 1.0, 2.0, 60.0, 23.70199129895224], [24.0, 2.0, 2.0, 60.0, 35.625796298323515], [80.0, 2.0, 2.0, 60.0, 37.02476774758143], [16.0, 2.0, 1.0, 30.0, 37.456954746073315], [45.0, 2.0, 2.0, 60.0, 44.72025732460407], [47.0, 2.0, 2.0, 60.0, 51.770060795891936], [104.0, 2.0, 2.0, 60.0, 67.39154057863942], [79.0, 2.0, 2.0, 60.0, 67.78801156455697], [65.0, 2.0, 2.0, 60.0, 73.02081579727279], [10.0, 3.0, 1.0, 30.0, 73.37299733126183], [92.0, 2.0, 2.0, 60.0, 78.81811547138163], [34.0, 2.0, 2.0, 60.0, 87.47475223580068], [23.0, 1.0, 1.0, 30.0, 89.40922635875023], [55.0, 2.0, 2.0, 60.0, 95.5671546720581], [184.0, 3.0, 2.0, 60.0, 96.33602094118923], [121.0, 3.0, 2.0, 60.0, 96.7939072781402], [61.0, 2.0, 2.0, 60.0, 98.36980328880216], [90.0, 2.0, 2.0, 60.0, 102.87579966565295], [18.0, 1.0, 1.0, 30.0, 104.9407263143454], [13.0, 1.0, 1.0, 30.0, 111.17765606341352], [184.0, 2.0, 2.0, 60.0, 112.29553792447513], [59.0, 3.0, 2.0, 60.0, 121.48538924519744], [87.0, 3.0, 1.0, 30.0, 127.62081856126873], [76.0, 1.0, 1.0, 30.0, 130.89979933108373], [64.0, 2.0, 2.0, 60.0, 132.98523286264282], [79.0, 1.0, 1.0, 30.0, 135.25183130913413], [74.0, 1.0, 1.0, 30.0, 135.6372170444124], [132.0, 1.0, 1.0, 30.0, 136.53537831628518], [13.0, 1.0, 1.0, 30.0, 139.96198057430644], [37.0, 1.0, 1.0, 30.0, 141.90538175510554], [3.0, 1.0, 2.0, 60.0, 148.22641604293108], [105.0, 1.0, 1.0, 30.0, 151.7688691800117], [19.0, 2.0, 2.0, 60.0, 152.9585189515018], [17.0, 2.0, 2.0, 60.0, 155.26396063278915], [45.0, 3.0, 2.0, 60.0, 158.4717443187417], [41.0, 2.0, 2.0, 60.0, 160.19091112593068], [14.0, 3.0, 2.0, 60.0, 161.80046723046223], [40.0, 2.0, 2.0, 60.0, 166.19504064142495], [119.0, 2.0, 2.0, 60.0, 167.67977668606895], [52.0, 2.0, 2.0, 60.0, 174.34828881122837], [52.0, 2.0, 2.0, 60.0, 181.30260874245792], [445.0, 2.0, 1.0, 30.0, 186.72302338228388], [68.0, 2.0, 2.0, 60.0, 187.08816512218607], [55.0, 2.0, 2.0, 60.0, 192.75850263079985], [27.0, 2.0, 2.0, 60.0, 199.5301925701257], [129.0, 1.0, 1.0, 30.0, 205.14039082741283], [45.0, 2.0, 2.0, 60.0, 206.54063642859495], [22.0, 2.0, 1.0, 30.0, 208.1453173837751], [17.0, 1.0, 1.0, 30.0, 208.9739969202831], [24.0, 3.0, 1.0, 30.0, 210.74581448374042], [18.0, 1.0, 1.0, 30.0, 210.85151326578935], [59.0, 2.0, 3.0, 120.0, 211.68829524636791], [58.0, 2.0, 2.0, 60.0, 218.2635794691037], [79.0, 2.0, 2.0, 60.0, 238.24236082502787], [79.0, 1.0, 2.0, 60.0, 241.06005128697106], [91.0, 1.0, 1.0, 30.0, 242.4802497949752], [62.0, 2.0, 2.0, 60.0, 244.4690310645114], [134.0, 3.0, 2.0, 60.0, 246.27574217918595], [80.0, 2.0, 2.0, 60.0, 246.92391019530396], [22.0, 2.0, 2.0, 60.0, 252.340535869662], [79.0, 1.0, 1.0, 30.0, 259.21978013724924], [107.0, 2.0, 2.0, 60.0, 266.7588257904633], [53.0, 2.0, 2.0, 60.0, 293.3082397692622], [55.0, 3.0, 1.0, 30.0, 303.841540943146], [17.0, 1.0, 1.0, 30.0, 312.06587014562393], [46.0, 3.0, 2.0, 60.0, 317.28332755550696], [84.0, 1.0, 1.0, 30.0, 320.2459485503109], [29.0, 3.0, 1.0, 30.0, 320.46821633167013], [93.0, 2.0, 2.0, 60.0, 325.25123026577114], [10.0, 1.0, 1.0, 30.0, 328.35814570323583], [72.0, 3.0, 1.0, 30.0, 335.8979525787838], [105.0, 1.0, 2.0, 60.0, 346.037960484565], [9.0, 3.0, 1.0, 30.0, 347.69830455805135], [66.0, 2.0, 1.0, 30.0, 347.94705816407], [12.0, 2.0, 2.0, 60.0, 352.5711693396838], [64.0, 1.0, 2.0, 60.0, 365.3382663386541], [134.0, 3.0, 2.0, 60.0, 369.44362432169635], [99.0, 2.0, 2.0, 60.0, 380.09833875091823], [28.0, 1.0, 1.0, 30.0, 383.8634124776174], [86.0, 2.0, 2.0, 60.0, 390.4333827158369], [100.0, 3.0, 3.0, 120.0, 391.8772976892559], [111.0, 1.0, 1.0, 30.0, 392.54938394344936], [19.0, 1.0, 1.0, 30.0, 393.26178810715084], [100.0, 3.0, 3.0, 120.0, 393.85019969752625], [47.0, 2.0, 2.0, 60.0, 394.1235652920939], [100.0, 2.0, 3.0, 120.0, 402.7065312495663], [272.0, 1.0, 1.0, 30.0, 404.9496062434009], [40.0, 2.0, 2.0, 60.0, 406.8802625567264], [81.0, 1.0, 2.0, 60.0, 411.5550592296831], [13.0, 2.0, 2.0, 60.0, 412.491396507024], [60.0, 2.0, 2.0, 60.0, 422.0828587162822], [92.0, 2.0, 2.0, 60.0, 428.54263891348444], [5.0, 1.0, 1.0, 30.0, 430.18884989348794], [32.0, 2.0, 2.0, 60.0, 431.1918089653501], [115.0, 3.0, 1.0, 30.0, 433.84690701169285]]","[49, 53, 57, 58, 59, 60, 61, 62, 63]","[[1, 0, 2, 0], [1, 3, 0], [0, 1, 3, 0]]","[0, 2, 0, 0, 1, 0, 2, 0, 0]",200,10
64,175.19369922478995,0.01796650489171346,0.2794085693275819,12.665436711487034,9.400808477813563,32.18048109043339,74.60039261607878,1458.7235014908865,2084.4743459348506,1,0.16454761904761905,0.6308384504142547,0.00816412454303717,"[1, 1, 0]","[67.05278000279962, 36.56072728590672, 48.88527678949691]",6,6000,"[[ 0.          9.14576804 11.51735652  9.94953622  8.94293652]
 [ 9.14576804  0.          2.46517687  1.50143992  0.62405436]
 [11.51735652  2.46517687  0.          2.58839516  3.08923123]
 [ 9.94953622  1.50143992  2.58839516  0.          1.40037063]
 [ 8.94293652  0.62405436  3.08923123  1.40037063  0.        ]]","[[20.0, 2.0, 2.0, 60.0, 0.0], [45.0, 1.0, 2.0, 60.0, 0.0], [100.0, 2.0, 2.0, 60.0, 0.0], [46.0, 2.0, 1.0, 30.0, 0.0], [29.0, 3.0, 1.0, 30.0, 0.0], [89.0, 2.0, 2.0, 60.0, 0.0], [21.0, 1.0, 2.0, 60.0, 0.0], [110.0, 1.0, 1.0, 30.0, 0.0], [30.0, 2.0, 2.0, 60.0, 0.0], [53.0, 2.0, 2.0, 60.0, 0.0], [35.0, 3.0, 1.0, 30.0, 0.0], [29.0, 3.0, 1.0, 30.0, 0.0], [85.0, 3.0, 2.0, 60.0, 0.0], [21.0, 3.0, 2.0, 60.0, 0.0], [48.0, 2.0, 2.0, 60.0, 0.0], [45.0, 2.0, 2.0, 60.0, 0.0], [88.0, 3.0, 3.0, 120.0, 0.0], [58.0, 2.0, 2.0, 60.0, 0.0], [141.0, 1.0, 2.0, 60.0, 0.0], [445.0, 1.0, 1.0, 30.0, 0.0], [55.0, 2.0, 2.0, 60.0, 0.0], [100.0, 1.0, 3.0, 120.0, 0.0], [25.0, 2.0, 2.0, 60.0, 0.0], [4.0, 1.0, 1.0, 30.0, 0.0], [73.0, 3.0, 2.0, 60.0, 12.021043019829973], [11.0, 1.0, 2.0, 60.0, 23.70199129895224], [24.0, 2.0, 2.0, 60.0, 35.625796298323515], [80.0, 2.0, 2.0, 60.0, 37.02476774758143], [16.0, 2.0, 1.0, 30.0, 37.456954746073315], [45.0, 2.0, 2.0, 60.0, 44.72025732460407], [47.0, 2.0, 2.0, 60.0, 51.770060795891936], [104.0, 2.0, 2.0, 60.0, 67.39154057863942], [79.0, 2.0, 2.0, 60.0, 67.78801156455697], [65.0, 2.0, 2.0, 60.0, 73.02081579727279], [10.0, 3.0, 1.0, 30.0, 73.37299733126183], [92.0, 2.0, 2.0, 60.0, 78.81811547138163], [34.0, 2.0, 2.0, 60.0, 87.47475223580068], [23.0, 1.0, 1.0, 30.0, 89.40922635875023], [55.0, 2.0, 2.0, 60.0, 95.5671546720581], [184.0, 3.0, 2.0, 60.0, 96.33602094118923], [121.0, 3.0, 2.0, 60.0, 96.7939072781402], [61.0, 2.0, 2.0, 60.0, 98.36980328880216], [90.0, 2.0, 2.0, 60.0, 102.87579966565295], [18.0, 1.0, 1.0, 30.0, 104.9407263143454], [13.0, 1.0, 1.0, 30.0, 111.17765606341352], [184.0, 2.0, 2.0, 60.0, 112.29553792447513], [59.0, 3.0, 2.0, 60.0, 121.48538924519744], [87.0, 3.0, 1.0, 30.0, 127.62081856126873], [76.0, 1.0, 1.0, 30.0, 130.89979933108373], [64.0, 2.0, 2.0, 60.0, 132.98523286264282], [79.0, 1.0, 1.0, 30.0, 135.25183130913413], [74.0, 1.0, 1.0, 30.0, 135.6372170444124], [132.0, 1.0, 1.0, 30.0, 136.53537831628518], [13.0, 1.0, 1.0, 30.0, 139.96198057430644], [37.0, 1.0, 1.0, 30.0, 141.90538175510554], [3.0, 1.0, 2.0, 60.0, 148.22641604293108], [105.0, 1.0, 1.0, 30.0, 151.7688691800117], [19.0, 2.0, 2.0, 60.0, 152.9585189515018], [17.0, 2.0, 2.0, 60.0, 155.26396063278915], [45.0, 3.0, 2.0, 60.0, 158.4717443187417], [41.0, 2.0, 2.0, 60.0, 160.19091112593068], [14.0, 3.0, 2.0, 60.0, 161.80046723046223], [40.0, 2.0, 2.0, 60.0, 166.19504064142495], [119.0, 2.0, 2.0, 60.0, 167.67977668606895], [52.0, 2.0, 2.0, 60.0, 174.34828881122837], [52.0, 2.0, 2.0, 60.0, 181.30260874245792], [445.0, 2.0, 1.0, 30.0, 186.72302338228388], [68.0, 2.0, 2.0, 60.0, 187.08816512218607], [55.0, 2.0, 2.0, 60.0, 192.75850263079985], [27.0, 2.0, 2.0, 60.0, 199.5301925701257], [129.0, 1.0, 1.0, 30.0, 205.14039082741283], [45.0, 2.0, 2.0, 60.0, 206.54063642859495], [22.0, 2.0, 1.0, 30.0, 208.1453173837751], [17.0, 1.0, 1.0, 30.0, 208.9739969202831], [24.0, 3.0, 1.0, 30.0, 210.74581448374042], [18.0, 1.0, 1.0, 30.0, 210.85151326578935], [59.0, 2.0, 3.0, 120.0, 211.68829524636791], [58.0, 2.0, 2.0, 60.0, 218.2635794691037], [79.0, 2.0, 2.0, 60.0, 238.24236082502787], [79.0, 1.0, 2.0, 60.0, 241.06005128697106], [91.0, 1.0, 1.0, 30.0, 242.4802497949752], [62.0, 2.0, 2.0, 60.0, 244.4690310645114], [134.0, 3.0, 2.0, 60.0, 246.27574217918595], [80.0, 2.0, 2.0, 60.0, 246.92391019530396], [22.0, 2.0, 2.0, 60.0, 252.340535869662], [79.0, 1.0, 1.0, 30.0, 259.21978013724924], [107.0, 2.0, 2.0, 60.0, 266.7588257904633], [53.0, 2.0, 2.0, 60.0, 293.3082397692622], [55.0, 3.0, 1.0, 30.0, 303.841540943146], [17.0, 1.0, 1.0, 30.0, 312.06587014562393], [46.0, 3.0, 2.0, 60.0, 317.28332755550696], [84.0, 1.0, 1.0, 30.0, 320.2459485503109], [29.0, 3.0, 1.0, 30.0, 320.46821633167013], [93.0, 2.0, 2.0, 60.0, 325.25123026577114], [10.0, 1.0, 1.0, 30.0, 328.35814570323583], [72.0, 3.0, 1.0, 30.0, 335.8979525787838], [105.0, 1.0, 2.0, 60.0, 346.037960484565], [9.0, 3.0, 1.0, 30.0, 347.69830455805135], [66.0, 2.0, 1.0, 30.0, 347.94705816407], [12.0, 2.0, 2.0, 60.0, 352.5711693396838], [64.0, 1.0, 2.0, 60.0, 365.3382663386541], [134.0, 3.0, 2.0, 60.0, 369.44362432169635], [99.0, 2.0, 2.0, 60.0, 380.09833875091823], [28.0, 1.0, 1.0, 30.0, 383.8634124776174], [86.0, 2.0, 2.0, 60.0, 390.4333827158369], [100.0, 3.0, 3.0, 120.0, 391.8772976892559], [111.0, 1.0, 1.0, 30.0, 392.54938394344936], [19.0, 1.0, 1.0, 30.0, 393.26178810715084], [100.0, 3.0, 3.0, 120.0, 393.85019969752625], [47.0, 2.0, 2.0, 60.0, 394.1235652920939], [100.0, 2.0, 3.0, 120.0, 402.7065312495663], [272.0, 1.0, 1.0, 30.0, 404.9496062434009], [40.0, 2.0, 2.0, 60.0, 406.8802625567264], [81.0, 1.0, 2.0, 60.0, 411.5550592296831], [13.0, 2.0, 2.0, 60.0, 412.491396507024], [60.0, 2.0, 2.0, 60.0, 422.0828587162822], [92.0, 2.0, 2.0, 60.0, 428.54263891348444], [5.0, 1.0, 1.0, 30.0, 430.18884989348794], [32.0, 2.0, 2.0, 60.0, 431.1918089653501], [115.0, 3.0, 1.0, 30.0, 433.84690701169285]]","[49, 53, 57, 58, 59, 60, 61, 62, 63, 64]","[[1, 0, 2, 0], [1, 3, 0], [0, 3, 1, 2, 0]]","[0, 2, 0, 0, 1, 0, 2, 2, 0, 0]",200,10
65,182.21166572968167,0.01644814411799113,0.20920585180440793,8.655223654617986,7.490928920462668,24.266771186408345,66.05618664539048,1003.9601195772015,1243.4236174171663,1,0.21693722943722946,0.5873367664284597,0.005952557676895474,"[0, 0, 0]","[67.92376686348729, 39.491007606617906, 55.90324329438862]",6,6000,"[[ 0.          9.21844144 11.59947056  9.99475771  8.98815801]
 [ 9.21844144  0.          2.46517687  1.50143992  0.62405436]
 [11.59947056  2.46517687  0.          2.58839516  3.08923123]
 [ 9.99475771  1.50143992  2.58839516  0.          1.40037063]
 [ 8.98815801  0.62405436  3.08923123  1.40037063  0.        ]]","[[20.0, 2.0, 2.0, 60.0, 0.0], [45.0, 1.0, 2.0, 60.0, 0.0], [100.0, 2.0, 2.0, 60.0, 0.0], [46.0, 2.0, 1.0, 30.0, 0.0], [29.0, 3.0, 1.0, 30.0, 0.0], [89.0, 2.0, 2.0, 60.0, 0.0], [21.0, 1.0, 2.0, 60.0, 0.0], [110.0, 1.0, 1.0, 30.0, 0.0], [30.0, 2.0, 2.0, 60.0, 0.0], [53.0, 2.0, 2.0, 60.0, 0.0], [35.0, 3.0, 1.0, 30.0, 0.0], [29.0, 3.0, 1.0, 30.0, 0.0], [85.0, 3.0, 2.0, 60.0, 0.0], [21.0, 3.0, 2.0, 60.0, 0.0], [48.0, 2.0, 2.0, 60.0, 0.0], [45.0, 2.0, 2.0, 60.0, 0.0], [88.0, 3.0, 3.0, 120.0, 0.0], [58.0, 2.0, 2.0, 60.0, 0.0], [141.0, 1.0, 2.0, 60.0, 0.0], [445.0, 1.0, 1.0, 30.0, 0.0], [55.0, 2.0, 2.0, 60.0, 0.0], [100.0, 1.0, 3.0, 120.0, 0.0], [25.0, 2.0, 2.0, 60.0, 0.0], [4.0, 1.0, 1.0, 30.0, 0.0], [73.0, 3.0, 2.0, 60.0, 12.021043019829973], [11.0, 1.0, 2.0, 60.0, 23.70199129895224], [24.0, 2.0, 2.0, 60.0, 35.625796298323515], [80.0, 2.0, 2.0, 60.0, 37.02476774758143], [16.0, 2.0, 1.0, 30.0, 37.456954746073315], [45.0, 2.0, 2.0, 60.0, 44.72025732460407], [47.0, 2.0, 2.0, 60.0, 51.770060795891936], [104.0, 2.0, 2.0, 60.0, 67.39154057863942], [79.0, 2.0, 2.0, 60.0, 67.78801156455697], [65.0, 2.0, 2.0, 60.0, 73.02081579727279], [10.0, 3.0, 1.0, 30.0, 73.37299733126183], [92.0, 2.0, 2.0, 60.0, 78.81811547138163], [34.0, 2.0, 2.0, 60.0, 87.47475223580068], [23.0, 1.0, 1.0, 30.0, 89.40922635875023], [55.0, 2.0, 2.0, 60.0, 95.5671546720581], [184.0, 3.0, 2.0, 60.0, 96.33602094118923], [121.0, 3.0, 2.0, 60.0, 96.7939072781402], [61.0, 2.0, 2.0, 60.0, 98.36980328880216], [90.0, 2.0, 2.0, 60.0, 102.87579966565295], [18.0, 1.0, 1.0, 30.0, 104.9407263143454], [13.0, 1.0, 1.0, 30.0, 111.17765606341352], [184.0, 2.0, 2.0, 60.0, 112.29553792447513], [59.0, 3.0, 2.0, 60.0, 121.48538924519744], [87.0, 3.0, 1.0, 30.0, 127.62081856126873], [76.0, 1.0, 1.0, 30.0, 130.89979933108373], [64.0, 2.0, 2.0, 60.0, 132.98523286264282], [79.0, 1.0, 1.0, 30.0, 135.25183130913413], [74.0, 1.0, 1.0, 30.0, 135.6372170444124], [132.0, 1.0, 1.0, 30.0, 136.53537831628518], [13.0, 1.0, 1.0, 30.0, 139.96198057430644], [37.0, 1.0, 1.0, 30.0, 141.90538175510554], [3.0, 1.0, 2.0, 60.0, 148.22641604293108], [105.0, 1.0, 1.0, 30.0, 151.7688691800117], [19.0, 2.0, 2.0, 60.0, 152.9585189515018], [17.0, 2.0, 2.0, 60.0, 155.26396063278915], [45.0, 3.0, 2.0, 60.0, 158.4717443187417], [41.0, 2.0, 2.0, 60.0, 160.19091112593068], [14.0, 3.0, 2.0, 60.0, 161.80046723046223], [40.0, 2.0, 2.0, 60.0, 166.19504064142495], [119.0, 2.0, 2.0, 60.0, 167.67977668606895], [52.0, 2.0, 2.0, 60.0, 174.34828881122837], [52.0, 2.0, 2.0, 60.0, 181.30260874245792], [445.0, 2.0, 1.0, 30.0, 186.72302338228388], [68.0, 2.0, 2.0, 60.0, 187.08816512218607], [55.0, 2.0, 2.0, 60.0, 192.75850263079985], [27.0, 2.0, 2.0, 60.0, 199.5301925701257], [129.0, 1.0, 1.0, 30.0, 205.14039082741283], [45.0, 2.0, 2.0, 60.0, 206.54063642859495], [22.0, 2.0, 1.0, 30.0, 208.1453173837751], [17.0, 1.0, 1.0, 30.0, 208.9739969202831], [24.0, 3.0, 1.0, 30.0, 210.74581448374042], [18.0, 1.0, 1.0, 30.0, 210.85151326578935], [59.0, 2.0, 3.0, 120.0, 211.68829524636791], [58.0, 2.0, 2.0, 60.0, 218.2635794691037], [79.0, 2.0, 2.0, 60.0, 238.24236082502787], [79.0, 1.0, 2.0, 60.0, 241.06005128697106], [91.0, 1.0, 1.0, 30.0, 242.4802497949752], [62.0, 2.0, 2.0, 60.0, 244.4690310645114], [134.0, 3.0, 2.0, 60.0, 246.27574217918595], [80.0, 2.0, 2.0, 60.0, 246.92391019530396], [22.0, 2.0, 2.0, 60.0, 252.340535869662], [79.0, 1.0, 1.0, 30.0, 259.21978013724924], [107.0, 2.0, 2.0, 60.0, 266.7588257904633], [53.0, 2.0, 2.0, 60.0, 293.3082397692622], [55.0, 3.0, 1.0, 30.0, 303.841540943146], [17.0, 1.0, 1.0, 30.0, 312.06587014562393], [46.0, 3.0, 2.0, 60.0, 317.28332755550696], [84.0, 1.0, 1.0, 30.0, 320.2459485503109], [29.0, 3.0, 1.0, 30.0, 320.46821633167013], [93.0, 2.0, 2.0, 60.0, 325.25123026577114], [10.0, 1.0, 1.0, 30.0, 328.35814570323583], [72.0, 3.0, 1.0, 30.0, 335.8979525787838], [105.0, 1.0, 2.0, 60.0, 346.037960484565], [9.0, 3.0, 1.0, 30.0, 347.69830455805135], [66.0, 2.0, 1.0, 30.0, 347.94705816407], [12.0, 2.0, 2.0, 60.0, 352.5711693396838], [64.0, 1.0, 2.0, 60.0, 365.3382663386541], [134.0, 3.0, 2.0, 60.0, 369.44362432169635], [99.0, 2.0, 2.0, 60.0, 380.09833875091823], [28.0, 1.0, 1.0, 30.0, 383.8634124776174], [86.0, 2.0, 2.0, 60.0, 390.4333827158369], [100.0, 3.0, 3.0, 120.0, 391.8772976892559], [111.0, 1.0, 1.0, 30.0, 392.54938394344936], [19.0, 1.0, 1.0, 30.0, 393.26178810715084], [100.0, 3.0, 3.0, 120.0, 393.85019969752625], [47.0, 2.0, 2.0, 60.0, 394.1235652920939], [100.0, 2.0, 3.0, 120.0, 402.7065312495663], [272.0, 1.0, 1.0, 30.0, 404.9496062434009], [40.0, 2.0, 2.0, 60.0, 406.8802625567264], [81.0, 1.0, 2.0, 60.0, 411.5550592296831], [13.0, 2.0, 2.0, 60.0, 412.491396507024], [60.0, 2.0, 2.0, 60.0, 422.0828587162822], [92.0, 2.0, 2.0, 60.0, 428.54263891348444], [5.0, 1.0, 1.0, 30.0, 430.18884989348794], [32.0, 2.0, 2.0, 60.0, 431.1918089653501], [115.0, 3.0, 1.0, 30.0, 433.84690701169285]]","[49, 53, 57, 58, 59, 60, 61, 62, 63, 64, 65]","[[0, 2, 0], [0, 3, 0], [0, 1, 2, 3, 0]]","[0, 2, 0, 0, 1, 0, 2, 2, 2, 0, 0]",200,10
66,187.22811387379966,0.01701385577519735,0.32765577193467765,12.282507305289446,6.85927106372346,38.35200611222671,143.94503017510996,1437.6636567838082,2189.873637267371,1,0.1631135531135531,0.5367826058948669,0.02389628977102907,"[0, 0, 0]","[56.34074444925015, 29.51269804202572, 46.70124999568098]",6,6000,"[[ 0.          9.32393976 11.70496887 10.10025602  9.09365633]
 [ 9.32393976  0.          2.46517687  1.50143992  0.62405436]
 [11.70496887  2.46517687  0.          2.58839516  3.08923123]
 [10.10025602  1.50143992  2.58839516  0.          1.40037063]
 [ 9.09365633  0.62405436  3.08923123  1.40037063  0.        ]]","[[20.0, 2.0, 2.0, 60.0, 0.0], [45.0, 1.0, 2.0, 60.0, 0.0], [100.0, 2.0, 2.0, 60.0, 0.0], [46.0, 2.0, 1.0, 30.0, 0.0], [29.0, 3.0, 1.0, 30.0, 0.0], [89.0, 2.0, 2.0, 60.0, 0.0], [21.0, 1.0, 2.0, 60.0, 0.0], [110.0, 1.0, 1.0, 30.0, 0.0], [30.0, 2.0, 2.0, 60.0, 0.0], [53.0, 2.0, 2.0, 60.0, 0.0], [35.0, 3.0, 1.0, 30.0, 0.0], [29.0, 3.0, 1.0, 30.0, 0.0], [85.0, 3.0, 2.0, 60.0, 0.0], [21.0, 3.0, 2.0, 60.0, 0.0], [48.0, 2.0, 2.0, 60.0, 0.0], [45.0, 2.0, 2.0, 60.0, 0.0], [88.0, 3.0, 3.0, 120.0, 0.0], [58.0, 2.0, 2.0, 60.0, 0.0], [141.0, 1.0, 2.0, 60.0, 0.0], [445.0, 1.0, 1.0, 30.0, 0.0], [55.0, 2.0, 2.0, 60.0, 0.0], [100.0, 1.0, 3.0, 120.0, 0.0], [25.0, 2.0, 2.0, 60.0, 0.0], [4.0, 1.0, 1.0, 30.0, 0.0], [73.0, 3.0, 2.0, 60.0, 12.021043019829973], [11.0, 1.0, 2.0, 60.0, 23.70199129895224], [24.0, 2.0, 2.0, 60.0, 35.625796298323515], [80.0, 2.0, 2.0, 60.0, 37.02476774758143], [16.0, 2.0, 1.0, 30.0, 37.456954746073315], [45.0, 2.0, 2.0, 60.0, 44.72025732460407], [47.0, 2.0, 2.0, 60.0, 51.770060795891936], [104.0, 2.0, 2.0, 60.0, 67.39154057863942], [79.0, 2.0, 2.0, 60.0, 67.78801156455697], [65.0, 2.0, 2.0, 60.0, 73.02081579727279], [10.0, 3.0, 1.0, 30.0, 73.37299733126183], [92.0, 2.0, 2.0, 60.0, 78.81811547138163], [34.0, 2.0, 2.0, 60.0, 87.47475223580068], [23.0, 1.0, 1.0, 30.0, 89.40922635875023], [55.0, 2.0, 2.0, 60.0, 95.5671546720581], [184.0, 3.0, 2.0, 60.0, 96.33602094118923], [121.0, 3.0, 2.0, 60.0, 96.7939072781402], [61.0, 2.0, 2.0, 60.0, 98.36980328880216], [90.0, 2.0, 2.0, 60.0, 102.87579966565295], [18.0, 1.0, 1.0, 30.0, 104.9407263143454], [13.0, 1.0, 1.0, 30.0, 111.17765606341352], [184.0, 2.0, 2.0, 60.0, 112.29553792447513], [59.0, 3.0, 2.0, 60.0, 121.48538924519744], [87.0, 3.0, 1.0, 30.0, 127.62081856126873], [76.0, 1.0, 1.0, 30.0, 130.89979933108373], [64.0, 2.0, 2.0, 60.0, 132.98523286264282], [79.0, 1.0, 1.0, 30.0, 135.25183130913413], [74.0, 1.0, 1.0, 30.0, 135.6372170444124], [132.0, 1.0, 1.0, 30.0, 136.53537831628518], [13.0, 1.0, 1.0, 30.0, 139.96198057430644], [37.0, 1.0, 1.0, 30.0, 141.90538175510554], [3.0, 1.0, 2.0, 60.0, 148.22641604293108], [105.0, 1.0, 1.0, 30.0, 151.7688691800117], [19.0, 2.0, 2.0, 60.0, 152.9585189515018], [17.0, 2.0, 2.0, 60.0, 155.26396063278915], [45.0, 3.0, 2.0, 60.0, 158.4717443187417], [41.0, 2.0, 2.0, 60.0, 160.19091112593068], [14.0, 3.0, 2.0, 60.0, 161.80046723046223], [40.0, 2.0, 2.0, 60.0, 166.19504064142495], [119.0, 2.0, 2.0, 60.0, 167.67977668606895], [52.0, 2.0, 2.0, 60.0, 174.34828881122837], [52.0, 2.0, 2.0, 60.0, 181.30260874245792], [445.0, 2.0, 1.0, 30.0, 186.72302338228388], [68.0, 2.0, 2.0, 60.0, 187.08816512218607], [55.0, 2.0, 2.0, 60.0, 192.75850263079985], [27.0, 2.0, 2.0, 60.0, 199.5301925701257], [129.0, 1.0, 1.0, 30.0, 205.14039082741283], [45.0, 2.0, 2.0, 60.0, 206.54063642859495], [22.0, 2.0, 1.0, 30.0, 208.1453173837751], [17.0, 1.0, 1.0, 30.0, 208.9739969202831], [24.0, 3.0, 1.0, 30.0, 210.74581448374042], [18.0, 1.0, 1.0, 30.0, 210.85151326578935], [59.0, 2.0, 3.0, 120.0, 211.68829524636791], [58.0, 2.0, 2.0, 60.0, 218.2635794691037], [79.0, 2.0, 2.0, 60.0, 238.24236082502787], [79.0, 1.0, 2.0, 60.0, 241.06005128697106], [91.0, 1.0, 1.0, 30.0, 242.4802497949752], [62.0, 2.0, 2.0, 60.0, 244.4690310645114], [134.0, 3.0, 2.0, 60.0, 246.27574217918595], [80.0, 2.0, 2.0, 60.0, 246.92391019530396], [22.0, 2.0, 2.0, 60.0, 252.340535869662], [79.0, 1.0, 1.0, 30.0, 259.21978013724924], [107.0, 2.0, 2.0, 60.0, 266.7588257904633], [53.0, 2.0, 2.0, 60.0, 293.3082397692622], [55.0, 3.0, 1.0, 30.0, 303.841540943146], [17.0, 1.0, 1.0, 30.0, 312.06587014562393], [46.0, 3.0, 2.0, 60.0, 317.28332755550696], [84.0, 1.0, 1.0, 30.0, 320.2459485503109], [29.0, 3.0, 1.0, 30.0, 320.46821633167013], [93.0, 2.0, 2.0, 60.0, 325.25123026577114], [10.0, 1.0, 1.0, 30.0, 328.35814570323583], [72.0, 3.0, 1.0, 30.0, 335.8979525787838], [105.0, 1.0, 2.0, 60.0, 346.037960484565], [9.0, 3.0, 1.0, 30.0, 347.69830455805135], [66.0, 2.0, 1.0, 30.0, 347.94705816407], [12.0, 2.0, 2.0, 60.0, 352.5711693396838], [64.0, 1.0, 2.0, 60.0, 365.3382663386541], [134.0, 3.0, 2.0, 60.0, 369.44362432169635], [99.0, 2.0, 2.0, 60.0, 380.09833875091823], [28.0, 1.0, 1.0, 30.0, 383.8634124776174], [86.0, 2.0, 2.0, 60.0, 390.4333827158369], [100.0, 3.0, 3.0, 120.0, 391.8772976892559], [111.0, 1.0, 1.0, 30.0, 392.54938394344936], [19.0, 1.0, 1.0, 30.0, 393.26178810715084], [100.0, 3.0, 3.0, 120.0, 393.85019969752625], [47.0, 2.0, 2.0, 60.0, 394.1235652920939], [100.0, 2.0, 3.0, 120.0, 402.7065312495663], [272.0, 1.0, 1.0, 30.0, 404.9496062434009], [40.0, 2.0, 2.0, 60.0, 406.8802625567264], [81.0, 1.0, 2.0, 60.0, 411.5550592296831], [13.0, 2.0, 2.0, 60.0, 412.491396507024], [60.0, 2.0, 2.0, 60.0, 422.0828587162822], [92.0, 2.0, 2.0, 60.0, 428.54263891348444], [5.0, 1.0, 1.0, 30.0, 430.18884989348794], [32.0, 2.0, 2.0, 60.0, 431.1918089653501], [115.0, 3.0, 1.0, 30.0, 433.84690701169285]]","[49, 53, 57, 58, 59, 60, 61, 62, 63, 64, 65, 66, 67]","[[0, 2, 0], [0, 3, 0], [0, 2, 1, 3, 0]]","[0, 2, 0, 0, 1, 0, 2, 2, 2, 0, 0, 2, 2]",200,10
67,193.24512772957485,0.015342962741851807,0.33222148836805343,19.80536735341967,10.186809021677622,37.1140998500406,72.71098342812758,2212.5551996420336,2722.983354611755,2,0.11266666666666668,0.3172865601724316,0.03055426033812195,"[0, 3, 1]","[56.34074444925015, 29.51269804202572, 46.70124999568098]",6,6000,"[[ 0.          9.20155319 11.17149286  9.85150375  9.10541895]
 [ 9.20155319  0.          1.96993967  1.44840224  0.9463512 ]
 [11.17149286  1.96993967  0.          2.48309482  2.91629087]
 [ 9.85150375  1.44840224  2.48309482  0.          1.46814568]
 [ 9.10541895  0.9463512   2.91629087  1.46814568  0.        ]]","[[20.0, 2.0, 2.0, 60.0, 0.0], [45.0, 1.0, 2.0, 60.0, 0.0], [100.0, 2.0, 2.0, 60.0, 0.0], [46.0, 2.0, 1.0, 30.0, 0.0], [29.0, 3.0, 1.0, 30.0, 0.0], [89.0, 2.0, 2.0, 60.0, 0.0], [21.0, 1.0, 2.0, 60.0, 0.0], [110.0, 1.0, 1.0, 30.0, 0.0], [30.0, 2.0, 2.0, 60.0, 0.0], [53.0, 2.0, 2.0, 60.0, 0.0], [35.0, 3.0, 1.0, 30.0, 0.0], [29.0, 3.0, 1.0, 30.0, 0.0], [85.0, 3.0, 2.0, 60.0, 0.0], [21.0, 3.0, 2.0, 60.0, 0.0], [48.0, 2.0, 2.0, 60.0, 0.0], [45.0, 2.0, 2.0, 60.0, 0.0], [88.0, 3.0, 3.0, 120.0, 0.0], [58.0, 2.0, 2.0, 60.0, 0.0], [141.0, 1.0, 2.0, 60.0, 0.0], [445.0, 1.0, 1.0, 30.0, 0.0], [55.0, 2.0, 2.0, 60.0, 0.0], [100.0, 1.0, 3.0, 120.0, 0.0], [25.0, 2.0, 2.0, 60.0, 0.0], [4.0, 1.0, 1.0, 30.0, 0.0], [73.0, 3.0, 2.0, 60.0, 12.021043019829973], [11.0, 1.0, 2.0, 60.0, 23.70199129895224], [24.0, 2.0, 2.0, 60.0, 35.625796298323515], [80.0, 2.0, 2.0, 60.0, 37.02476774758143], [16.0, 2.0, 1.0, 30.0, 37.456954746073315], [45.0, 2.0, 2.0, 60.0, 44.72025732460407], [47.0, 2.0, 2.0, 60.0, 51.770060795891936], [104.0, 2.0, 2.0, 60.0, 67.39154057863942], [79.0, 2.0, 2.0, 60.0, 67.78801156455697], [65.0, 2.0, 2.0, 60.0, 73.02081579727279], [10.0, 3.0, 1.0, 30.0, 73.37299733126183], [92.0, 2.0, 2.0, 60.0, 78.81811547138163], [34.0, 2.0, 2.0, 60.0, 87.47475223580068], [23.0, 1.0, 1.0, 30.0, 89.40922635875023], [55.0, 2.0, 2.0, 60.0, 95.5671546720581], [184.0, 3.0, 2.0, 60.0, 96.33602094118923], [121.0, 3.0, 2.0, 60.0, 96.7939072781402], [61.0, 2.0, 2.0, 60.0, 98.36980328880216], [90.0, 2.0, 2.0, 60.0, 102.87579966565295], [18.0, 1.0, 1.0, 30.0, 104.9407263143454], [13.0, 1.0, 1.0, 30.0, 111.17765606341352], [184.0, 2.0, 2.0, 60.0, 112.29553792447513], [59.0, 3.0, 2.0, 60.0, 121.48538924519744], [87.0, 3.0, 1.0, 30.0, 127.62081856126873], [76.0, 1.0, 1.0, 30.0, 130.89979933108373], [64.0, 2.0, 2.0, 60.0, 132.98523286264282], [79.0, 1.0, 1.0, 30.0, 135.25183130913413], [74.0, 1.0, 1.0, 30.0, 135.6372170444124], [132.0, 1.0, 1.0, 30.0, 136.53537831628518], [13.0, 1.0, 1.0, 30.0, 139.96198057430644], [37.0, 1.0, 1.0, 30.0, 141.90538175510554], [3.0, 1.0, 2.0, 60.0, 148.22641604293108], [105.0, 1.0, 1.0, 30.0, 151.7688691800117], [19.0, 2.0, 2.0, 60.0, 152.9585189515018], [17.0, 2.0, 2.0, 60.0, 155.26396063278915], [45.0, 3.0, 2.0, 60.0, 158.4717443187417], [41.0, 2.0, 2.0, 60.0, 160.19091112593068], [14.0, 3.0, 2.0, 60.0, 161.80046723046223], [40.0, 2.0, 2.0, 60.0, 166.19504064142495], [119.0, 2.0, 2.0, 60.0, 167.67977668606895], [52.0, 2.0, 2.0, 60.0, 174.34828881122837], [52.0, 2.0, 2.0, 60.0, 181.30260874245792], [445.0, 2.0, 1.0, 30.0, 186.72302338228388], [68.0, 2.0, 2.0, 60.0, 187.08816512218607], [55.0, 2.0, 2.0, 60.0, 192.75850263079985], [27.0, 2.0, 2.0, 60.0, 199.5301925701257], [129.0, 1.0, 1.0, 30.0, 205.14039082741283], [45.0, 2.0, 2.0, 60.0, 206.54063642859495], [22.0, 2.0, 1.0, 30.0, 208.1453173837751], [17.0, 1.0, 1.0, 30.0, 208.9739969202831], [24.0, 3.0, 1.0, 30.0, 210.74581448374042], [18.0, 1.0, 1.0, 30.0, 210.85151326578935], [59.0, 2.0, 3.0, 120.0, 211.68829524636791], [58.0, 2.0, 2.0, 60.0, 218.2635794691037], [79.0, 2.0, 2.0, 60.0, 238.24236082502787], [79.0, 1.0, 2.0, 60.0, 241.06005128697106], [91.0, 1.0, 1.0, 30.0, 242.4802497949752], [62.0, 2.0, 2.0, 60.0, 244.4690310645114], [134.0, 3.0, 2.0, 60.0, 246.27574217918595], [80.0, 2.0, 2.0, 60.0, 246.92391019530396], [22.0, 2.0, 2.0, 60.0, 252.340535869662], [79.0, 1.0, 1.0, 30.0, 259.21978013724924], [107.0, 2.0, 2.0, 60.0, 266.7588257904633], [53.0, 2.0, 2.0, 60.0, 293.3082397692622], [55.0, 3.0, 1.0, 30.0, 303.841540943146], [17.0, 1.0, 1.0, 30.0, 312.06587014562393], [46.0, 3.0, 2.0, 60.0, 317.28332755550696], [84.0, 1.0, 1.0, 30.0, 320.2459485503109], [29.0, 3.0, 1.0, 30.0, 320.46821633167013], [93.0, 2.0, 2.0, 60.0, 325.25123026577114], [10.0, 1.0, 1.0, 30.0, 328.35814570323583], [72.0, 3.0, 1.0, 30.0, 335.8979525787838], [105.0, 1.0, 2.0, 60.0, 346.037960484565], [9.0, 3.0, 1.0, 30.0, 347.69830455805135], [66.0, 2.0, 1.0, 30.0, 347.94705816407], [12.0, 2.0, 2.0, 60.0, 352.5711693396838], [64.0, 1.0, 2.0, 60.0, 365.3382663386541], [134.0, 3.0, 2.0, 60.0, 369.44362432169635], [99.0, 2.0, 2.0, 60.0, 380.09833875091823], [28.0, 1.0, 1.0, 30.0, 383.8634124776174], [86.0, 2.0, 2.0, 60.0, 390.4333827158369], [100.0, 3.0, 3.0, 120.0, 391.8772976892559], [111.0, 1.0, 1.0, 30.0, 392.54938394344936], [19.0, 1.0, 1.0, 30.0, 393.26178810715084], [100.0, 3.0, 3.0, 120.0, 393.85019969752625], [47.0, 2.0, 2.0, 60.0, 394.1235652920939], [100.0, 2.0, 3.0, 120.0, 402.7065312495663], [272.0, 1.0, 1.0, 30.0, 404.9496062434009], [40.0, 2.0, 2.0, 60.0, 406.8802625567264], [81.0, 1.0, 2.0, 60.0, 411.5550592296831], [13.0, 2.0, 2.0, 60.0, 412.491396507024], [60.0, 2.0, 2.0, 60.0, 422.0828587162822], [92.0, 2.0, 2.0, 60.0, 428.54263891348444], [5.0, 1.0, 1.0, 30.0, 430.18884989348794], [32.0, 2.0, 2.0, 60.0, 431.1918089653501], [115.0, 3.0, 1.0, 30.0, 433.84690701169285]]","[49, 57, 58, 60, 61, 62, 63, 64, 65, 66, 67, 68]","[[0, 2, 0], [3, 0], [1, 0, 3, 2, 0]]","[0, 0, 0, 0, 2, 2, 2, 0, 0, 2, 2, 2]",200,10
68,195.2604706923167,0.012837878863016764,0.283993143435529,9.187583862127333,7.468765556880555,33.99699433594785,1.6901399314183436,1099.851330011766,1381.6751278452907,1,0.2286666666666667,0.42329108226801637,0.05994393227718978,"[2, 3, 1]","[56.34074444925015, 19.66119429693145, 37.49969680493782]",6,6000,"[[ 0.          9.25615894 11.97106167  9.78996034  9.10541895]
 [ 9.25615894  0.          2.71490273  1.40996115  0.96945351]
 [11.97106167  2.71490273  0.          2.97981339  3.68435624]
 [ 9.78996034  1.40996115  2.97981339  0.          1.40660228]
 [ 9.10541895  0.96945351  3.68435624  1.40660228  0.        ]]","[[20.0, 2.0, 2.0, 60.0, 0.0], [45.0, 1.0, 2.0, 60.0, 0.0], [100.0, 2.0, 2.0, 60.0, 0.0], [46.0, 2.0, 1.0, 30.0, 0.0], [29.0, 3.0, 1.0, 30.0, 0.0], [89.0, 2.0, 2.0, 60.0, 0.0], [21.0, 1.0, 2.0, 60.0, 0.0], [110.0, 1.0, 1.0, 30.0, 0.0], [30.0, 2.0, 2.0, 60.0, 0.0], [53.0, 2.0, 2.0, 60.0, 0.0], [35.0, 3.0, 1.0, 30.0, 0.0], [29.0, 3.0, 1.0, 30.0, 0.0], [85.0, 3.0, 2.0, 60.0, 0.0], [21.0, 3.0, 2.0, 60.0, 0.0], [48.0, 2.0, 2.0, 60.0, 0.0], [45.0, 2.0, 2.0, 60.0, 0.0], [88.0, 3.0, 3.0, 120.0, 0.0], [58.0, 2.0, 2.0, 60.0, 0.0], [141.0, 1.0, 2.0, 60.0, 0.0], [445.0, 1.0, 1.0, 30.0, 0.0], [55.0, 2.0, 2.0, 60.0, 0.0], [100.0, 1.0, 3.0, 120.0, 0.0], [25.0, 2.0, 2.0, 60.0, 0.0], [4.0, 1.0, 1.0, 30.0, 0.0], [73.0, 3.0, 2.0, 60.0, 12.021043019829973], [11.0, 1.0, 2.0, 60.0, 23.70199129895224], [24.0, 2.0, 2.0, 60.0, 35.625796298323515], [80.0, 2.0, 2.0, 60.0, 37.02476774758143], [16.0, 2.0, 1.0, 30.0, 37.456954746073315], [45.0, 2.0, 2.0, 60.0, 44.72025732460407], [47.0, 2.0, 2.0, 60.0, 51.770060795891936], [104.0, 2.0, 2.0, 60.0, 67.39154057863942], [79.0, 2.0, 2.0, 60.0, 67.78801156455697], [65.0, 2.0, 2.0, 60.0, 73.02081579727279], [10.0, 3.0, 1.0, 30.0, 73.37299733126183], [92.0, 2.0, 2.0, 60.0, 78.81811547138163], [34.0, 2.0, 2.0, 60.0, 87.47475223580068], [23.0, 1.0, 1.0, 30.0, 89.40922635875023], [55.0, 2.0, 2.0, 60.0, 95.5671546720581], [184.0, 3.0, 2.0, 60.0, 96.33602094118923], [121.0, 3.0, 2.0, 60.0, 96.7939072781402], [61.0, 2.0, 2.0, 60.0, 98.36980328880216], [90.0, 2.0, 2.0, 60.0, 102.87579966565295], [18.0, 1.0, 1.0, 30.0, 104.9407263143454], [13.0, 1.0, 1.0, 30.0, 111.17765606341352], [184.0, 2.0, 2.0, 60.0, 112.29553792447513], [59.0, 3.0, 2.0, 60.0, 121.48538924519744], [87.0, 3.0, 1.0, 30.0, 127.62081856126873], [76.0, 1.0, 1.0, 30.0, 130.89979933108373], [64.0, 2.0, 2.0, 60.0, 132.98523286264282], [79.0, 1.0, 1.0, 30.0, 135.25183130913413], [74.0, 1.0, 1.0, 30.0, 135.6372170444124], [132.0, 1.0, 1.0, 30.0, 136.53537831628518], [13.0, 1.0, 1.0, 30.0, 139.96198057430644], [37.0, 1.0, 1.0, 30.0, 141.90538175510554], [3.0, 1.0, 2.0, 60.0, 148.22641604293108], [105.0, 1.0, 1.0, 30.0, 151.7688691800117], [19.0, 2.0, 2.0, 60.0, 152.9585189515018], [17.0, 2.0, 2.0, 60.0, 155.26396063278915], [45.0, 3.0, 2.0, 60.0, 158.4717443187417], [41.0, 2.0, 2.0, 60.0, 160.19091112593068], [14.0, 3.0, 2.0, 60.0, 161.80046723046223], [40.0, 2.0, 2.0, 60.0, 166.19504064142495], [119.0, 2.0, 2.0, 60.0, 167.67977668606895], [52.0, 2.0, 2.0, 60.0, 174.34828881122837], [52.0, 2.0, 2.0, 60.0, 181.30260874245792], [445.0, 2.0, 1.0, 30.0, 186.72302338228388], [68.0, 2.0, 2.0, 60.0, 187.08816512218607], [55.0, 2.0, 2.0, 60.0, 192.75850263079985], [27.0, 2.0, 2.0, 60.0, 199.5301925701257], [129.0, 1.0, 1.0, 30.0, 205.14039082741283], [45.0, 2.0, 2.0, 60.0, 206.54063642859495], [22.0, 2.0, 1.0, 30.0, 208.1453173837751], [17.0, 1.0, 1.0, 30.0, 208.9739969202831], [24.0, 3.0, 1.0, 30.0, 210.74581448374042], [18.0, 1.0, 1.0, 30.0, 210.85151326578935], [59.0, 2.0, 3.0, 120.0, 211.68829524636791], [58.0, 2.0, 2.0, 60.0, 218.2635794691037], [79.0, 2.0, 2.0, 60.0, 238.24236082502787], [79.0, 1.0, 2.0, 60.0, 241.06005128697106], [91.0, 1.0, 1.0, 30.0, 242.4802497949752], [62.0, 2.0, 2.0, 60.0, 244.4690310645114], [134.0, 3.0, 2.0, 60.0, 246.27574217918595], [80.0, 2.0, 2.0, 60.0, 246.92391019530396], [22.0, 2.0, 2.0, 60.0, 252.340535869662], [79.0, 1.0, 1.0, 30.0, 259.21978013724924], [107.0, 2.0, 2.0, 60.0, 266.7588257904633], [53.0, 2.0, 2.0, 60.0, 293.3082397692622], [55.0, 3.0, 1.0, 30.0, 303.841540943146], [17.0, 1.0, 1.0, 30.0, 312.06587014562393], [46.0, 3.0, 2.0, 60.0, 317.28332755550696], [84.0, 1.0, 1.0, 30.0, 320.2459485503109], [29.0, 3.0, 1.0, 30.0, 320.46821633167013], [93.0, 2.0, 2.0, 60.0, 325.25123026577114], [10.0, 1.0, 1.0, 30.0, 328.35814570323583], [72.0, 3.0, 1.0, 30.0, 335.8979525787838], [105.0, 1.0, 2.0, 60.0, 346.037960484565], [9.0, 3.0, 1.0, 30.0, 347.69830455805135], [66.0, 2.0, 1.0, 30.0, 347.94705816407], [12.0, 2.0, 2.0, 60.0, 352.5711693396838], [64.0, 1.0, 2.0, 60.0, 365.3382663386541], [134.0, 3.0, 2.0, 60.0, 369.44362432169635], [99.0, 2.0, 2.0, 60.0, 380.09833875091823], [28.0, 1.0, 1.0, 30.0, 383.8634124776174], [86.0, 2.0, 2.0, 60.0, 390.4333827158369], [100.0, 3.0, 3.0, 120.0, 391.8772976892559], [111.0, 1.0, 1.0, 30.0, 392.54938394344936], [19.0, 1.0, 1.0, 30.0, 393.26178810715084], [100.0, 3.0, 3.0, 120.0, 393.85019969752625], [47.0, 2.0, 2.0, 60.0, 394.1235652920939], [100.0, 2.0, 3.0, 120.0, 402.7065312495663], [272.0, 1.0, 1.0, 30.0, 404.9496062434009], [40.0, 2.0, 2.0, 60.0, 406.8802625567264], [81.0, 1.0, 2.0, 60.0, 411.5550592296831], [13.0, 2.0, 2.0, 60.0, 412.491396507024], [60.0, 2.0, 2.0, 60.0, 422.0828587162822], [92.0, 2.0, 2.0, 60.0, 428.54263891348444], [5.0, 1.0, 1.0, 30.0, 430.18884989348794], [32.0, 2.0, 2.0, 60.0, 431.1918089653501], [115.0, 3.0, 1.0, 30.0, 433.84690701169285]]","[61, 62, 63, 66, 67, 68]","[[2, 0], [3, 0], [1, 0, 3, 2, 0]]","[2, 2, 2, 2, 2, 2]",200,10
69,200.2733085711797,0.01383053461710612,0.37785889359032526,12.191115315971256,9.259655446559213,42.650092189326436,15.412794301728468,1376.048575108082,2021.0187262807908,1,0.26232142857142854,0.4351075429172715,0.052010255879764794,"[2, 3, 1]","[44.369682780408944, 19.66119429693145, 37.49969680493782]",6,6000,"[[ 0.          9.39042249 11.28730669  9.82085806  9.22807764]
 [ 9.39042249  0.          1.8968842   1.16666043  0.71264459]
 [11.28730669  1.8968842   0.          2.21380506  2.60952879]
 [ 9.82085806  1.16666043  2.21380506  0.          1.03185331]
 [ 9.22807764  0.71264459  2.60952879  1.03185331  0.        ]]","[[20.0, 2.0, 2.0, 60.0, 0.0], [45.0, 1.0, 2.0, 60.0, 0.0], [100.0, 2.0, 2.0, 60.0, 0.0], [46.0, 2.0, 1.0, 30.0, 0.0], [29.0, 3.0, 1.0, 30.0, 0.0], [89.0, 2.0, 2.0, 60.0, 0.0], [21.0, 1.0, 2.0, 60.0, 0.0], [110.0, 1.0, 1.0, 30.0, 0.0], [30.0, 2.0, 2.0, 60.0, 0.0], [53.0, 2.0, 2.0, 60.0, 0.0], [35.0, 3.0, 1.0, 30.0, 0.0], [29.0, 3.0, 1.0, 30.0, 0.0], [85.0, 3.0, 2.0, 60.0, 0.0], [21.0, 3.0, 2.0, 60.0, 0.0], [48.0, 2.0, 2.0, 60.0, 0.0], [45.0, 2.0, 2.0, 60.0, 0.0], [88.0, 3.0, 3.0, 120.0, 0.0], [58.0, 2.0, 2.0, 60.0, 0.0], [141.0, 1.0, 2.0, 60.0, 0.0], [445.0, 1.0, 1.0, 30.0, 0.0], [55.0, 2.0, 2.0, 60.0, 0.0], [100.0, 1.0, 3.0, 120.0, 0.0], [25.0, 2.0, 2.0, 60.0, 0.0], [4.0, 1.0, 1.0, 30.0, 0.0], [73.0, 3.0, 2.0, 60.0, 12.021043019829973], [11.0, 1.0, 2.0, 60.0, 23.70199129895224], [24.0, 2.0, 2.0, 60.0, 35.625796298323515], [80.0, 2.0, 2.0, 60.0, 37.02476774758143], [16.0, 2.0, 1.0, 30.0, 37.456954746073315], [45.0, 2.0, 2.0, 60.0, 44.72025732460407], [47.0, 2.0, 2.0, 60.0, 51.770060795891936], [104.0, 2.0, 2.0, 60.0, 67.39154057863942], [79.0, 2.0, 2.0, 60.0, 67.78801156455697], [65.0, 2.0, 2.0, 60.0, 73.02081579727279], [10.0, 3.0, 1.0, 30.0, 73.37299733126183], [92.0, 2.0, 2.0, 60.0, 78.81811547138163], [34.0, 2.0, 2.0, 60.0, 87.47475223580068], [23.0, 1.0, 1.0, 30.0, 89.40922635875023], [55.0, 2.0, 2.0, 60.0, 95.5671546720581], [184.0, 3.0, 2.0, 60.0, 96.33602094118923], [121.0, 3.0, 2.0, 60.0, 96.7939072781402], [61.0, 2.0, 2.0, 60.0, 98.36980328880216], [90.0, 2.0, 2.0, 60.0, 102.87579966565295], [18.0, 1.0, 1.0, 30.0, 104.9407263143454], [13.0, 1.0, 1.0, 30.0, 111.17765606341352], [184.0, 2.0, 2.0, 60.0, 112.29553792447513], [59.0, 3.0, 2.0, 60.0, 121.48538924519744], [87.0, 3.0, 1.0, 30.0, 127.62081856126873], [76.0, 1.0, 1.0, 30.0, 130.89979933108373], [64.0, 2.0, 2.0, 60.0, 132.98523286264282], [79.0, 1.0, 1.0, 30.0, 135.25183130913413], [74.0, 1.0, 1.0, 30.0, 135.6372170444124], [132.0, 1.0, 1.0, 30.0, 136.53537831628518], [13.0, 1.0, 1.0, 30.0, 139.96198057430644], [37.0, 1.0, 1.0, 30.0, 141.90538175510554], [3.0, 1.0, 2.0, 60.0, 148.22641604293108], [105.0, 1.0, 1.0, 30.0, 151.7688691800117], [19.0, 2.0, 2.0, 60.0, 152.9585189515018], [17.0, 2.0, 2.0, 60.0, 155.26396063278915], [45.0, 3.0, 2.0, 60.0, 158.4717443187417], [41.0, 2.0, 2.0, 60.0, 160.19091112593068], [14.0, 3.0, 2.0, 60.0, 161.80046723046223], [40.0, 2.0, 2.0, 60.0, 166.19504064142495], [119.0, 2.0, 2.0, 60.0, 167.67977668606895], [52.0, 2.0, 2.0, 60.0, 174.34828881122837], [52.0, 2.0, 2.0, 60.0, 181.30260874245792], [445.0, 2.0, 1.0, 30.0, 186.72302338228388], [68.0, 2.0, 2.0, 60.0, 187.08816512218607], [55.0, 2.0, 2.0, 60.0, 192.75850263079985], [27.0, 2.0, 2.0, 60.0, 199.5301925701257], [129.0, 1.0, 1.0, 30.0, 205.14039082741283], [45.0, 2.0, 2.0, 60.0, 206.54063642859495], [22.0, 2.0, 1.0, 30.0, 208.1453173837751], [17.0, 1.0, 1.0, 30.0, 208.9739969202831], [24.0, 3.0, 1.0, 30.0, 210.74581448374042], [18.0, 1.0, 1.0, 30.0, 210.85151326578935], [59.0, 2.0, 3.0, 120.0, 211.68829524636791], [58.0, 2.0, 2.0, 60.0, 218.2635794691037], [79.0, 2.0, 2.0, 60.0, 238.24236082502787], [79.0, 1.0, 2.0, 60.0, 241.06005128697106], [91.0, 1.0, 1.0, 30.0, 242.4802497949752], [62.0, 2.0, 2.0, 60.0, 244.4690310645114], [134.0, 3.0, 2.0, 60.0, 246.27574217918595], [80.0, 2.0, 2.0, 60.0, 246.92391019530396], [22.0, 2.0, 2.0, 60.0, 252.340535869662], [79.0, 1.0, 1.0, 30.0, 259.21978013724924], [107.0, 2.0, 2.0, 60.0, 266.7588257904633], [53.0, 2.0, 2.0, 60.0, 293.3082397692622], [55.0, 3.0, 1.0, 30.0, 303.841540943146], [17.0, 1.0, 1.0, 30.0, 312.06587014562393], [46.0, 3.0, 2.0, 60.0, 317.28332755550696], [84.0, 1.0, 1.0, 30.0, 320.2459485503109], [29.0, 3.0, 1.0, 30.0, 320.46821633167013], [93.0, 2.0, 2.0, 60.0, 325.25123026577114], [10.0, 1.0, 1.0, 30.0, 328.35814570323583], [72.0, 3.0, 1.0, 30.0, 335.8979525787838], [105.0, 1.0, 2.0, 60.0, 346.037960484565], [9.0, 3.0, 1.0, 30.0, 347.69830455805135], [66.0, 2.0, 1.0, 30.0, 347.94705816407], [12.0, 2.0, 2.0, 60.0, 352.5711693396838], [64.0, 1.0, 2.0, 60.0, 365.3382663386541], [134.0, 3.0, 2.0, 60.0, 369.44362432169635], [99.0, 2.0, 2.0, 60.0, 380.09833875091823], [28.0, 1.0, 1.0, 30.0, 383.8634124776174], [86.0, 2.0, 2.0, 60.0, 390.4333827158369], [100.0, 3.0, 3.0, 120.0, 391.8772976892559], [111.0, 1.0, 1.0, 30.0, 392.54938394344936], [19.0, 1.0, 1.0, 30.0, 393.26178810715084], [100.0, 3.0, 3.0, 120.0, 393.85019969752625], [47.0, 2.0, 2.0, 60.0, 394.1235652920939], [100.0, 2.0, 3.0, 120.0, 402.7065312495663], [272.0, 1.0, 1.0, 30.0, 404.9496062434009], [40.0, 2.0, 2.0, 60.0, 406.8802625567264], [81.0, 1.0, 2.0, 60.0, 411.5550592296831], [13.0, 2.0, 2.0, 60.0, 412.491396507024], [60.0, 2.0, 2.0, 60.0, 422.0828587162822], [92.0, 2.0, 2.0, 60.0, 428.54263891348444], [5.0, 1.0, 1.0, 30.0, 430.18884989348794], [32.0, 2.0, 2.0, 60.0, 431.1918089653501], [115.0, 3.0, 1.0, 30.0, 433.84690701169285]]","[61, 62, 63, 66, 67, 68, 69]","[[2, 0, 2, 0], [3, 0], [1, 0, 2, 3, 0]]","[2, 2, 2, 2, 2, 2, 0]",200,10
70,204.28713910579683,0.013827896118164063,0.29999999999999993,12.533862753097774,9.308161598473887,33.73723515558416,30.16681748170717,1409.5262503635904,1665.6250052621785,2,0.18999999999999997,0.2406042362011876,0.051408840848554134,"[2, 0, 0]","[44.369682780408944, 19.836358965317302, 38.32481202767478]",6,6000,"[[ 0.          9.34886085 11.24574505  9.66806957  9.07528915]
 [ 9.34886085  0.          1.8968842   1.16666043  0.71264459]
 [11.24574505  1.8968842   0.          2.21380506  2.60952879]
 [ 9.66806957  1.16666043  2.21380506  0.          1.03185331]
 [ 9.07528915  0.71264459  2.60952879  1.03185331  0.        ]]","[[20.0, 2.0, 2.0, 60.0, 0.0], [45.0, 1.0, 2.0, 60.0, 0.0], [100.0, 2.0, 2.0, 60.0, 0.0], [46.0, 2.0, 1.0, 30.0, 0.0], [29.0, 3.0, 1.0, 30.0, 0.0], [89.0, 2.0, 2.0, 60.0, 0.0], [21.0, 1.0, 2.0, 60.0, 0.0], [110.0, 1.0, 1.0, 30.0, 0.0], [30.0, 2.0, 2.0, 60.0, 0.0], [53.0, 2.0, 2.0, 60.0, 0.0], [35.0, 3.0, 1.0, 30.0, 0.0], [29.0, 3.0, 1.0, 30.0, 0.0], [85.0, 3.0, 2.0, 60.0, 0.0], [21.0, 3.0, 2.0, 60.0, 0.0], [48.0, 2.0, 2.0, 60.0, 0.0], [45.0, 2.0, 2.0, 60.0, 0.0], [88.0, 3.0, 3.0, 120.0, 0.0], [58.0, 2.0, 2.0, 60.0, 0.0], [141.0, 1.0, 2.0, 60.0, 0.0], [445.0, 1.0, 1.0, 30.0, 0.0], [55.0, 2.0, 2.0, 60.0, 0.0], [100.0, 1.0, 3.0, 120.0, 0.0], [25.0, 2.0, 2.0, 60.0, 0.0], [4.0, 1.0, 1.0, 30.0, 0.0], [73.0, 3.0, 2.0, 60.0, 12.021043019829973], [11.0, 1.0, 2.0, 60.0, 23.70199129895224], [24.0, 2.0, 2.0, 60.0, 35.625796298323515], [80.0, 2.0, 2.0, 60.0, 37.02476774758143], [16.0, 2.0, 1.0, 30.0, 37.456954746073315], [45.0, 2.0, 2.0, 60.0, 44.72025732460407], [47.0, 2.0, 2.0, 60.0, 51.770060795891936], [104.0, 2.0, 2.0, 60.0, 67.39154057863942], [79.0, 2.0, 2.0, 60.0, 67.78801156455697], [65.0, 2.0, 2.0, 60.0, 73.02081579727279], [10.0, 3.0, 1.0, 30.0, 73.37299733126183], [92.0, 2.0, 2.0, 60.0, 78.81811547138163], [34.0, 2.0, 2.0, 60.0, 87.47475223580068], [23.0, 1.0, 1.0, 30.0, 89.40922635875023], [55.0, 2.0, 2.0, 60.0, 95.5671546720581], [184.0, 3.0, 2.0, 60.0, 96.33602094118923], [121.0, 3.0, 2.0, 60.0, 96.7939072781402], [61.0, 2.0, 2.0, 60.0, 98.36980328880216], [90.0, 2.0, 2.0, 60.0, 102.87579966565295], [18.0, 1.0, 1.0, 30.0, 104.9407263143454], [13.0, 1.0, 1.0, 30.0, 111.17765606341352], [184.0, 2.0, 2.0, 60.0, 112.29553792447513], [59.0, 3.0, 2.0, 60.0, 121.48538924519744], [87.0, 3.0, 1.0, 30.0, 127.62081856126873], [76.0, 1.0, 1.0, 30.0, 130.89979933108373], [64.0, 2.0, 2.0, 60.0, 132.98523286264282], [79.0, 1.0, 1.0, 30.0, 135.25183130913413], [74.0, 1.0, 1.0, 30.0, 135.6372170444124], [132.0, 1.0, 1.0, 30.0, 136.53537831628518], [13.0, 1.0, 1.0, 30.0, 139.96198057430644], [37.0, 1.0, 1.0, 30.0, 141.90538175510554], [3.0, 1.0, 2.0, 60.0, 148.22641604293108], [105.0, 1.0, 1.0, 30.0, 151.7688691800117], [19.0, 2.0, 2.0, 60.0, 152.9585189515018], [17.0, 2.0, 2.0, 60.0, 155.26396063278915], [45.0, 3.0, 2.0, 60.0, 158.4717443187417], [41.0, 2.0, 2.0, 60.0, 160.19091112593068], [14.0, 3.0, 2.0, 60.0, 161.80046723046223], [40.0, 2.0, 2.0, 60.0, 166.19504064142495], [119.0, 2.0, 2.0, 60.0, 167.67977668606895], [52.0, 2.0, 2.0, 60.0, 174.34828881122837], [52.0, 2.0, 2.0, 60.0, 181.30260874245792], [445.0, 2.0, 1.0, 30.0, 186.72302338228388], [68.0, 2.0, 2.0, 60.0, 187.08816512218607], [55.0, 2.0, 2.0, 60.0, 192.75850263079985], [27.0, 2.0, 2.0, 60.0, 199.5301925701257], [129.0, 1.0, 1.0, 30.0, 205.14039082741283], [45.0, 2.0, 2.0, 60.0, 206.54063642859495], [22.0, 2.0, 1.0, 30.0, 208.1453173837751], [17.0, 1.0, 1.0, 30.0, 208.9739969202831], [24.0, 3.0, 1.0, 30.0, 210.74581448374042], [18.0, 1.0, 1.0, 30.0, 210.85151326578935], [59.0, 2.0, 3.0, 120.0, 211.68829524636791], [58.0, 2.0, 2.0, 60.0, 218.2635794691037], [79.0, 2.0, 2.0, 60.0, 238.24236082502787], [79.0, 1.0, 2.0, 60.0, 241.06005128697106], [91.0, 1.0, 1.0, 30.0, 242.4802497949752], [62.0, 2.0, 2.0, 60.0, 244.4690310645114], [134.0, 3.0, 2.0, 60.0, 246.27574217918595], [80.0, 2.0, 2.0, 60.0, 246.92391019530396], [22.0, 2.0, 2.0, 60.0, 252.340535869662], [79.0, 1.0, 1.0, 30.0, 259.21978013724924], [107.0, 2.0, 2.0, 60.0, 266.7588257904633], [53.0, 2.0, 2.0, 60.0, 293.3082397692622], [55.0, 3.0, 1.0, 30.0, 303.841540943146], [17.0, 1.0, 1.0, 30.0, 312.06587014562393], [46.0, 3.0, 2.0, 60.0, 317.28332755550696], [84.0, 1.0, 1.0, 30.0, 320.2459485503109], [29.0, 3.0, 1.0, 30.0, 320.46821633167013], [93.0, 2.0, 2.0, 60.0, 325.25123026577114], [10.0, 1.0, 1.0, 30.0, 328.35814570323583], [72.0, 3.0, 1.0, 30.0, 335.8979525787838], [105.0, 1.0, 2.0, 60.0, 346.037960484565], [9.0, 3.0, 1.0, 30.0, 347.69830455805135], [66.0, 2.0, 1.0, 30.0, 347.94705816407], [12.0, 2.0, 2.0, 60.0, 352.5711693396838], [64.0, 1.0, 2.0, 60.0, 365.3382663386541], [134.0, 3.0, 2.0, 60.0, 369.44362432169635], [99.0, 2.0, 2.0, 60.0, 380.09833875091823], [28.0, 1.0, 1.0, 30.0, 383.8634124776174], [86.0, 2.0, 2.0, 60.0, 390.4333827158369], [100.0, 3.0, 3.0, 120.0, 391.8772976892559], [111.0, 1.0, 1.0, 30.0, 392.54938394344936], [19.0, 1.0, 1.0, 30.0, 393.26178810715084], [100.0, 3.0, 3.0, 120.0, 393.85019969752625], [47.0, 2.0, 2.0, 60.0, 394.1235652920939], [100.0, 2.0, 3.0, 120.0, 402.7065312495663], [272.0, 1.0, 1.0, 30.0, 404.9496062434009], [40.0, 2.0, 2.0, 60.0, 406.8802625567264], [81.0, 1.0, 2.0, 60.0, 411.5550592296831], [13.0, 2.0, 2.0, 60.0, 412.491396507024], [60.0, 2.0, 2.0, 60.0, 422.0828587162822], [92.0, 2.0, 2.0, 60.0, 428.54263891348444], [5.0, 1.0, 1.0, 30.0, 430.18884989348794], [32.0, 2.0, 2.0, 60.0, 431.1918089653501], [115.0, 3.0, 1.0, 30.0, 433.84690701169285]]","[61, 62, 63, 66, 67, 68, 69]","[[2, 0, 2, 0], [0], [0, 3, 2, 0]]","[2, 2, 2, 0, 0, 0, 0]",200,10
71,205.30096700191498,0.013296031951904297,0.45761951455911654,19.765827307630595,9.382002187734232,51.72115153223633,86.9906338246731,2233.9767357231262,2820.1375259720594,2,0.3048571428571429,0.5538329017961565,0.06436328907682312,"[2, 0, 0]","[44.369682780408944, 20.850186861435468, 28.614098199118]",6,6000,"[[ 0.          9.40533301 11.30221721  9.72454172  9.13176131]
 [ 9.40533301  0.          1.8968842   1.16666043  0.71264459]
 [11.30221721  1.8968842   0.          2.21380506  2.60952879]
 [ 9.72454172  1.16666043  2.21380506  0.          1.03185331]
 [ 9.13176131  0.71264459  2.60952879  1.03185331  0.        ]]","[[20.0, 2.0, 2.0, 60.0, 0.0], [45.0, 1.0, 2.0, 60.0, 0.0], [100.0, 2.0, 2.0, 60.0, 0.0], [46.0, 2.0, 1.0, 30.0, 0.0], [29.0, 3.0, 1.0, 30.0, 0.0], [89.0, 2.0, 2.0, 60.0, 0.0], [21.0, 1.0, 2.0, 60.0, 0.0], [110.0, 1.0, 1.0, 30.0, 0.0], [30.0, 2.0, 2.0, 60.0, 0.0], [53.0, 2.0, 2.0, 60.0, 0.0], [35.0, 3.0, 1.0, 30.0, 0.0], [29.0, 3.0, 1.0, 30.0, 0.0], [85.0, 3.0, 2.0, 60.0, 0.0], [21.0, 3.0, 2.0, 60.0, 0.0], [48.0, 2.0, 2.0, 60.0, 0.0], [45.0, 2.0, 2.0, 60.0, 0.0], [88.0, 3.0, 3.0, 120.0, 0.0], [58.0, 2.0, 2.0, 60.0, 0.0], [141.0, 1.0, 2.0, 60.0, 0.0], [445.0, 1.0, 1.0, 30.0, 0.0], [55.0, 2.0, 2.0, 60.0, 0.0], [100.0, 1.0, 3.0, 120.0, 0.0], [25.0, 2.0, 2.0, 60.0, 0.0], [4.0, 1.0, 1.0, 30.0, 0.0], [73.0, 3.0, 2.0, 60.0, 12.021043019829973], [11.0, 1.0, 2.0, 60.0, 23.70199129895224], [24.0, 2.0, 2.0, 60.0, 35.625796298323515], [80.0, 2.0, 2.0, 60.0, 37.02476774758143], [16.0, 2.0, 1.0, 30.0, 37.456954746073315], [45.0, 2.0, 2.0, 60.0, 44.72025732460407], [47.0, 2.0, 2.0, 60.0, 51.770060795891936], [104.0, 2.0, 2.0, 60.0, 67.39154057863942], [79.0, 2.0, 2.0, 60.0, 67.78801156455697], [65.0, 2.0, 2.0, 60.0, 73.02081579727279], [10.0, 3.0, 1.0, 30.0, 73.37299733126183], [92.0, 2.0, 2.0, 60.0, 78.81811547138163], [34.0, 2.0, 2.0, 60.0, 87.47475223580068], [23.0, 1.0, 1.0, 30.0, 89.40922635875023], [55.0, 2.0, 2.0, 60.0, 95.5671546720581], [184.0, 3.0, 2.0, 60.0, 96.33602094118923], [121.0, 3.0, 2.0, 60.0, 96.7939072781402], [61.0, 2.0, 2.0, 60.0, 98.36980328880216], [90.0, 2.0, 2.0, 60.0, 102.87579966565295], [18.0, 1.0, 1.0, 30.0, 104.9407263143454], [13.0, 1.0, 1.0, 30.0, 111.17765606341352], [184.0, 2.0, 2.0, 60.0, 112.29553792447513], [59.0, 3.0, 2.0, 60.0, 121.48538924519744], [87.0, 3.0, 1.0, 30.0, 127.62081856126873], [76.0, 1.0, 1.0, 30.0, 130.89979933108373], [64.0, 2.0, 2.0, 60.0, 132.98523286264282], [79.0, 1.0, 1.0, 30.0, 135.25183130913413], [74.0, 1.0, 1.0, 30.0, 135.6372170444124], [132.0, 1.0, 1.0, 30.0, 136.53537831628518], [13.0, 1.0, 1.0, 30.0, 139.96198057430644], [37.0, 1.0, 1.0, 30.0, 141.90538175510554], [3.0, 1.0, 2.0, 60.0, 148.22641604293108], [105.0, 1.0, 1.0, 30.0, 151.7688691800117], [19.0, 2.0, 2.0, 60.0, 152.9585189515018], [17.0, 2.0, 2.0, 60.0, 155.26396063278915], [45.0, 3.0, 2.0, 60.0, 158.4717443187417], [41.0, 2.0, 2.0, 60.0, 160.19091112593068], [14.0, 3.0, 2.0, 60.0, 161.80046723046223], [40.0, 2.0, 2.0, 60.0, 166.19504064142495], [119.0, 2.0, 2.0, 60.0, 167.67977668606895], [52.0, 2.0, 2.0, 60.0, 174.34828881122837], [52.0, 2.0, 2.0, 60.0, 181.30260874245792], [445.0, 2.0, 1.0, 30.0, 186.72302338228388], [68.0, 2.0, 2.0, 60.0, 187.08816512218607], [55.0, 2.0, 2.0, 60.0, 192.75850263079985], [27.0, 2.0, 2.0, 60.0, 199.5301925701257], [129.0, 1.0, 1.0, 30.0, 205.14039082741283], [45.0, 2.0, 2.0, 60.0, 206.54063642859495], [22.0, 2.0, 1.0, 30.0, 208.1453173837751], [17.0, 1.0, 1.0, 30.0, 208.9739969202831], [24.0, 3.0, 1.0, 30.0, 210.74581448374042], [18.0, 1.0, 1.0, 30.0, 210.85151326578935], [59.0, 2.0, 3.0, 120.0, 211.68829524636791], [58.0, 2.0, 2.0, 60.0, 218.2635794691037], [79.0, 2.0, 2.0, 60.0, 238.24236082502787], [79.0, 1.0, 2.0, 60.0, 241.06005128697106], [91.0, 1.0, 1.0, 30.0, 242.4802497949752], [62.0, 2.0, 2.0, 60.0, 244.4690310645114], [134.0, 3.0, 2.0, 60.0, 246.27574217918595], [80.0, 2.0, 2.0, 60.0, 246.92391019530396], [22.0, 2.0, 2.0, 60.0, 252.340535869662], [79.0, 1.0, 1.0, 30.0, 259.21978013724924], [107.0, 2.0, 2.0, 60.0, 266.7588257904633], [53.0, 2.0, 2.0, 60.0, 293.3082397692622], [55.0, 3.0, 1.0, 30.0, 303.841540943146], [17.0, 1.0, 1.0, 30.0, 312.06587014562393], [46.0, 3.0, 2.0, 60.0, 317.28332755550696], [84.0, 1.0, 1.0, 30.0, 320.2459485503109], [29.0, 3.0, 1.0, 30.0, 320.46821633167013], [93.0, 2.0, 2.0, 60.0, 325.25123026577114], [10.0, 1.0, 1.0, 30.0, 328.35814570323583], [72.0, 3.0, 1.0, 30.0, 335.8979525787838], [105.0, 1.0, 2.0, 60.0, 346.037960484565], [9.0, 3.0, 1.0, 30.0, 347.69830455805135], [66.0, 2.0, 1.0, 30.0, 347.94705816407], [12.0, 2.0, 2.0, 60.0, 352.5711693396838], [64.0, 1.0, 2.0, 60.0, 365.3382663386541], [134.0, 3.0, 2.0, 60.0, 369.44362432169635], [99.0, 2.0, 2.0, 60.0, 380.09833875091823], [28.0, 1.0, 1.0, 30.0, 383.8634124776174], [86.0, 2.0, 2.0, 60.0, 390.4333827158369], [100.0, 3.0, 3.0, 120.0, 391.8772976892559], [111.0, 1.0, 1.0, 30.0, 392.54938394344936], [19.0, 1.0, 1.0, 30.0, 393.26178810715084], [100.0, 3.0, 3.0, 120.0, 393.85019969752625], [47.0, 2.0, 2.0, 60.0, 394.1235652920939], [100.0, 2.0, 3.0, 120.0, 402.7065312495663], [272.0, 1.0, 1.0, 30.0, 404.9496062434009], [40.0, 2.0, 2.0, 60.0, 406.8802625567264], [81.0, 1.0, 2.0, 60.0, 411.5550592296831], [13.0, 2.0, 2.0, 60.0, 412.491396507024], [60.0, 2.0, 2.0, 60.0, 422.0828587162822], [92.0, 2.0, 2.0, 60.0, 428.54263891348444], [5.0, 1.0, 1.0, 30.0, 430.18884989348794], [32.0, 2.0, 2.0, 60.0, 431.1918089653501], [115.0, 3.0, 1.0, 30.0, 433.84690701169285]]","[61, 62, 63, 66, 67, 68, 69, 70]","[[2, 0, 2, 0], [0], [0, 2, 3, 1, 0]]","[2, 2, 2, 0, 2, 0, 0, 2]",200,10
72,207.3142630338669,0.014344775676727295,0.5954597692814795,21.724752262266794,11.216078188786094,65.94696228658475,423.02374890893714,2406.0087549724335,3099.8395521130074,1,0.34140873015873013,0.5978669410701145,0.057409606323809405,"[2, 0, 0]","[44.369682780408944, 22.86348289338737, 28.614098199118]",6,6000,"[[ 0.          9.17808101 11.07496521  9.49728972  8.90450931]
 [ 9.17808101  0.          1.8968842   1.16666043  0.71264459]
 [11.07496521  1.8968842   0.          2.21380506  2.60952879]
 [ 9.49728972  1.16666043  2.21380506  0.          1.03185331]
 [ 8.90450931  0.71264459  2.60952879  1.03185331  0.        ]]","[[20.0, 2.0, 2.0, 60.0, 0.0], [45.0, 1.0, 2.0, 60.0, 0.0], [100.0, 2.0, 2.0, 60.0, 0.0], [46.0, 2.0, 1.0, 30.0, 0.0], [29.0, 3.0, 1.0, 30.0, 0.0], [89.0, 2.0, 2.0, 60.0, 0.0], [21.0, 1.0, 2.0, 60.0, 0.0], [110.0, 1.0, 1.0, 30.0, 0.0], [30.0, 2.0, 2.0, 60.0, 0.0], [53.0, 2.0, 2.0, 60.0, 0.0], [35.0, 3.0, 1.0, 30.0, 0.0], [29.0, 3.0, 1.0, 30.0, 0.0], [85.0, 3.0, 2.0, 60.0, 0.0], [21.0, 3.0, 2.0, 60.0, 0.0], [48.0, 2.0, 2.0, 60.0, 0.0], [45.0, 2.0, 2.0, 60.0, 0.0], [88.0, 3.0, 3.0, 120.0, 0.0], [58.0, 2.0, 2.0, 60.0, 0.0], [141.0, 1.0, 2.0, 60.0, 0.0], [445.0, 1.0, 1.0, 30.0, 0.0], [55.0, 2.0, 2.0, 60.0, 0.0], [100.0, 1.0, 3.0, 120.0, 0.0], [25.0, 2.0, 2.0, 60.0, 0.0], [4.0, 1.0, 1.0, 30.0, 0.0], [73.0, 3.0, 2.0, 60.0, 12.021043019829973], [11.0, 1.0, 2.0, 60.0, 23.70199129895224], [24.0, 2.0, 2.0, 60.0, 35.625796298323515], [80.0, 2.0, 2.0, 60.0, 37.02476774758143], [16.0, 2.0, 1.0, 30.0, 37.456954746073315], [45.0, 2.0, 2.0, 60.0, 44.72025732460407], [47.0, 2.0, 2.0, 60.0, 51.770060795891936], [104.0, 2.0, 2.0, 60.0, 67.39154057863942], [79.0, 2.0, 2.0, 60.0, 67.78801156455697], [65.0, 2.0, 2.0, 60.0, 73.02081579727279], [10.0, 3.0, 1.0, 30.0, 73.37299733126183], [92.0, 2.0, 2.0, 60.0, 78.81811547138163], [34.0, 2.0, 2.0, 60.0, 87.47475223580068], [23.0, 1.0, 1.0, 30.0, 89.40922635875023], [55.0, 2.0, 2.0, 60.0, 95.5671546720581], [184.0, 3.0, 2.0, 60.0, 96.33602094118923], [121.0, 3.0, 2.0, 60.0, 96.7939072781402], [61.0, 2.0, 2.0, 60.0, 98.36980328880216], [90.0, 2.0, 2.0, 60.0, 102.87579966565295], [18.0, 1.0, 1.0, 30.0, 104.9407263143454], [13.0, 1.0, 1.0, 30.0, 111.17765606341352], [184.0, 2.0, 2.0, 60.0, 112.29553792447513], [59.0, 3.0, 2.0, 60.0, 121.48538924519744], [87.0, 3.0, 1.0, 30.0, 127.62081856126873], [76.0, 1.0, 1.0, 30.0, 130.89979933108373], [64.0, 2.0, 2.0, 60.0, 132.98523286264282], [79.0, 1.0, 1.0, 30.0, 135.25183130913413], [74.0, 1.0, 1.0, 30.0, 135.6372170444124], [132.0, 1.0, 1.0, 30.0, 136.53537831628518], [13.0, 1.0, 1.0, 30.0, 139.96198057430644], [37.0, 1.0, 1.0, 30.0, 141.90538175510554], [3.0, 1.0, 2.0, 60.0, 148.22641604293108], [105.0, 1.0, 1.0, 30.0, 151.7688691800117], [19.0, 2.0, 2.0, 60.0, 152.9585189515018], [17.0, 2.0, 2.0, 60.0, 155.26396063278915], [45.0, 3.0, 2.0, 60.0, 158.4717443187417], [41.0, 2.0, 2.0, 60.0, 160.19091112593068], [14.0, 3.0, 2.0, 60.0, 161.80046723046223], [40.0, 2.0, 2.0, 60.0, 166.19504064142495], [119.0, 2.0, 2.0, 60.0, 167.67977668606895], [52.0, 2.0, 2.0, 60.0, 174.34828881122837], [52.0, 2.0, 2.0, 60.0, 181.30260874245792], [445.0, 2.0, 1.0, 30.0, 186.72302338228388], [68.0, 2.0, 2.0, 60.0, 187.08816512218607], [55.0, 2.0, 2.0, 60.0, 192.75850263079985], [27.0, 2.0, 2.0, 60.0, 199.5301925701257], [129.0, 1.0, 1.0, 30.0, 205.14039082741283], [45.0, 2.0, 2.0, 60.0, 206.54063642859495], [22.0, 2.0, 1.0, 30.0, 208.1453173837751], [17.0, 1.0, 1.0, 30.0, 208.9739969202831], [24.0, 3.0, 1.0, 30.0, 210.74581448374042], [18.0, 1.0, 1.0, 30.0, 210.85151326578935], [59.0, 2.0, 3.0, 120.0, 211.68829524636791], [58.0, 2.0, 2.0, 60.0, 218.2635794691037], [79.0, 2.0, 2.0, 60.0, 238.24236082502787], [79.0, 1.0, 2.0, 60.0, 241.06005128697106], [91.0, 1.0, 1.0, 30.0, 242.4802497949752], [62.0, 2.0, 2.0, 60.0, 244.4690310645114], [134.0, 3.0, 2.0, 60.0, 246.27574217918595], [80.0, 2.0, 2.0, 60.0, 246.92391019530396], [22.0, 2.0, 2.0, 60.0, 252.340535869662], [79.0, 1.0, 1.0, 30.0, 259.21978013724924], [107.0, 2.0, 2.0, 60.0, 266.7588257904633], [53.0, 2.0, 2.0, 60.0, 293.3082397692622], [55.0, 3.0, 1.0, 30.0, 303.841540943146], [17.0, 1.0, 1.0, 30.0, 312.06587014562393], [46.0, 3.0, 2.0, 60.0, 317.28332755550696], [84.0, 1.0, 1.0, 30.0, 320.2459485503109], [29.0, 3.0, 1.0, 30.0, 320.46821633167013], [93.0, 2.0, 2.0, 60.0, 325.25123026577114], [10.0, 1.0, 1.0, 30.0, 328.35814570323583], [72.0, 3.0, 1.0, 30.0, 335.8979525787838], [105.0, 1.0, 2.0, 60.0, 346.037960484565], [9.0, 3.0, 1.0, 30.0, 347.69830455805135], [66.0, 2.0, 1.0, 30.0, 347.94705816407], [12.0, 2.0, 2.0, 60.0, 352.5711693396838], [64.0, 1.0, 2.0, 60.0, 365.3382663386541], [134.0, 3.0, 2.0, 60.0, 369.44362432169635], [99.0, 2.0, 2.0, 60.0, 380.09833875091823], [28.0, 1.0, 1.0, 30.0, 383.8634124776174], [86.0, 2.0, 2.0, 60.0, 390.4333827158369], [100.0, 3.0, 3.0, 120.0, 391.8772976892559], [111.0, 1.0, 1.0, 30.0, 392.54938394344936], [19.0, 1.0, 1.0, 30.0, 393.26178810715084], [100.0, 3.0, 3.0, 120.0, 393.85019969752625], [47.0, 2.0, 2.0, 60.0, 394.1235652920939], [100.0, 2.0, 3.0, 120.0, 402.7065312495663], [272.0, 1.0, 1.0, 30.0, 404.9496062434009], [40.0, 2.0, 2.0, 60.0, 406.8802625567264], [81.0, 1.0, 2.0, 60.0, 411.5550592296831], [13.0, 2.0, 2.0, 60.0, 412.491396507024], [60.0, 2.0, 2.0, 60.0, 422.0828587162822], [92.0, 2.0, 2.0, 60.0, 428.54263891348444], [5.0, 1.0, 1.0, 30.0, 430.18884989348794], [32.0, 2.0, 2.0, 60.0, 431.1918089653501], [115.0, 3.0, 1.0, 30.0, 433.84690701169285]]","[61, 62, 63, 66, 67, 68, 69, 70, 71]","[[2, 0, 2, 0], [0], [0, 3, 2, 1, 0]]","[2, 2, 2, 0, 0, 2, 2, 2, 0]",200,10
73,208.32860780954363,0.013113693396250407,0.4662203487763649,26.38645853780736,11.892393828440902,51.922615698262966,183.56103634354622,2938.640387303009,3675.6814286994922,3,0.3719880952380953,0.6126996865443357,0.062518122535861,"[0, 0, 0]","[44.453920349931636, 23.877827669064096, 28.614098199118]",6,6000,"[[ 0.          9.2400419  11.1369261   9.55925061  8.9664702 ]
 [ 9.2400419   0.          1.8968842   1.16666043  0.71264459]
 [11.1369261   1.8968842   0.          2.21380506  2.60952879]
 [ 9.55925061  1.16666043  2.21380506  0.          1.03185331]
 [ 8.9664702   0.71264459  2.60952879  1.03185331  0.        ]]","[[20.0, 2.0, 2.0, 60.0, 0.0], [45.0, 1.0, 2.0, 60.0, 0.0], [100.0, 2.0, 2.0, 60.0, 0.0], [46.0, 2.0, 1.0, 30.0, 0.0], [29.0, 3.0, 1.0, 30.0, 0.0], [89.0, 2.0, 2.0, 60.0, 0.0], [21.0, 1.0, 2.0, 60.0, 0.0], [110.0, 1.0, 1.0, 30.0, 0.0], [30.0, 2.0, 2.0, 60.0, 0.0], [53.0, 2.0, 2.0, 60.0, 0.0], [35.0, 3.0, 1.0, 30.0, 0.0], [29.0, 3.0, 1.0, 30.0, 0.0], [85.0, 3.0, 2.0, 60.0, 0.0], [21.0, 3.0, 2.0, 60.0, 0.0], [48.0, 2.0, 2.0, 60.0, 0.0], [45.0, 2.0, 2.0, 60.0, 0.0], [88.0, 3.0, 3.0, 120.0, 0.0], [58.0, 2.0, 2.0, 60.0, 0.0], [141.0, 1.0, 2.0, 60.0, 0.0], [445.0, 1.0, 1.0, 30.0, 0.0], [55.0, 2.0, 2.0, 60.0, 0.0], [100.0, 1.0, 3.0, 120.0, 0.0], [25.0, 2.0, 2.0, 60.0, 0.0], [4.0, 1.0, 1.0, 30.0, 0.0], [73.0, 3.0, 2.0, 60.0, 12.021043019829973], [11.0, 1.0, 2.0, 60.0, 23.70199129895224], [24.0, 2.0, 2.0, 60.0, 35.625796298323515], [80.0, 2.0, 2.0, 60.0, 37.02476774758143], [16.0, 2.0, 1.0, 30.0, 37.456954746073315], [45.0, 2.0, 2.0, 60.0, 44.72025732460407], [47.0, 2.0, 2.0, 60.0, 51.770060795891936], [104.0, 2.0, 2.0, 60.0, 67.39154057863942], [79.0, 2.0, 2.0, 60.0, 67.78801156455697], [65.0, 2.0, 2.0, 60.0, 73.02081579727279], [10.0, 3.0, 1.0, 30.0, 73.37299733126183], [92.0, 2.0, 2.0, 60.0, 78.81811547138163], [34.0, 2.0, 2.0, 60.0, 87.47475223580068], [23.0, 1.0, 1.0, 30.0, 89.40922635875023], [55.0, 2.0, 2.0, 60.0, 95.5671546720581], [184.0, 3.0, 2.0, 60.0, 96.33602094118923], [121.0, 3.0, 2.0, 60.0, 96.7939072781402], [61.0, 2.0, 2.0, 60.0, 98.36980328880216], [90.0, 2.0, 2.0, 60.0, 102.87579966565295], [18.0, 1.0, 1.0, 30.0, 104.9407263143454], [13.0, 1.0, 1.0, 30.0, 111.17765606341352], [184.0, 2.0, 2.0, 60.0, 112.29553792447513], [59.0, 3.0, 2.0, 60.0, 121.48538924519744], [87.0, 3.0, 1.0, 30.0, 127.62081856126873], [76.0, 1.0, 1.0, 30.0, 130.89979933108373], [64.0, 2.0, 2.0, 60.0, 132.98523286264282], [79.0, 1.0, 1.0, 30.0, 135.25183130913413], [74.0, 1.0, 1.0, 30.0, 135.6372170444124], [132.0, 1.0, 1.0, 30.0, 136.53537831628518], [13.0, 1.0, 1.0, 30.0, 139.96198057430644], [37.0, 1.0, 1.0, 30.0, 141.90538175510554], [3.0, 1.0, 2.0, 60.0, 148.22641604293108], [105.0, 1.0, 1.0, 30.0, 151.7688691800117], [19.0, 2.0, 2.0, 60.0, 152.9585189515018], [17.0, 2.0, 2.0, 60.0, 155.26396063278915], [45.0, 3.0, 2.0, 60.0, 158.4717443187417], [41.0, 2.0, 2.0, 60.0, 160.19091112593068], [14.0, 3.0, 2.0, 60.0, 161.80046723046223], [40.0, 2.0, 2.0, 60.0, 166.19504064142495], [119.0, 2.0, 2.0, 60.0, 167.67977668606895], [52.0, 2.0, 2.0, 60.0, 174.34828881122837], [52.0, 2.0, 2.0, 60.0, 181.30260874245792], [445.0, 2.0, 1.0, 30.0, 186.72302338228388], [68.0, 2.0, 2.0, 60.0, 187.08816512218607], [55.0, 2.0, 2.0, 60.0, 192.75850263079985], [27.0, 2.0, 2.0, 60.0, 199.5301925701257], [129.0, 1.0, 1.0, 30.0, 205.14039082741283], [45.0, 2.0, 2.0, 60.0, 206.54063642859495], [22.0, 2.0, 1.0, 30.0, 208.1453173837751], [17.0, 1.0, 1.0, 30.0, 208.9739969202831], [24.0, 3.0, 1.0, 30.0, 210.74581448374042], [18.0, 1.0, 1.0, 30.0, 210.85151326578935], [59.0, 2.0, 3.0, 120.0, 211.68829524636791], [58.0, 2.0, 2.0, 60.0, 218.2635794691037], [79.0, 2.0, 2.0, 60.0, 238.24236082502787], [79.0, 1.0, 2.0, 60.0, 241.06005128697106], [91.0, 1.0, 1.0, 30.0, 242.4802497949752], [62.0, 2.0, 2.0, 60.0, 244.4690310645114], [134.0, 3.0, 2.0, 60.0, 246.27574217918595], [80.0, 2.0, 2.0, 60.0, 246.92391019530396], [22.0, 2.0, 2.0, 60.0, 252.340535869662], [79.0, 1.0, 1.0, 30.0, 259.21978013724924], [107.0, 2.0, 2.0, 60.0, 266.7588257904633], [53.0, 2.0, 2.0, 60.0, 293.3082397692622], [55.0, 3.0, 1.0, 30.0, 303.841540943146], [17.0, 1.0, 1.0, 30.0, 312.06587014562393], [46.0, 3.0, 2.0, 60.0, 317.28332755550696], [84.0, 1.0, 1.0, 30.0, 320.2459485503109], [29.0, 3.0, 1.0, 30.0, 320.46821633167013], [93.0, 2.0, 2.0, 60.0, 325.25123026577114], [10.0, 1.0, 1.0, 30.0, 328.35814570323583], [72.0, 3.0, 1.0, 30.0, 335.8979525787838], [105.0, 1.0, 2.0, 60.0, 346.037960484565], [9.0, 3.0, 1.0, 30.0, 347.69830455805135], [66.0, 2.0, 1.0, 30.0, 347.94705816407], [12.0, 2.0, 2.0, 60.0, 352.5711693396838], [64.0, 1.0, 2.0, 60.0, 365.3382663386541], [134.0, 3.0, 2.0, 60.0, 369.44362432169635], [99.0, 2.0, 2.0, 60.0, 380.09833875091823], [28.0, 1.0, 1.0, 30.0, 383.8634124776174], [86.0, 2.0, 2.0, 60.0, 390.4333827158369], [100.0, 3.0, 3.0, 120.0, 391.8772976892559], [111.0, 1.0, 1.0, 30.0, 392.54938394344936], [19.0, 1.0, 1.0, 30.0, 393.26178810715084], [100.0, 3.0, 3.0, 120.0, 393.85019969752625], [47.0, 2.0, 2.0, 60.0, 394.1235652920939], [100.0, 2.0, 3.0, 120.0, 402.7065312495663], [272.0, 1.0, 1.0, 30.0, 404.9496062434009], [40.0, 2.0, 2.0, 60.0, 406.8802625567264], [81.0, 1.0, 2.0, 60.0, 411.5550592296831], [13.0, 2.0, 2.0, 60.0, 412.491396507024], [60.0, 2.0, 2.0, 60.0, 422.0828587162822], [92.0, 2.0, 2.0, 60.0, 428.54263891348444], [5.0, 1.0, 1.0, 30.0, 430.18884989348794], [32.0, 2.0, 2.0, 60.0, 431.1918089653501], [115.0, 3.0, 1.0, 30.0, 433.84690701169285]]","[61, 62, 63, 66, 67, 68, 69, 70, 71, 72]","[[0, 2, 0], [0, 2, 0], [0, 1, 3, 2, 0]]","[2, 2, 2, 1, 0, 1, 2, 2, 0, 0]",200,10
74,209.3417215029399,0.015234927336374918,0.38144589085196634,11.790736024155008,8.95894837728088,42.51924531915077,184.94114835939513,1314.297019649781,2170.3097258498324,2,0.22544372294372295,0.56969620437448,0.03314776814166202,"[0, 0, 0]","[45.467034043327885, 24.890941362460346, 28.614098199118]",6,6000,"[[ 0.          9.24997734 11.14686154  9.56918606  8.97640565]
 [ 9.24997734  0.          1.8968842   1.16666043  0.71264459]
 [11.14686154  1.8968842   0.          2.21380506  2.60952879]
 [ 9.56918606  1.16666043  2.21380506  0.          1.03185331]
 [ 8.97640565  0.71264459  2.60952879  1.03185331  0.        ]]","[[20.0, 2.0, 2.0, 60.0, 0.0], [45.0, 1.0, 2.0, 60.0, 0.0], [100.0, 2.0, 2.0, 60.0, 0.0], [46.0, 2.0, 1.0, 30.0, 0.0], [29.0, 3.0, 1.0, 30.0, 0.0], [89.0, 2.0, 2.0, 60.0, 0.0], [21.0, 1.0, 2.0, 60.0, 0.0], [110.0, 1.0, 1.0, 30.0, 0.0], [30.0, 2.0, 2.0, 60.0, 0.0], [53.0, 2.0, 2.0, 60.0, 0.0], [35.0, 3.0, 1.0, 30.0, 0.0], [29.0, 3.0, 1.0, 30.0, 0.0], [85.0, 3.0, 2.0, 60.0, 0.0], [21.0, 3.0, 2.0, 60.0, 0.0], [48.0, 2.0, 2.0, 60.0, 0.0], [45.0, 2.0, 2.0, 60.0, 0.0], [88.0, 3.0, 3.0, 120.0, 0.0], [58.0, 2.0, 2.0, 60.0, 0.0], [141.0, 1.0, 2.0, 60.0, 0.0], [445.0, 1.0, 1.0, 30.0, 0.0], [55.0, 2.0, 2.0, 60.0, 0.0], [100.0, 1.0, 3.0, 120.0, 0.0], [25.0, 2.0, 2.0, 60.0, 0.0], [4.0, 1.0, 1.0, 30.0, 0.0], [73.0, 3.0, 2.0, 60.0, 12.021043019829973], [11.0, 1.0, 2.0, 60.0, 23.70199129895224], [24.0, 2.0, 2.0, 60.0, 35.625796298323515], [80.0, 2.0, 2.0, 60.0, 37.02476774758143], [16.0, 2.0, 1.0, 30.0, 37.456954746073315], [45.0, 2.0, 2.0, 60.0, 44.72025732460407], [47.0, 2.0, 2.0, 60.0, 51.770060795891936], [104.0, 2.0, 2.0, 60.0, 67.39154057863942], [79.0, 2.0, 2.0, 60.0, 67.78801156455697], [65.0, 2.0, 2.0, 60.0, 73.02081579727279], [10.0, 3.0, 1.0, 30.0, 73.37299733126183], [92.0, 2.0, 2.0, 60.0, 78.81811547138163], [34.0, 2.0, 2.0, 60.0, 87.47475223580068], [23.0, 1.0, 1.0, 30.0, 89.40922635875023], [55.0, 2.0, 2.0, 60.0, 95.5671546720581], [184.0, 3.0, 2.0, 60.0, 96.33602094118923], [121.0, 3.0, 2.0, 60.0, 96.7939072781402], [61.0, 2.0, 2.0, 60.0, 98.36980328880216], [90.0, 2.0, 2.0, 60.0, 102.87579966565295], [18.0, 1.0, 1.0, 30.0, 104.9407263143454], [13.0, 1.0, 1.0, 30.0, 111.17765606341352], [184.0, 2.0, 2.0, 60.0, 112.29553792447513], [59.0, 3.0, 2.0, 60.0, 121.48538924519744], [87.0, 3.0, 1.0, 30.0, 127.62081856126873], [76.0, 1.0, 1.0, 30.0, 130.89979933108373], [64.0, 2.0, 2.0, 60.0, 132.98523286264282], [79.0, 1.0, 1.0, 30.0, 135.25183130913413], [74.0, 1.0, 1.0, 30.0, 135.6372170444124], [132.0, 1.0, 1.0, 30.0, 136.53537831628518], [13.0, 1.0, 1.0, 30.0, 139.96198057430644], [37.0, 1.0, 1.0, 30.0, 141.90538175510554], [3.0, 1.0, 2.0, 60.0, 148.22641604293108], [105.0, 1.0, 1.0, 30.0, 151.7688691800117], [19.0, 2.0, 2.0, 60.0, 152.9585189515018], [17.0, 2.0, 2.0, 60.0, 155.26396063278915], [45.0, 3.0, 2.0, 60.0, 158.4717443187417], [41.0, 2.0, 2.0, 60.0, 160.19091112593068], [14.0, 3.0, 2.0, 60.0, 161.80046723046223], [40.0, 2.0, 2.0, 60.0, 166.19504064142495], [119.0, 2.0, 2.0, 60.0, 167.67977668606895], [52.0, 2.0, 2.0, 60.0, 174.34828881122837], [52.0, 2.0, 2.0, 60.0, 181.30260874245792], [445.0, 2.0, 1.0, 30.0, 186.72302338228388], [68.0, 2.0, 2.0, 60.0, 187.08816512218607], [55.0, 2.0, 2.0, 60.0, 192.75850263079985], [27.0, 2.0, 2.0, 60.0, 199.5301925701257], [129.0, 1.0, 1.0, 30.0, 205.14039082741283], [45.0, 2.0, 2.0, 60.0, 206.54063642859495], [22.0, 2.0, 1.0, 30.0, 208.1453173837751], [17.0, 1.0, 1.0, 30.0, 208.9739969202831], [24.0, 3.0, 1.0, 30.0, 210.74581448374042], [18.0, 1.0, 1.0, 30.0, 210.85151326578935], [59.0, 2.0, 3.0, 120.0, 211.68829524636791], [58.0, 2.0, 2.0, 60.0, 218.2635794691037], [79.0, 2.0, 2.0, 60.0, 238.24236082502787], [79.0, 1.0, 2.0, 60.0, 241.06005128697106], [91.0, 1.0, 1.0, 30.0, 242.4802497949752], [62.0, 2.0, 2.0, 60.0, 244.4690310645114], [134.0, 3.0, 2.0, 60.0, 246.27574217918595], [80.0, 2.0, 2.0, 60.0, 246.92391019530396], [22.0, 2.0, 2.0, 60.0, 252.340535869662], [79.0, 1.0, 1.0, 30.0, 259.21978013724924], [107.0, 2.0, 2.0, 60.0, 266.7588257904633], [53.0, 2.0, 2.0, 60.0, 293.3082397692622], [55.0, 3.0, 1.0, 30.0, 303.841540943146], [17.0, 1.0, 1.0, 30.0, 312.06587014562393], [46.0, 3.0, 2.0, 60.0, 317.28332755550696], [84.0, 1.0, 1.0, 30.0, 320.2459485503109], [29.0, 3.0, 1.0, 30.0, 320.46821633167013], [93.0, 2.0, 2.0, 60.0, 325.25123026577114], [10.0, 1.0, 1.0, 30.0, 328.35814570323583], [72.0, 3.0, 1.0, 30.0, 335.8979525787838], [105.0, 1.0, 2.0, 60.0, 346.037960484565], [9.0, 3.0, 1.0, 30.0, 347.69830455805135], [66.0, 2.0, 1.0, 30.0, 347.94705816407], [12.0, 2.0, 2.0, 60.0, 352.5711693396838], [64.0, 1.0, 2.0, 60.0, 365.3382663386541], [134.0, 3.0, 2.0, 60.0, 369.44362432169635], [99.0, 2.0, 2.0, 60.0, 380.09833875091823], [28.0, 1.0, 1.0, 30.0, 383.8634124776174], [86.0, 2.0, 2.0, 60.0, 390.4333827158369], [100.0, 3.0, 3.0, 120.0, 391.8772976892559], [111.0, 1.0, 1.0, 30.0, 392.54938394344936], [19.0, 1.0, 1.0, 30.0, 393.26178810715084], [100.0, 3.0, 3.0, 120.0, 393.85019969752625], [47.0, 2.0, 2.0, 60.0, 394.1235652920939], [100.0, 2.0, 3.0, 120.0, 402.7065312495663], [272.0, 1.0, 1.0, 30.0, 404.9496062434009], [40.0, 2.0, 2.0, 60.0, 406.8802625567264], [81.0, 1.0, 2.0, 60.0, 411.5550592296831], [13.0, 2.0, 2.0, 60.0, 412.491396507024], [60.0, 2.0, 2.0, 60.0, 422.0828587162822], [92.0, 2.0, 2.0, 60.0, 428.54263891348444], [5.0, 1.0, 1.0, 30.0, 430.18884989348794], [32.0, 2.0, 2.0, 60.0, 431.1918089653501], [115.0, 3.0, 1.0, 30.0, 433.84690701169285]]","[61, 62, 63, 66, 67, 68, 69, 70, 71, 72, 73]","[[0, 2, 0], [0, 2, 0], [0, 3, 2, 1, 0]]","[2, 2, 2, 1, 0, 1, 1, 2, 0, 0, 2]",200,10
75,211.35695643027626,0.015824663639068603,0.38719666991233065,15.756842394826556,9.622793898064263,43.077400318838585,178.86075449135933,1753.0207781912923,2661.1678577709677,2,0.20488095238095239,0.49878544600843283,0.027764732924209168,"[0, 0, 0]","[47.48226897066426, 26.906176289796722, 28.614098199118]",6,6000,"[[ 0.          9.22857313 11.12545734  9.54778185  8.95649378]
 [ 9.22857313  0.          1.8968842   1.16666043  0.71504141]
 [11.12545734  1.8968842   0.          2.21380506  2.61192562]
 [ 9.54778185  1.16666043  2.21380506  0.          1.03425013]
 [ 8.95649378  0.71504141  2.61192562  1.03425013  0.        ]]","[[20.0, 2.0, 2.0, 60.0, 0.0], [45.0, 1.0, 2.0, 60.0, 0.0], [100.0, 2.0, 2.0, 60.0, 0.0], [46.0, 2.0, 1.0, 30.0, 0.0], [29.0, 3.0, 1.0, 30.0, 0.0], [89.0, 2.0, 2.0, 60.0, 0.0], [21.0, 1.0, 2.0, 60.0, 0.0], [110.0, 1.0, 1.0, 30.0, 0.0], [30.0, 2.0, 2.0, 60.0, 0.0], [53.0, 2.0, 2.0, 60.0, 0.0], [35.0, 3.0, 1.0, 30.0, 0.0], [29.0, 3.0, 1.0, 30.0, 0.0], [85.0, 3.0, 2.0, 60.0, 0.0], [21.0, 3.0, 2.0, 60.0, 0.0], [48.0, 2.0, 2.0, 60.0, 0.0], [45.0, 2.0, 2.0, 60.0, 0.0], [88.0, 3.0, 3.0, 120.0, 0.0], [58.0, 2.0, 2.0, 60.0, 0.0], [141.0, 1.0, 2.0, 60.0, 0.0], [445.0, 1.0, 1.0, 30.0, 0.0], [55.0, 2.0, 2.0, 60.0, 0.0], [100.0, 1.0, 3.0, 120.0, 0.0], [25.0, 2.0, 2.0, 60.0, 0.0], [4.0, 1.0, 1.0, 30.0, 0.0], [73.0, 3.0, 2.0, 60.0, 12.021043019829973], [11.0, 1.0, 2.0, 60.0, 23.70199129895224], [24.0, 2.0, 2.0, 60.0, 35.625796298323515], [80.0, 2.0, 2.0, 60.0, 37.02476774758143], [16.0, 2.0, 1.0, 30.0, 37.456954746073315], [45.0, 2.0, 2.0, 60.0, 44.72025732460407], [47.0, 2.0, 2.0, 60.0, 51.770060795891936], [104.0, 2.0, 2.0, 60.0, 67.39154057863942], [79.0, 2.0, 2.0, 60.0, 67.78801156455697], [65.0, 2.0, 2.0, 60.0, 73.02081579727279], [10.0, 3.0, 1.0, 30.0, 73.37299733126183], [92.0, 2.0, 2.0, 60.0, 78.81811547138163], [34.0, 2.0, 2.0, 60.0, 87.47475223580068], [23.0, 1.0, 1.0, 30.0, 89.40922635875023], [55.0, 2.0, 2.0, 60.0, 95.5671546720581], [184.0, 3.0, 2.0, 60.0, 96.33602094118923], [121.0, 3.0, 2.0, 60.0, 96.7939072781402], [61.0, 2.0, 2.0, 60.0, 98.36980328880216], [90.0, 2.0, 2.0, 60.0, 102.87579966565295], [18.0, 1.0, 1.0, 30.0, 104.9407263143454], [13.0, 1.0, 1.0, 30.0, 111.17765606341352], [184.0, 2.0, 2.0, 60.0, 112.29553792447513], [59.0, 3.0, 2.0, 60.0, 121.48538924519744], [87.0, 3.0, 1.0, 30.0, 127.62081856126873], [76.0, 1.0, 1.0, 30.0, 130.89979933108373], [64.0, 2.0, 2.0, 60.0, 132.98523286264282], [79.0, 1.0, 1.0, 30.0, 135.25183130913413], [74.0, 1.0, 1.0, 30.0, 135.6372170444124], [132.0, 1.0, 1.0, 30.0, 136.53537831628518], [13.0, 1.0, 1.0, 30.0, 139.96198057430644], [37.0, 1.0, 1.0, 30.0, 141.90538175510554], [3.0, 1.0, 2.0, 60.0, 148.22641604293108], [105.0, 1.0, 1.0, 30.0, 151.7688691800117], [19.0, 2.0, 2.0, 60.0, 152.9585189515018], [17.0, 2.0, 2.0, 60.0, 155.26396063278915], [45.0, 3.0, 2.0, 60.0, 158.4717443187417], [41.0, 2.0, 2.0, 60.0, 160.19091112593068], [14.0, 3.0, 2.0, 60.0, 161.80046723046223], [40.0, 2.0, 2.0, 60.0, 166.19504064142495], [119.0, 2.0, 2.0, 60.0, 167.67977668606895], [52.0, 2.0, 2.0, 60.0, 174.34828881122837], [52.0, 2.0, 2.0, 60.0, 181.30260874245792], [445.0, 2.0, 1.0, 30.0, 186.72302338228388], [68.0, 2.0, 2.0, 60.0, 187.08816512218607], [55.0, 2.0, 2.0, 60.0, 192.75850263079985], [27.0, 2.0, 2.0, 60.0, 199.5301925701257], [129.0, 1.0, 1.0, 30.0, 205.14039082741283], [45.0, 2.0, 2.0, 60.0, 206.54063642859495], [22.0, 2.0, 1.0, 30.0, 208.1453173837751], [17.0, 1.0, 1.0, 30.0, 208.9739969202831], [24.0, 3.0, 1.0, 30.0, 210.74581448374042], [18.0, 1.0, 1.0, 30.0, 210.85151326578935], [59.0, 2.0, 3.0, 120.0, 211.68829524636791], [58.0, 2.0, 2.0, 60.0, 218.2635794691037], [79.0, 2.0, 2.0, 60.0, 238.24236082502787], [79.0, 1.0, 2.0, 60.0, 241.06005128697106], [91.0, 1.0, 1.0, 30.0, 242.4802497949752], [62.0, 2.0, 2.0, 60.0, 244.4690310645114], [134.0, 3.0, 2.0, 60.0, 246.27574217918595], [80.0, 2.0, 2.0, 60.0, 246.92391019530396], [22.0, 2.0, 2.0, 60.0, 252.340535869662], [79.0, 1.0, 1.0, 30.0, 259.21978013724924], [107.0, 2.0, 2.0, 60.0, 266.7588257904633], [53.0, 2.0, 2.0, 60.0, 293.3082397692622], [55.0, 3.0, 1.0, 30.0, 303.841540943146], [17.0, 1.0, 1.0, 30.0, 312.06587014562393], [46.0, 3.0, 2.0, 60.0, 317.28332755550696], [84.0, 1.0, 1.0, 30.0, 320.2459485503109], [29.0, 3.0, 1.0, 30.0, 320.46821633167013], [93.0, 2.0, 2.0, 60.0, 325.25123026577114], [10.0, 1.0, 1.0, 30.0, 328.35814570323583], [72.0, 3.0, 1.0, 30.0, 335.8979525787838], [105.0, 1.0, 2.0, 60.0, 346.037960484565], [9.0, 3.0, 1.0, 30.0, 347.69830455805135], [66.0, 2.0, 1.0, 30.0, 347.94705816407], [12.0, 2.0, 2.0, 60.0, 352.5711693396838], [64.0, 1.0, 2.0, 60.0, 365.3382663386541], [134.0, 3.0, 2.0, 60.0, 369.44362432169635], [99.0, 2.0, 2.0, 60.0, 380.09833875091823], [28.0, 1.0, 1.0, 30.0, 383.8634124776174], [86.0, 2.0, 2.0, 60.0, 390.4333827158369], [100.0, 3.0, 3.0, 120.0, 391.8772976892559], [111.0, 1.0, 1.0, 30.0, 392.54938394344936], [19.0, 1.0, 1.0, 30.0, 393.26178810715084], [100.0, 3.0, 3.0, 120.0, 393.85019969752625], [47.0, 2.0, 2.0, 60.0, 394.1235652920939], [100.0, 2.0, 3.0, 120.0, 402.7065312495663], [272.0, 1.0, 1.0, 30.0, 404.9496062434009], [40.0, 2.0, 2.0, 60.0, 406.8802625567264], [81.0, 1.0, 2.0, 60.0, 411.5550592296831], [13.0, 2.0, 2.0, 60.0, 412.491396507024], [60.0, 2.0, 2.0, 60.0, 422.0828587162822], [92.0, 2.0, 2.0, 60.0, 428.54263891348444], [5.0, 1.0, 1.0, 30.0, 430.18884989348794], [32.0, 2.0, 2.0, 60.0, 431.1918089653501], [115.0, 3.0, 1.0, 30.0, 433.84690701169285]]","[61, 62, 63, 66, 67, 68, 69, 70, 71, 72, 73, 74, 75]","[[0, 1, 2, 0], [0, 2, 0], [0, 3, 2, 0]]","[2, 2, 2, 1, 0, 1, 1, 0, 0, 0, 0, 2, 0]",200,10
76,212.37278109391534,0.017274085680643717,0.2808883476923954,9.813102961894844,7.426051472130602,31.083798596030768,47.481846312833795,1085.9422207278358,2078.5104856069224,1,0.03964285714285713,0.068163630661656,0.03049832614780522,"[0, 0, 0]","[48.49809363430332, 27.92200095343579, 28.614098199118]",6,6000,"[[ 0.          9.16936289 11.06624709  9.66764546  8.95649378]
 [ 9.16936289  0.          1.8968842   1.21931462  0.65583117]
 [11.06624709  1.8968842   0.          2.21380506  2.55271537]
 [ 9.66764546  1.21931462  2.21380506  0.          1.15411374]
 [ 8.95649378  0.65583117  2.55271537  1.15411374  0.        ]]","[[20.0, 2.0, 2.0, 60.0, 0.0], [45.0, 1.0, 2.0, 60.0, 0.0], [100.0, 2.0, 2.0, 60.0, 0.0], [46.0, 2.0, 1.0, 30.0, 0.0], [29.0, 3.0, 1.0, 30.0, 0.0], [89.0, 2.0, 2.0, 60.0, 0.0], [21.0, 1.0, 2.0, 60.0, 0.0], [110.0, 1.0, 1.0, 30.0, 0.0], [30.0, 2.0, 2.0, 60.0, 0.0], [53.0, 2.0, 2.0, 60.0, 0.0], [35.0, 3.0, 1.0, 30.0, 0.0], [29.0, 3.0, 1.0, 30.0, 0.0], [85.0, 3.0, 2.0, 60.0, 0.0], [21.0, 3.0, 2.0, 60.0, 0.0], [48.0, 2.0, 2.0, 60.0, 0.0], [45.0, 2.0, 2.0, 60.0, 0.0], [88.0, 3.0, 3.0, 120.0, 0.0], [58.0, 2.0, 2.0, 60.0, 0.0], [141.0, 1.0, 2.0, 60.0, 0.0], [445.0, 1.0, 1.0, 30.0, 0.0], [55.0, 2.0, 2.0, 60.0, 0.0], [100.0, 1.0, 3.0, 120.0, 0.0], [25.0, 2.0, 2.0, 60.0, 0.0], [4.0, 1.0, 1.0, 30.0, 0.0], [73.0, 3.0, 2.0, 60.0, 12.021043019829973], [11.0, 1.0, 2.0, 60.0, 23.70199129895224], [24.0, 2.0, 2.0, 60.0, 35.625796298323515], [80.0, 2.0, 2.0, 60.0, 37.02476774758143], [16.0, 2.0, 1.0, 30.0, 37.456954746073315], [45.0, 2.0, 2.0, 60.0, 44.72025732460407], [47.0, 2.0, 2.0, 60.0, 51.770060795891936], [104.0, 2.0, 2.0, 60.0, 67.39154057863942], [79.0, 2.0, 2.0, 60.0, 67.78801156455697], [65.0, 2.0, 2.0, 60.0, 73.02081579727279], [10.0, 3.0, 1.0, 30.0, 73.37299733126183], [92.0, 2.0, 2.0, 60.0, 78.81811547138163], [34.0, 2.0, 2.0, 60.0, 87.47475223580068], [23.0, 1.0, 1.0, 30.0, 89.40922635875023], [55.0, 2.0, 2.0, 60.0, 95.5671546720581], [184.0, 3.0, 2.0, 60.0, 96.33602094118923], [121.0, 3.0, 2.0, 60.0, 96.7939072781402], [61.0, 2.0, 2.0, 60.0, 98.36980328880216], [90.0, 2.0, 2.0, 60.0, 102.87579966565295], [18.0, 1.0, 1.0, 30.0, 104.9407263143454], [13.0, 1.0, 1.0, 30.0, 111.17765606341352], [184.0, 2.0, 2.0, 60.0, 112.29553792447513], [59.0, 3.0, 2.0, 60.0, 121.48538924519744], [87.0, 3.0, 1.0, 30.0, 127.62081856126873], [76.0, 1.0, 1.0, 30.0, 130.89979933108373], [64.0, 2.0, 2.0, 60.0, 132.98523286264282], [79.0, 1.0, 1.0, 30.0, 135.25183130913413], [74.0, 1.0, 1.0, 30.0, 135.6372170444124], [132.0, 1.0, 1.0, 30.0, 136.53537831628518], [13.0, 1.0, 1.0, 30.0, 139.96198057430644], [37.0, 1.0, 1.0, 30.0, 141.90538175510554], [3.0, 1.0, 2.0, 60.0, 148.22641604293108], [105.0, 1.0, 1.0, 30.0, 151.7688691800117], [19.0, 2.0, 2.0, 60.0, 152.9585189515018], [17.0, 2.0, 2.0, 60.0, 155.26396063278915], [45.0, 3.0, 2.0, 60.0, 158.4717443187417], [41.0, 2.0, 2.0, 60.0, 160.19091112593068], [14.0, 3.0, 2.0, 60.0, 161.80046723046223], [40.0, 2.0, 2.0, 60.0, 166.19504064142495], [119.0, 2.0, 2.0, 60.0, 167.67977668606895], [52.0, 2.0, 2.0, 60.0, 174.34828881122837], [52.0, 2.0, 2.0, 60.0, 181.30260874245792], [445.0, 2.0, 1.0, 30.0, 186.72302338228388], [68.0, 2.0, 2.0, 60.0, 187.08816512218607], [55.0, 2.0, 2.0, 60.0, 192.75850263079985], [27.0, 2.0, 2.0, 60.0, 199.5301925701257], [129.0, 1.0, 1.0, 30.0, 205.14039082741283], [45.0, 2.0, 2.0, 60.0, 206.54063642859495], [22.0, 2.0, 1.0, 30.0, 208.1453173837751], [17.0, 1.0, 1.0, 30.0, 208.9739969202831], [24.0, 3.0, 1.0, 30.0, 210.74581448374042], [18.0, 1.0, 1.0, 30.0, 210.85151326578935], [59.0, 2.0, 3.0, 120.0, 211.68829524636791], [58.0, 2.0, 2.0, 60.0, 218.2635794691037], [79.0, 2.0, 2.0, 60.0, 238.24236082502787], [79.0, 1.0, 2.0, 60.0, 241.06005128697106], [91.0, 1.0, 1.0, 30.0, 242.4802497949752], [62.0, 2.0, 2.0, 60.0, 244.4690310645114], [134.0, 3.0, 2.0, 60.0, 246.27574217918595], [80.0, 2.0, 2.0, 60.0, 246.92391019530396], [22.0, 2.0, 2.0, 60.0, 252.340535869662], [79.0, 1.0, 1.0, 30.0, 259.21978013724924], [107.0, 2.0, 2.0, 60.0, 266.7588257904633], [53.0, 2.0, 2.0, 60.0, 293.3082397692622], [55.0, 3.0, 1.0, 30.0, 303.841540943146], [17.0, 1.0, 1.0, 30.0, 312.06587014562393], [46.0, 3.0, 2.0, 60.0, 317.28332755550696], [84.0, 1.0, 1.0, 30.0, 320.2459485503109], [29.0, 3.0, 1.0, 30.0, 320.46821633167013], [93.0, 2.0, 2.0, 60.0, 325.25123026577114], [10.0, 1.0, 1.0, 30.0, 328.35814570323583], [72.0, 3.0, 1.0, 30.0, 335.8979525787838], [105.0, 1.0, 2.0, 60.0, 346.037960484565], [9.0, 3.0, 1.0, 30.0, 347.69830455805135], [66.0, 2.0, 1.0, 30.0, 347.94705816407], [12.0, 2.0, 2.0, 60.0, 352.5711693396838], [64.0, 1.0, 2.0, 60.0, 365.3382663386541], [134.0, 3.0, 2.0, 60.0, 369.44362432169635], [99.0, 2.0, 2.0, 60.0, 380.09833875091823], [28.0, 1.0, 1.0, 30.0, 383.8634124776174], [86.0, 2.0, 2.0, 60.0, 390.4333827158369], [100.0, 3.0, 3.0, 120.0, 391.8772976892559], [111.0, 1.0, 1.0, 30.0, 392.54938394344936], [19.0, 1.0, 1.0, 30.0, 393.26178810715084], [100.0, 3.0, 3.0, 120.0, 393.85019969752625], [47.0, 2.0, 2.0, 60.0, 394.1235652920939], [100.0, 2.0, 3.0, 120.0, 402.7065312495663], [272.0, 1.0, 1.0, 30.0, 404.9496062434009], [40.0, 2.0, 2.0, 60.0, 406.8802625567264], [81.0, 1.0, 2.0, 60.0, 411.5550592296831], [13.0, 2.0, 2.0, 60.0, 412.491396507024], [60.0, 2.0, 2.0, 60.0, 422.0828587162822], [92.0, 2.0, 2.0, 60.0, 428.54263891348444], [5.0, 1.0, 1.0, 30.0, 430.18884989348794], [32.0, 2.0, 2.0, 60.0, 431.1918089653501], [115.0, 3.0, 1.0, 30.0, 433.84690701169285]]","[61, 62, 63, 66, 67, 68, 69, 70, 71, 72, 73, 74, 75, 76]","[[0, 2, 1, 0], [0, 2, 0], [0, 3, 2, 0]]","[2, 2, 2, 1, 0, 1, 1, 0, 0, 0, 0, 2, 0, 1]",200,10
77,215.39005517959598,0.017625896135965984,0.42961981305685093,5.687660527442825,5.0491557922175145,48.61914261500604,244.96525575794013,643.6602082243596,1670.310702845203,1,0.054166666666666655,0.49695739763629204,0.014592797800238942,"[0, 0, 3]","[37.449120632343636, 30.939275039116435, 28.614098199118]",6,6000,"[[ 0.          9.42837321 11.31678315  9.79207434  9.21550411]
 [ 9.42837321  0.          1.8968842   1.08473317  0.65583117]
 [11.31678315  1.8968842   0.          2.19142517  2.5442411 ]
 [ 9.79207434  1.08473317  2.19142517  0.          1.01953229]
 [ 9.21550411  0.65583117  2.5442411   1.01953229  0.        ]]","[[20.0, 2.0, 2.0, 60.0, 0.0], [45.0, 1.0, 2.0, 60.0, 0.0], [100.0, 2.0, 2.0, 60.0, 0.0], [46.0, 2.0, 1.0, 30.0, 0.0], [29.0, 3.0, 1.0, 30.0, 0.0], [89.0, 2.0, 2.0, 60.0, 0.0], [21.0, 1.0, 2.0, 60.0, 0.0], [110.0, 1.0, 1.0, 30.0, 0.0], [30.0, 2.0, 2.0, 60.0, 0.0], [53.0, 2.0, 2.0, 60.0, 0.0], [35.0, 3.0, 1.0, 30.0, 0.0], [29.0, 3.0, 1.0, 30.0, 0.0], [85.0, 3.0, 2.0, 60.0, 0.0], [21.0, 3.0, 2.0, 60.0, 0.0], [48.0, 2.0, 2.0, 60.0, 0.0], [45.0, 2.0, 2.0, 60.0, 0.0], [88.0, 3.0, 3.0, 120.0, 0.0], [58.0, 2.0, 2.0, 60.0, 0.0], [141.0, 1.0, 2.0, 60.0, 0.0], [445.0, 1.0, 1.0, 30.0, 0.0], [55.0, 2.0, 2.0, 60.0, 0.0], [100.0, 1.0, 3.0, 120.0, 0.0], [25.0, 2.0, 2.0, 60.0, 0.0], [4.0, 1.0, 1.0, 30.0, 0.0], [73.0, 3.0, 2.0, 60.0, 12.021043019829973], [11.0, 1.0, 2.0, 60.0, 23.70199129895224], [24.0, 2.0, 2.0, 60.0, 35.625796298323515], [80.0, 2.0, 2.0, 60.0, 37.02476774758143], [16.0, 2.0, 1.0, 30.0, 37.456954746073315], [45.0, 2.0, 2.0, 60.0, 44.72025732460407], [47.0, 2.0, 2.0, 60.0, 51.770060795891936], [104.0, 2.0, 2.0, 60.0, 67.39154057863942], [79.0, 2.0, 2.0, 60.0, 67.78801156455697], [65.0, 2.0, 2.0, 60.0, 73.02081579727279], [10.0, 3.0, 1.0, 30.0, 73.37299733126183], [92.0, 2.0, 2.0, 60.0, 78.81811547138163], [34.0, 2.0, 2.0, 60.0, 87.47475223580068], [23.0, 1.0, 1.0, 30.0, 89.40922635875023], [55.0, 2.0, 2.0, 60.0, 95.5671546720581], [184.0, 3.0, 2.0, 60.0, 96.33602094118923], [121.0, 3.0, 2.0, 60.0, 96.7939072781402], [61.0, 2.0, 2.0, 60.0, 98.36980328880216], [90.0, 2.0, 2.0, 60.0, 102.87579966565295], [18.0, 1.0, 1.0, 30.0, 104.9407263143454], [13.0, 1.0, 1.0, 30.0, 111.17765606341352], [184.0, 2.0, 2.0, 60.0, 112.29553792447513], [59.0, 3.0, 2.0, 60.0, 121.48538924519744], [87.0, 3.0, 1.0, 30.0, 127.62081856126873], [76.0, 1.0, 1.0, 30.0, 130.89979933108373], [64.0, 2.0, 2.0, 60.0, 132.98523286264282], [79.0, 1.0, 1.0, 30.0, 135.25183130913413], [74.0, 1.0, 1.0, 30.0, 135.6372170444124], [132.0, 1.0, 1.0, 30.0, 136.53537831628518], [13.0, 1.0, 1.0, 30.0, 139.96198057430644], [37.0, 1.0, 1.0, 30.0, 141.90538175510554], [3.0, 1.0, 2.0, 60.0, 148.22641604293108], [105.0, 1.0, 1.0, 30.0, 151.7688691800117], [19.0, 2.0, 2.0, 60.0, 152.9585189515018], [17.0, 2.0, 2.0, 60.0, 155.26396063278915], [45.0, 3.0, 2.0, 60.0, 158.4717443187417], [41.0, 2.0, 2.0, 60.0, 160.19091112593068], [14.0, 3.0, 2.0, 60.0, 161.80046723046223], [40.0, 2.0, 2.0, 60.0, 166.19504064142495], [119.0, 2.0, 2.0, 60.0, 167.67977668606895], [52.0, 2.0, 2.0, 60.0, 174.34828881122837], [52.0, 2.0, 2.0, 60.0, 181.30260874245792], [445.0, 2.0, 1.0, 30.0, 186.72302338228388], [68.0, 2.0, 2.0, 60.0, 187.08816512218607], [55.0, 2.0, 2.0, 60.0, 192.75850263079985], [27.0, 2.0, 2.0, 60.0, 199.5301925701257], [129.0, 1.0, 1.0, 30.0, 205.14039082741283], [45.0, 2.0, 2.0, 60.0, 206.54063642859495], [22.0, 2.0, 1.0, 30.0, 208.1453173837751], [17.0, 1.0, 1.0, 30.0, 208.9739969202831], [24.0, 3.0, 1.0, 30.0, 210.74581448374042], [18.0, 1.0, 1.0, 30.0, 210.85151326578935], [59.0, 2.0, 3.0, 120.0, 211.68829524636791], [58.0, 2.0, 2.0, 60.0, 218.2635794691037], [79.0, 2.0, 2.0, 60.0, 238.24236082502787], [79.0, 1.0, 2.0, 60.0, 241.06005128697106], [91.0, 1.0, 1.0, 30.0, 242.4802497949752], [62.0, 2.0, 2.0, 60.0, 244.4690310645114], [134.0, 3.0, 2.0, 60.0, 246.27574217918595], [80.0, 2.0, 2.0, 60.0, 246.92391019530396], [22.0, 2.0, 2.0, 60.0, 252.340535869662], [79.0, 1.0, 1.0, 30.0, 259.21978013724924], [107.0, 2.0, 2.0, 60.0, 266.7588257904633], [53.0, 2.0, 2.0, 60.0, 293.3082397692622], [55.0, 3.0, 1.0, 30.0, 303.841540943146], [17.0, 1.0, 1.0, 30.0, 312.06587014562393], [46.0, 3.0, 2.0, 60.0, 317.28332755550696], [84.0, 1.0, 1.0, 30.0, 320.2459485503109], [29.0, 3.0, 1.0, 30.0, 320.46821633167013], [93.0, 2.0, 2.0, 60.0, 325.25123026577114], [10.0, 1.0, 1.0, 30.0, 328.35814570323583], [72.0, 3.0, 1.0, 30.0, 335.8979525787838], [105.0, 1.0, 2.0, 60.0, 346.037960484565], [9.0, 3.0, 1.0, 30.0, 347.69830455805135], [66.0, 2.0, 1.0, 30.0, 347.94705816407], [12.0, 2.0, 2.0, 60.0, 352.5711693396838], [64.0, 1.0, 2.0, 60.0, 365.3382663386541], [134.0, 3.0, 2.0, 60.0, 369.44362432169635], [99.0, 2.0, 2.0, 60.0, 380.09833875091823], [28.0, 1.0, 1.0, 30.0, 383.8634124776174], [86.0, 2.0, 2.0, 60.0, 390.4333827158369], [100.0, 3.0, 3.0, 120.0, 391.8772976892559], [111.0, 1.0, 1.0, 30.0, 392.54938394344936], [19.0, 1.0, 1.0, 30.0, 393.26178810715084], [100.0, 3.0, 3.0, 120.0, 393.85019969752625], [47.0, 2.0, 2.0, 60.0, 394.1235652920939], [100.0, 2.0, 3.0, 120.0, 402.7065312495663], [272.0, 1.0, 1.0, 30.0, 404.9496062434009], [40.0, 2.0, 2.0, 60.0, 406.8802625567264], [81.0, 1.0, 2.0, 60.0, 411.5550592296831], [13.0, 2.0, 2.0, 60.0, 412.491396507024], [60.0, 2.0, 2.0, 60.0, 422.0828587162822], [92.0, 2.0, 2.0, 60.0, 428.54263891348444], [5.0, 1.0, 1.0, 30.0, 430.18884989348794], [32.0, 2.0, 2.0, 60.0, 431.1918089653501], [115.0, 3.0, 1.0, 30.0, 433.84690701169285]]","[62, 63, 66, 67, 68, 69, 70, 71, 72, 73, 74, 75, 76]","[[0, 1, 2, 0], [0, 2, 0], [3, 0, 3, 2, 0]]","[2, 2, 1, 0, 1, 1, 0, 0, 0, 0, 2, 0, 1]",200,10
78,218.40768107573194,0.016243175665537516,0.5154575419322409,10.170434580892096,7.100832041595922,58.526313265371044,302.59442480247696,1154.7760812557865,2440.238410734871,1,0.07226190476190475,0.5134598425277807,0.020067739852760596,"[0, 0, 3]","[37.449120632343636, 33.9569009352524, 18.84617607906037]",6,6000,"[[ 0.          9.45864    11.35424521  9.99326272  9.13744376]
 [ 9.45864     0.          1.8968842   1.47771067  0.80052148]
 [11.35424521  1.8968842   0.          2.28423367  2.69740568]
 [ 9.99326272  1.47771067  2.28423367  0.          1.29878102]
 [ 9.13744376  0.80052148  2.69740568  1.29878102  0.        ]]","[[20.0, 2.0, 2.0, 60.0, 0.0], [45.0, 1.0, 2.0, 60.0, 0.0], [100.0, 2.0, 2.0, 60.0, 0.0], [46.0, 2.0, 1.0, 30.0, 0.0], [29.0, 3.0, 1.0, 30.0, 0.0], [89.0, 2.0, 2.0, 60.0, 0.0], [21.0, 1.0, 2.0, 60.0, 0.0], [110.0, 1.0, 1.0, 30.0, 0.0], [30.0, 2.0, 2.0, 60.0, 0.0], [53.0, 2.0, 2.0, 60.0, 0.0], [35.0, 3.0, 1.0, 30.0, 0.0], [29.0, 3.0, 1.0, 30.0, 0.0], [85.0, 3.0, 2.0, 60.0, 0.0], [21.0, 3.0, 2.0, 60.0, 0.0], [48.0, 2.0, 2.0, 60.0, 0.0], [45.0, 2.0, 2.0, 60.0, 0.0], [88.0, 3.0, 3.0, 120.0, 0.0], [58.0, 2.0, 2.0, 60.0, 0.0], [141.0, 1.0, 2.0, 60.0, 0.0], [445.0, 1.0, 1.0, 30.0, 0.0], [55.0, 2.0, 2.0, 60.0, 0.0], [100.0, 1.0, 3.0, 120.0, 0.0], [25.0, 2.0, 2.0, 60.0, 0.0], [4.0, 1.0, 1.0, 30.0, 0.0], [73.0, 3.0, 2.0, 60.0, 12.021043019829973], [11.0, 1.0, 2.0, 60.0, 23.70199129895224], [24.0, 2.0, 2.0, 60.0, 35.625796298323515], [80.0, 2.0, 2.0, 60.0, 37.02476774758143], [16.0, 2.0, 1.0, 30.0, 37.456954746073315], [45.0, 2.0, 2.0, 60.0, 44.72025732460407], [47.0, 2.0, 2.0, 60.0, 51.770060795891936], [104.0, 2.0, 2.0, 60.0, 67.39154057863942], [79.0, 2.0, 2.0, 60.0, 67.78801156455697], [65.0, 2.0, 2.0, 60.0, 73.02081579727279], [10.0, 3.0, 1.0, 30.0, 73.37299733126183], [92.0, 2.0, 2.0, 60.0, 78.81811547138163], [34.0, 2.0, 2.0, 60.0, 87.47475223580068], [23.0, 1.0, 1.0, 30.0, 89.40922635875023], [55.0, 2.0, 2.0, 60.0, 95.5671546720581], [184.0, 3.0, 2.0, 60.0, 96.33602094118923], [121.0, 3.0, 2.0, 60.0, 96.7939072781402], [61.0, 2.0, 2.0, 60.0, 98.36980328880216], [90.0, 2.0, 2.0, 60.0, 102.87579966565295], [18.0, 1.0, 1.0, 30.0, 104.9407263143454], [13.0, 1.0, 1.0, 30.0, 111.17765606341352], [184.0, 2.0, 2.0, 60.0, 112.29553792447513], [59.0, 3.0, 2.0, 60.0, 121.48538924519744], [87.0, 3.0, 1.0, 30.0, 127.62081856126873], [76.0, 1.0, 1.0, 30.0, 130.89979933108373], [64.0, 2.0, 2.0, 60.0, 132.98523286264282], [79.0, 1.0, 1.0, 30.0, 135.25183130913413], [74.0, 1.0, 1.0, 30.0, 135.6372170444124], [132.0, 1.0, 1.0, 30.0, 136.53537831628518], [13.0, 1.0, 1.0, 30.0, 139.96198057430644], [37.0, 1.0, 1.0, 30.0, 141.90538175510554], [3.0, 1.0, 2.0, 60.0, 148.22641604293108], [105.0, 1.0, 1.0, 30.0, 151.7688691800117], [19.0, 2.0, 2.0, 60.0, 152.9585189515018], [17.0, 2.0, 2.0, 60.0, 155.26396063278915], [45.0, 3.0, 2.0, 60.0, 158.4717443187417], [41.0, 2.0, 2.0, 60.0, 160.19091112593068], [14.0, 3.0, 2.0, 60.0, 161.80046723046223], [40.0, 2.0, 2.0, 60.0, 166.19504064142495], [119.0, 2.0, 2.0, 60.0, 167.67977668606895], [52.0, 2.0, 2.0, 60.0, 174.34828881122837], [52.0, 2.0, 2.0, 60.0, 181.30260874245792], [445.0, 2.0, 1.0, 30.0, 186.72302338228388], [68.0, 2.0, 2.0, 60.0, 187.08816512218607], [55.0, 2.0, 2.0, 60.0, 192.75850263079985], [27.0, 2.0, 2.0, 60.0, 199.5301925701257], [129.0, 1.0, 1.0, 30.0, 205.14039082741283], [45.0, 2.0, 2.0, 60.0, 206.54063642859495], [22.0, 2.0, 1.0, 30.0, 208.1453173837751], [17.0, 1.0, 1.0, 30.0, 208.9739969202831], [24.0, 3.0, 1.0, 30.0, 210.74581448374042], [18.0, 1.0, 1.0, 30.0, 210.85151326578935], [59.0, 2.0, 3.0, 120.0, 211.68829524636791], [58.0, 2.0, 2.0, 60.0, 218.2635794691037], [79.0, 2.0, 2.0, 60.0, 238.24236082502787], [79.0, 1.0, 2.0, 60.0, 241.06005128697106], [91.0, 1.0, 1.0, 30.0, 242.4802497949752], [62.0, 2.0, 2.0, 60.0, 244.4690310645114], [134.0, 3.0, 2.0, 60.0, 246.27574217918595], [80.0, 2.0, 2.0, 60.0, 246.92391019530396], [22.0, 2.0, 2.0, 60.0, 252.340535869662], [79.0, 1.0, 1.0, 30.0, 259.21978013724924], [107.0, 2.0, 2.0, 60.0, 266.7588257904633], [53.0, 2.0, 2.0, 60.0, 293.3082397692622], [55.0, 3.0, 1.0, 30.0, 303.841540943146], [17.0, 1.0, 1.0, 30.0, 312.06587014562393], [46.0, 3.0, 2.0, 60.0, 317.28332755550696], [84.0, 1.0, 1.0, 30.0, 320.2459485503109], [29.0, 3.0, 1.0, 30.0, 320.46821633167013], [93.0, 2.0, 2.0, 60.0, 325.25123026577114], [10.0, 1.0, 1.0, 30.0, 328.35814570323583], [72.0, 3.0, 1.0, 30.0, 335.8979525787838], [105.0, 1.0, 2.0, 60.0, 346.037960484565], [9.0, 3.0, 1.0, 30.0, 347.69830455805135], [66.0, 2.0, 1.0, 30.0, 347.94705816407], [12.0, 2.0, 2.0, 60.0, 352.5711693396838], [64.0, 1.0, 2.0, 60.0, 365.3382663386541], [134.0, 3.0, 2.0, 60.0, 369.44362432169635], [99.0, 2.0, 2.0, 60.0, 380.09833875091823], [28.0, 1.0, 1.0, 30.0, 383.8634124776174], [86.0, 2.0, 2.0, 60.0, 390.4333827158369], [100.0, 3.0, 3.0, 120.0, 391.8772976892559], [111.0, 1.0, 1.0, 30.0, 392.54938394344936], [19.0, 1.0, 1.0, 30.0, 393.26178810715084], [100.0, 3.0, 3.0, 120.0, 393.85019969752625], [47.0, 2.0, 2.0, 60.0, 394.1235652920939], [100.0, 2.0, 3.0, 120.0, 402.7065312495663], [272.0, 1.0, 1.0, 30.0, 404.9496062434009], [40.0, 2.0, 2.0, 60.0, 406.8802625567264], [81.0, 1.0, 2.0, 60.0, 411.5550592296831], [13.0, 2.0, 2.0, 60.0, 412.491396507024], [60.0, 2.0, 2.0, 60.0, 422.0828587162822], [92.0, 2.0, 2.0, 60.0, 428.54263891348444], [5.0, 1.0, 1.0, 30.0, 430.18884989348794], [32.0, 2.0, 2.0, 60.0, 431.1918089653501], [115.0, 3.0, 1.0, 30.0, 433.84690701169285]]","[62, 63, 66, 67, 68, 69, 70, 71, 72, 73, 74, 75, 76, 77]","[[0, 1, 2, 0], [0, 2, 0], [3, 0, 3, 2, 0]]","[2, 2, 1, 0, 1, 1, 0, 0, 0, 0, 2, 0, 1, 1]",200,10
79,225.4239242513975,0.014344783624013265,0.2112118077438762,5.581616893859947,5.22183041551202,22.96682768639197,62.20955219167439,606.9359226742971,1614.674272779504,1,0.09425757575757576,0.45001543482533546,0.01778086918388973,"[2, 0, 3]","[37.449120632343636, 40.973144110917936, 18.84617607906037]",6,6000,"[[ 0.          9.11197615 10.87383699  9.70817163  9.02209353]
 [ 9.11197615  0.          2.01069808  1.2638197   0.72441962]
 [10.87383699  2.01069808  0.          2.38481906  2.7351177 ]
 [ 9.70817163  1.2638197   2.38481906  0.          1.3206151 ]
 [ 9.02209353  0.72441962  2.7351177   1.3206151   0.        ]]","[[20.0, 2.0, 2.0, 60.0, 0.0], [45.0, 1.0, 2.0, 60.0, 0.0], [100.0, 2.0, 2.0, 60.0, 0.0], [46.0, 2.0, 1.0, 30.0, 0.0], [29.0, 3.0, 1.0, 30.0, 0.0], [89.0, 2.0, 2.0, 60.0, 0.0], [21.0, 1.0, 2.0, 60.0, 0.0], [110.0, 1.0, 1.0, 30.0, 0.0], [30.0, 2.0, 2.0, 60.0, 0.0], [53.0, 2.0, 2.0, 60.0, 0.0], [35.0, 3.0, 1.0, 30.0, 0.0], [29.0, 3.0, 1.0, 30.0, 0.0], [85.0, 3.0, 2.0, 60.0, 0.0], [21.0, 3.0, 2.0, 60.0, 0.0], [48.0, 2.0, 2.0, 60.0, 0.0], [45.0, 2.0, 2.0, 60.0, 0.0], [88.0, 3.0, 3.0, 120.0, 0.0], [58.0, 2.0, 2.0, 60.0, 0.0], [141.0, 1.0, 2.0, 60.0, 0.0], [445.0, 1.0, 1.0, 30.0, 0.0], [55.0, 2.0, 2.0, 60.0, 0.0], [100.0, 1.0, 3.0, 120.0, 0.0], [25.0, 2.0, 2.0, 60.0, 0.0], [4.0, 1.0, 1.0, 30.0, 0.0], [73.0, 3.0, 2.0, 60.0, 12.021043019829973], [11.0, 1.0, 2.0, 60.0, 23.70199129895224], [24.0, 2.0, 2.0, 60.0, 35.625796298323515], [80.0, 2.0, 2.0, 60.0, 37.02476774758143], [16.0, 2.0, 1.0, 30.0, 37.456954746073315], [45.0, 2.0, 2.0, 60.0, 44.72025732460407], [47.0, 2.0, 2.0, 60.0, 51.770060795891936], [104.0, 2.0, 2.0, 60.0, 67.39154057863942], [79.0, 2.0, 2.0, 60.0, 67.78801156455697], [65.0, 2.0, 2.0, 60.0, 73.02081579727279], [10.0, 3.0, 1.0, 30.0, 73.37299733126183], [92.0, 2.0, 2.0, 60.0, 78.81811547138163], [34.0, 2.0, 2.0, 60.0, 87.47475223580068], [23.0, 1.0, 1.0, 30.0, 89.40922635875023], [55.0, 2.0, 2.0, 60.0, 95.5671546720581], [184.0, 3.0, 2.0, 60.0, 96.33602094118923], [121.0, 3.0, 2.0, 60.0, 96.7939072781402], [61.0, 2.0, 2.0, 60.0, 98.36980328880216], [90.0, 2.0, 2.0, 60.0, 102.87579966565295], [18.0, 1.0, 1.0, 30.0, 104.9407263143454], [13.0, 1.0, 1.0, 30.0, 111.17765606341352], [184.0, 2.0, 2.0, 60.0, 112.29553792447513], [59.0, 3.0, 2.0, 60.0, 121.48538924519744], [87.0, 3.0, 1.0, 30.0, 127.62081856126873], [76.0, 1.0, 1.0, 30.0, 130.89979933108373], [64.0, 2.0, 2.0, 60.0, 132.98523286264282], [79.0, 1.0, 1.0, 30.0, 135.25183130913413], [74.0, 1.0, 1.0, 30.0, 135.6372170444124], [132.0, 1.0, 1.0, 30.0, 136.53537831628518], [13.0, 1.0, 1.0, 30.0, 139.96198057430644], [37.0, 1.0, 1.0, 30.0, 141.90538175510554], [3.0, 1.0, 2.0, 60.0, 148.22641604293108], [105.0, 1.0, 1.0, 30.0, 151.7688691800117], [19.0, 2.0, 2.0, 60.0, 152.9585189515018], [17.0, 2.0, 2.0, 60.0, 155.26396063278915], [45.0, 3.0, 2.0, 60.0, 158.4717443187417], [41.0, 2.0, 2.0, 60.0, 160.19091112593068], [14.0, 3.0, 2.0, 60.0, 161.80046723046223], [40.0, 2.0, 2.0, 60.0, 166.19504064142495], [119.0, 2.0, 2.0, 60.0, 167.67977668606895], [52.0, 2.0, 2.0, 60.0, 174.34828881122837], [52.0, 2.0, 2.0, 60.0, 181.30260874245792], [445.0, 2.0, 1.0, 30.0, 186.72302338228388], [68.0, 2.0, 2.0, 60.0, 187.08816512218607], [55.0, 2.0, 2.0, 60.0, 192.75850263079985], [27.0, 2.0, 2.0, 60.0, 199.5301925701257], [129.0, 1.0, 1.0, 30.0, 205.14039082741283], [45.0, 2.0, 2.0, 60.0, 206.54063642859495], [22.0, 2.0, 1.0, 30.0, 208.1453173837751], [17.0, 1.0, 1.0, 30.0, 208.9739969202831], [24.0, 3.0, 1.0, 30.0, 210.74581448374042], [18.0, 1.0, 1.0, 30.0, 210.85151326578935], [59.0, 2.0, 3.0, 120.0, 211.68829524636791], [58.0, 2.0, 2.0, 60.0, 218.2635794691037], [79.0, 2.0, 2.0, 60.0, 238.24236082502787], [79.0, 1.0, 2.0, 60.0, 241.06005128697106], [91.0, 1.0, 1.0, 30.0, 242.4802497949752], [62.0, 2.0, 2.0, 60.0, 244.4690310645114], [134.0, 3.0, 2.0, 60.0, 246.27574217918595], [80.0, 2.0, 2.0, 60.0, 246.92391019530396], [22.0, 2.0, 2.0, 60.0, 252.340535869662], [79.0, 1.0, 1.0, 30.0, 259.21978013724924], [107.0, 2.0, 2.0, 60.0, 266.7588257904633], [53.0, 2.0, 2.0, 60.0, 293.3082397692622], [55.0, 3.0, 1.0, 30.0, 303.841540943146], [17.0, 1.0, 1.0, 30.0, 312.06587014562393], [46.0, 3.0, 2.0, 60.0, 317.28332755550696], [84.0, 1.0, 1.0, 30.0, 320.2459485503109], [29.0, 3.0, 1.0, 30.0, 320.46821633167013], [93.0, 2.0, 2.0, 60.0, 325.25123026577114], [10.0, 1.0, 1.0, 30.0, 328.35814570323583], [72.0, 3.0, 1.0, 30.0, 335.8979525787838], [105.0, 1.0, 2.0, 60.0, 346.037960484565], [9.0, 3.0, 1.0, 30.0, 347.69830455805135], [66.0, 2.0, 1.0, 30.0, 347.94705816407], [12.0, 2.0, 2.0, 60.0, 352.5711693396838], [64.0, 1.0, 2.0, 60.0, 365.3382663386541], [134.0, 3.0, 2.0, 60.0, 369.44362432169635], [99.0, 2.0, 2.0, 60.0, 380.09833875091823], [28.0, 1.0, 1.0, 30.0, 383.8634124776174], [86.0, 2.0, 2.0, 60.0, 390.4333827158369], [100.0, 3.0, 3.0, 120.0, 391.8772976892559], [111.0, 1.0, 1.0, 30.0, 392.54938394344936], [19.0, 1.0, 1.0, 30.0, 393.26178810715084], [100.0, 3.0, 3.0, 120.0, 393.85019969752625], [47.0, 2.0, 2.0, 60.0, 394.1235652920939], [100.0, 2.0, 3.0, 120.0, 402.7065312495663], [272.0, 1.0, 1.0, 30.0, 404.9496062434009], [40.0, 2.0, 2.0, 60.0, 406.8802625567264], [81.0, 1.0, 2.0, 60.0, 411.5550592296831], [13.0, 2.0, 2.0, 60.0, 412.491396507024], [60.0, 2.0, 2.0, 60.0, 422.0828587162822], [92.0, 2.0, 2.0, 60.0, 428.54263891348444], [5.0, 1.0, 1.0, 30.0, 430.18884989348794], [32.0, 2.0, 2.0, 60.0, 431.1918089653501], [115.0, 3.0, 1.0, 30.0, 433.84690701169285]]","[62, 63, 66, 68, 69, 70, 73, 74, 75, 76, 77]","[[2, 1, 0], [0, 2, 3, 0], [3, 2, 0]]","[2, 2, 1, 1, 1, 0, 0, 1, 0, 1, 1]",200,10
80,229.4382690350215,0.014257856210072835,0.21509365938363628,0.3890752044297126,0.14551625611579172,25.71827281362019,150.31335109104188,46.52086110400542,296.6366280891832,19,0.0,0.0,1.2845979268412195e-15,"[1, 0, 0]","[35.43842254821784, 30.11365190042728, 22.10884191829229]",6,6000,"[[ 0.          9.31521221 11.95677868  9.84904578  9.16296768]
 [ 9.31521221  0.          2.74589054  1.3261816   0.78678152]
 [11.95677868  2.74589054  0.          3.10005346  3.53267206]
 [ 9.84904578  1.3261816   3.10005346  0.          1.3206151 ]
 [ 9.16296768  0.78678152  3.53267206  1.3206151   0.        ]]","[[20.0, 2.0, 2.0, 60.0, 0.0], [45.0, 1.0, 2.0, 60.0, 0.0], [100.0, 2.0, 2.0, 60.0, 0.0], [46.0, 2.0, 1.0, 30.0, 0.0], [29.0, 3.0, 1.0, 30.0, 0.0], [89.0, 2.0, 2.0, 60.0, 0.0], [21.0, 1.0, 2.0, 60.0, 0.0], [110.0, 1.0, 1.0, 30.0, 0.0], [30.0, 2.0, 2.0, 60.0, 0.0], [53.0, 2.0, 2.0, 60.0, 0.0], [35.0, 3.0, 1.0, 30.0, 0.0], [29.0, 3.0, 1.0, 30.0, 0.0], [85.0, 3.0, 2.0, 60.0, 0.0], [21.0, 3.0, 2.0, 60.0, 0.0], [48.0, 2.0, 2.0, 60.0, 0.0], [45.0, 2.0, 2.0, 60.0, 0.0], [88.0, 3.0, 3.0, 120.0, 0.0], [58.0, 2.0, 2.0, 60.0, 0.0], [141.0, 1.0, 2.0, 60.0, 0.0], [445.0, 1.0, 1.0, 30.0, 0.0], [55.0, 2.0, 2.0, 60.0, 0.0], [100.0, 1.0, 3.0, 120.0, 0.0], [25.0, 2.0, 2.0, 60.0, 0.0], [4.0, 1.0, 1.0, 30.0, 0.0], [73.0, 3.0, 2.0, 60.0, 12.021043019829973], [11.0, 1.0, 2.0, 60.0, 23.70199129895224], [24.0, 2.0, 2.0, 60.0, 35.625796298323515], [80.0, 2.0, 2.0, 60.0, 37.02476774758143], [16.0, 2.0, 1.0, 30.0, 37.456954746073315], [45.0, 2.0, 2.0, 60.0, 44.72025732460407], [47.0, 2.0, 2.0, 60.0, 51.770060795891936], [104.0, 2.0, 2.0, 60.0, 67.39154057863942], [79.0, 2.0, 2.0, 60.0, 67.78801156455697], [65.0, 2.0, 2.0, 60.0, 73.02081579727279], [10.0, 3.0, 1.0, 30.0, 73.37299733126183], [92.0, 2.0, 2.0, 60.0, 78.81811547138163], [34.0, 2.0, 2.0, 60.0, 87.47475223580068], [23.0, 1.0, 1.0, 30.0, 89.40922635875023], [55.0, 2.0, 2.0, 60.0, 95.5671546720581], [184.0, 3.0, 2.0, 60.0, 96.33602094118923], [121.0, 3.0, 2.0, 60.0, 96.7939072781402], [61.0, 2.0, 2.0, 60.0, 98.36980328880216], [90.0, 2.0, 2.0, 60.0, 102.87579966565295], [18.0, 1.0, 1.0, 30.0, 104.9407263143454], [13.0, 1.0, 1.0, 30.0, 111.17765606341352], [184.0, 2.0, 2.0, 60.0, 112.29553792447513], [59.0, 3.0, 2.0, 60.0, 121.48538924519744], [87.0, 3.0, 1.0, 30.0, 127.62081856126873], [76.0, 1.0, 1.0, 30.0, 130.89979933108373], [64.0, 2.0, 2.0, 60.0, 132.98523286264282], [79.0, 1.0, 1.0, 30.0, 135.25183130913413], [74.0, 1.0, 1.0, 30.0, 135.6372170444124], [132.0, 1.0, 1.0, 30.0, 136.53537831628518], [13.0, 1.0, 1.0, 30.0, 139.96198057430644], [37.0, 1.0, 1.0, 30.0, 141.90538175510554], [3.0, 1.0, 2.0, 60.0, 148.22641604293108], [105.0, 1.0, 1.0, 30.0, 151.7688691800117], [19.0, 2.0, 2.0, 60.0, 152.9585189515018], [17.0, 2.0, 2.0, 60.0, 155.26396063278915], [45.0, 3.0, 2.0, 60.0, 158.4717443187417], [41.0, 2.0, 2.0, 60.0, 160.19091112593068], [14.0, 3.0, 2.0, 60.0, 161.80046723046223], [40.0, 2.0, 2.0, 60.0, 166.19504064142495], [119.0, 2.0, 2.0, 60.0, 167.67977668606895], [52.0, 2.0, 2.0, 60.0, 174.34828881122837], [52.0, 2.0, 2.0, 60.0, 181.30260874245792], [445.0, 2.0, 1.0, 30.0, 186.72302338228388], [68.0, 2.0, 2.0, 60.0, 187.08816512218607], [55.0, 2.0, 2.0, 60.0, 192.75850263079985], [27.0, 2.0, 2.0, 60.0, 199.5301925701257], [129.0, 1.0, 1.0, 30.0, 205.14039082741283], [45.0, 2.0, 2.0, 60.0, 206.54063642859495], [22.0, 2.0, 1.0, 30.0, 208.1453173837751], [17.0, 1.0, 1.0, 30.0, 208.9739969202831], [24.0, 3.0, 1.0, 30.0, 210.74581448374042], [18.0, 1.0, 1.0, 30.0, 210.85151326578935], [59.0, 2.0, 3.0, 120.0, 211.68829524636791], [58.0, 2.0, 2.0, 60.0, 218.2635794691037], [79.0, 2.0, 2.0, 60.0, 238.24236082502787], [79.0, 1.0, 2.0, 60.0, 241.06005128697106], [91.0, 1.0, 1.0, 30.0, 242.4802497949752], [62.0, 2.0, 2.0, 60.0, 244.4690310645114], [134.0, 3.0, 2.0, 60.0, 246.27574217918595], [80.0, 2.0, 2.0, 60.0, 246.92391019530396], [22.0, 2.0, 2.0, 60.0, 252.340535869662], [79.0, 1.0, 1.0, 30.0, 259.21978013724924], [107.0, 2.0, 2.0, 60.0, 266.7588257904633], [53.0, 2.0, 2.0, 60.0, 293.3082397692622], [55.0, 3.0, 1.0, 30.0, 303.841540943146], [17.0, 1.0, 1.0, 30.0, 312.06587014562393], [46.0, 3.0, 2.0, 60.0, 317.28332755550696], [84.0, 1.0, 1.0, 30.0, 320.2459485503109], [29.0, 3.0, 1.0, 30.0, 320.46821633167013], [93.0, 2.0, 2.0, 60.0, 325.25123026577114], [10.0, 1.0, 1.0, 30.0, 328.35814570323583], [72.0, 3.0, 1.0, 30.0, 335.8979525787838], [105.0, 1.0, 2.0, 60.0, 346.037960484565], [9.0, 3.0, 1.0, 30.0, 347.69830455805135], [66.0, 2.0, 1.0, 30.0, 347.94705816407], [12.0, 2.0, 2.0, 60.0, 352.5711693396838], [64.0, 1.0, 2.0, 60.0, 365.3382663386541], [134.0, 3.0, 2.0, 60.0, 369.44362432169635], [99.0, 2.0, 2.0, 60.0, 380.09833875091823], [28.0, 1.0, 1.0, 30.0, 383.8634124776174], [86.0, 2.0, 2.0, 60.0, 390.4333827158369], [100.0, 3.0, 3.0, 120.0, 391.8772976892559], [111.0, 1.0, 1.0, 30.0, 392.54938394344936], [19.0, 1.0, 1.0, 30.0, 393.26178810715084], [100.0, 3.0, 3.0, 120.0, 393.85019969752625], [47.0, 2.0, 2.0, 60.0, 394.1235652920939], [100.0, 2.0, 3.0, 120.0, 402.7065312495663], [272.0, 1.0, 1.0, 30.0, 404.9496062434009], [40.0, 2.0, 2.0, 60.0, 406.8802625567264], [81.0, 1.0, 2.0, 60.0, 411.5550592296831], [13.0, 2.0, 2.0, 60.0, 412.491396507024], [60.0, 2.0, 2.0, 60.0, 422.0828587162822], [92.0, 2.0, 2.0, 60.0, 428.54263891348444], [5.0, 1.0, 1.0, 30.0, 430.18884989348794], [32.0, 2.0, 2.0, 60.0, 431.1918089653501], [115.0, 3.0, 1.0, 30.0, 433.84690701169285]]","[62, 63, 66, 68, 69, 74, 76, 77]","[[1, 0], [0, 2, 3, 0], [0, 2, 0]]","[2, 2, 1, 1, 1, 1, 1, 1]",200,10
81,237.45252689123157,0.018278638521830242,0.285293531373085,0.3846672466892851,0.14421348661485292,30.29872388933291,120.77459612937861,40.85240433112779,162.98931789655805,100,0.0,0.0,2.7825225852156385e-16,"[1, 2, 0]","[26.12321034116449, 30.11365190042728, 12.182048448558714]",6,6000,"[[ 0.          8.17694861 10.62019308  8.88540831  8.10385923]
 [ 8.17694861  0.          2.44324447  1.21480682  0.58948956]
 [10.62019308  2.44324447  0.          2.67203641  3.03273403]
 [ 8.88540831  1.21480682  2.67203641  0.          1.29794926]
 [ 8.10385923  0.58948956  3.03273403  1.29794926  0.        ]]","[[20.0, 2.0, 2.0, 60.0, 0.0], [45.0, 1.0, 2.0, 60.0, 0.0], [100.0, 2.0, 2.0, 60.0, 0.0], [46.0, 2.0, 1.0, 30.0, 0.0], [29.0, 3.0, 1.0, 30.0, 0.0], [89.0, 2.0, 2.0, 60.0, 0.0], [21.0, 1.0, 2.0, 60.0, 0.0], [110.0, 1.0, 1.0, 30.0, 0.0], [30.0, 2.0, 2.0, 60.0, 0.0], [53.0, 2.0, 2.0, 60.0, 0.0], [35.0, 3.0, 1.0, 30.0, 0.0], [29.0, 3.0, 1.0, 30.0, 0.0], [85.0, 3.0, 2.0, 60.0, 0.0], [21.0, 3.0, 2.0, 60.0, 0.0], [48.0, 2.0, 2.0, 60.0, 0.0], [45.0, 2.0, 2.0, 60.0, 0.0], [88.0, 3.0, 3.0, 120.0, 0.0], [58.0, 2.0, 2.0, 60.0, 0.0], [141.0, 1.0, 2.0, 60.0, 0.0], [445.0, 1.0, 1.0, 30.0, 0.0], [55.0, 2.0, 2.0, 60.0, 0.0], [100.0, 1.0, 3.0, 120.0, 0.0], [25.0, 2.0, 2.0, 60.0, 0.0], [4.0, 1.0, 1.0, 30.0, 0.0], [73.0, 3.0, 2.0, 60.0, 12.021043019829973], [11.0, 1.0, 2.0, 60.0, 23.70199129895224], [24.0, 2.0, 2.0, 60.0, 35.625796298323515], [80.0, 2.0, 2.0, 60.0, 37.02476774758143], [16.0, 2.0, 1.0, 30.0, 37.456954746073315], [45.0, 2.0, 2.0, 60.0, 44.72025732460407], [47.0, 2.0, 2.0, 60.0, 51.770060795891936], [104.0, 2.0, 2.0, 60.0, 67.39154057863942], [79.0, 2.0, 2.0, 60.0, 67.78801156455697], [65.0, 2.0, 2.0, 60.0, 73.02081579727279], [10.0, 3.0, 1.0, 30.0, 73.37299733126183], [92.0, 2.0, 2.0, 60.0, 78.81811547138163], [34.0, 2.0, 2.0, 60.0, 87.47475223580068], [23.0, 1.0, 1.0, 30.0, 89.40922635875023], [55.0, 2.0, 2.0, 60.0, 95.5671546720581], [184.0, 3.0, 2.0, 60.0, 96.33602094118923], [121.0, 3.0, 2.0, 60.0, 96.7939072781402], [61.0, 2.0, 2.0, 60.0, 98.36980328880216], [90.0, 2.0, 2.0, 60.0, 102.87579966565295], [18.0, 1.0, 1.0, 30.0, 104.9407263143454], [13.0, 1.0, 1.0, 30.0, 111.17765606341352], [184.0, 2.0, 2.0, 60.0, 112.29553792447513], [59.0, 3.0, 2.0, 60.0, 121.48538924519744], [87.0, 3.0, 1.0, 30.0, 127.62081856126873], [76.0, 1.0, 1.0, 30.0, 130.89979933108373], [64.0, 2.0, 2.0, 60.0, 132.98523286264282], [79.0, 1.0, 1.0, 30.0, 135.25183130913413], [74.0, 1.0, 1.0, 30.0, 135.6372170444124], [132.0, 1.0, 1.0, 30.0, 136.53537831628518], [13.0, 1.0, 1.0, 30.0, 139.96198057430644], [37.0, 1.0, 1.0, 30.0, 141.90538175510554], [3.0, 1.0, 2.0, 60.0, 148.22641604293108], [105.0, 1.0, 1.0, 30.0, 151.7688691800117], [19.0, 2.0, 2.0, 60.0, 152.9585189515018], [17.0, 2.0, 2.0, 60.0, 155.26396063278915], [45.0, 3.0, 2.0, 60.0, 158.4717443187417], [41.0, 2.0, 2.0, 60.0, 160.19091112593068], [14.0, 3.0, 2.0, 60.0, 161.80046723046223], [40.0, 2.0, 2.0, 60.0, 166.19504064142495], [119.0, 2.0, 2.0, 60.0, 167.67977668606895], [52.0, 2.0, 2.0, 60.0, 174.34828881122837], [52.0, 2.0, 2.0, 60.0, 181.30260874245792], [445.0, 2.0, 1.0, 30.0, 186.72302338228388], [68.0, 2.0, 2.0, 60.0, 187.08816512218607], [55.0, 2.0, 2.0, 60.0, 192.75850263079985], [27.0, 2.0, 2.0, 60.0, 199.5301925701257], [129.0, 1.0, 1.0, 30.0, 205.14039082741283], [45.0, 2.0, 2.0, 60.0, 206.54063642859495], [22.0, 2.0, 1.0, 30.0, 208.1453173837751], [17.0, 1.0, 1.0, 30.0, 208.9739969202831], [24.0, 3.0, 1.0, 30.0, 210.74581448374042], [18.0, 1.0, 1.0, 30.0, 210.85151326578935], [59.0, 2.0, 3.0, 120.0, 211.68829524636791], [58.0, 2.0, 2.0, 60.0, 218.2635794691037], [79.0, 2.0, 2.0, 60.0, 238.24236082502787], [79.0, 1.0, 2.0, 60.0, 241.06005128697106], [91.0, 1.0, 1.0, 30.0, 242.4802497949752], [62.0, 2.0, 2.0, 60.0, 244.4690310645114], [134.0, 3.0, 2.0, 60.0, 246.27574217918595], [80.0, 2.0, 2.0, 60.0, 246.92391019530396], [22.0, 2.0, 2.0, 60.0, 252.340535869662], [79.0, 1.0, 1.0, 30.0, 259.21978013724924], [107.0, 2.0, 2.0, 60.0, 266.7588257904633], [53.0, 2.0, 2.0, 60.0, 293.3082397692622], [55.0, 3.0, 1.0, 30.0, 303.841540943146], [17.0, 1.0, 1.0, 30.0, 312.06587014562393], [46.0, 3.0, 2.0, 60.0, 317.28332755550696], [84.0, 1.0, 1.0, 30.0, 320.2459485503109], [29.0, 3.0, 1.0, 30.0, 320.46821633167013], [93.0, 2.0, 2.0, 60.0, 325.25123026577114], [10.0, 1.0, 1.0, 30.0, 328.35814570323583], [72.0, 3.0, 1.0, 30.0, 335.8979525787838], [105.0, 1.0, 2.0, 60.0, 346.037960484565], [9.0, 3.0, 1.0, 30.0, 347.69830455805135], [66.0, 2.0, 1.0, 30.0, 347.94705816407], [12.0, 2.0, 2.0, 60.0, 352.5711693396838], [64.0, 1.0, 2.0, 60.0, 365.3382663386541], [134.0, 3.0, 2.0, 60.0, 369.44362432169635], [99.0, 2.0, 2.0, 60.0, 380.09833875091823], [28.0, 1.0, 1.0, 30.0, 383.8634124776174], [86.0, 2.0, 2.0, 60.0, 390.4333827158369], [100.0, 3.0, 3.0, 120.0, 391.8772976892559], [111.0, 1.0, 1.0, 30.0, 392.54938394344936], [19.0, 1.0, 1.0, 30.0, 393.26178810715084], [100.0, 3.0, 3.0, 120.0, 393.85019969752625], [47.0, 2.0, 2.0, 60.0, 394.1235652920939], [100.0, 2.0, 3.0, 120.0, 402.7065312495663], [272.0, 1.0, 1.0, 30.0, 404.9496062434009], [40.0, 2.0, 2.0, 60.0, 406.8802625567264], [81.0, 1.0, 2.0, 60.0, 411.5550592296831], [13.0, 2.0, 2.0, 60.0, 412.491396507024], [60.0, 2.0, 2.0, 60.0, 422.0828587162822], [92.0, 2.0, 2.0, 60.0, 428.54263891348444], [5.0, 1.0, 1.0, 30.0, 430.18884989348794], [32.0, 2.0, 2.0, 60.0, 431.1918089653501], [115.0, 3.0, 1.0, 30.0, 433.84690701169285]]","[62, 63, 74]","[[1, 0], [2, 3, 0], [0, 2, 0]]","[2, 2, 1]",200,10
82,238.4708055297534,0.01142975886662801,0.2829931308438911,4.456487741847382,5.131574329383878,29.463535392525362,123.53322756310479,463.9825847246715,862.0479119634974,3,0.11474999999999998,0.4937201424573086,0.02395369263331862,"[1, 2, 0]","[26.12321034116449, 27.44161548975303, 12.182048448558714]",6,6000,"[[ 0.          7.96815149 10.41139596  8.67661119  7.87155498]
 [ 7.96815149  0.          2.44324447  1.21480682  0.61364417]
 [10.41139596  2.44324447  0.          2.67203641  3.05688864]
 [ 8.67661119  1.21480682  2.67203641  0.          1.32210386]
 [ 7.87155498  0.61364417  3.05688864  1.32210386  0.        ]]","[[20.0, 2.0, 2.0, 60.0, 0.0], [45.0, 1.0, 2.0, 60.0, 0.0], [100.0, 2.0, 2.0, 60.0, 0.0], [46.0, 2.0, 1.0, 30.0, 0.0], [29.0, 3.0, 1.0, 30.0, 0.0], [89.0, 2.0, 2.0, 60.0, 0.0], [21.0, 1.0, 2.0, 60.0, 0.0], [110.0, 1.0, 1.0, 30.0, 0.0], [30.0, 2.0, 2.0, 60.0, 0.0], [53.0, 2.0, 2.0, 60.0, 0.0], [35.0, 3.0, 1.0, 30.0, 0.0], [29.0, 3.0, 1.0, 30.0, 0.0], [85.0, 3.0, 2.0, 60.0, 0.0], [21.0, 3.0, 2.0, 60.0, 0.0], [48.0, 2.0, 2.0, 60.0, 0.0], [45.0, 2.0, 2.0, 60.0, 0.0], [88.0, 3.0, 3.0, 120.0, 0.0], [58.0, 2.0, 2.0, 60.0, 0.0], [141.0, 1.0, 2.0, 60.0, 0.0], [445.0, 1.0, 1.0, 30.0, 0.0], [55.0, 2.0, 2.0, 60.0, 0.0], [100.0, 1.0, 3.0, 120.0, 0.0], [25.0, 2.0, 2.0, 60.0, 0.0], [4.0, 1.0, 1.0, 30.0, 0.0], [73.0, 3.0, 2.0, 60.0, 12.021043019829973], [11.0, 1.0, 2.0, 60.0, 23.70199129895224], [24.0, 2.0, 2.0, 60.0, 35.625796298323515], [80.0, 2.0, 2.0, 60.0, 37.02476774758143], [16.0, 2.0, 1.0, 30.0, 37.456954746073315], [45.0, 2.0, 2.0, 60.0, 44.72025732460407], [47.0, 2.0, 2.0, 60.0, 51.770060795891936], [104.0, 2.0, 2.0, 60.0, 67.39154057863942], [79.0, 2.0, 2.0, 60.0, 67.78801156455697], [65.0, 2.0, 2.0, 60.0, 73.02081579727279], [10.0, 3.0, 1.0, 30.0, 73.37299733126183], [92.0, 2.0, 2.0, 60.0, 78.81811547138163], [34.0, 2.0, 2.0, 60.0, 87.47475223580068], [23.0, 1.0, 1.0, 30.0, 89.40922635875023], [55.0, 2.0, 2.0, 60.0, 95.5671546720581], [184.0, 3.0, 2.0, 60.0, 96.33602094118923], [121.0, 3.0, 2.0, 60.0, 96.7939072781402], [61.0, 2.0, 2.0, 60.0, 98.36980328880216], [90.0, 2.0, 2.0, 60.0, 102.87579966565295], [18.0, 1.0, 1.0, 30.0, 104.9407263143454], [13.0, 1.0, 1.0, 30.0, 111.17765606341352], [184.0, 2.0, 2.0, 60.0, 112.29553792447513], [59.0, 3.0, 2.0, 60.0, 121.48538924519744], [87.0, 3.0, 1.0, 30.0, 127.62081856126873], [76.0, 1.0, 1.0, 30.0, 130.89979933108373], [64.0, 2.0, 2.0, 60.0, 132.98523286264282], [79.0, 1.0, 1.0, 30.0, 135.25183130913413], [74.0, 1.0, 1.0, 30.0, 135.6372170444124], [132.0, 1.0, 1.0, 30.0, 136.53537831628518], [13.0, 1.0, 1.0, 30.0, 139.96198057430644], [37.0, 1.0, 1.0, 30.0, 141.90538175510554], [3.0, 1.0, 2.0, 60.0, 148.22641604293108], [105.0, 1.0, 1.0, 30.0, 151.7688691800117], [19.0, 2.0, 2.0, 60.0, 152.9585189515018], [17.0, 2.0, 2.0, 60.0, 155.26396063278915], [45.0, 3.0, 2.0, 60.0, 158.4717443187417], [41.0, 2.0, 2.0, 60.0, 160.19091112593068], [14.0, 3.0, 2.0, 60.0, 161.80046723046223], [40.0, 2.0, 2.0, 60.0, 166.19504064142495], [119.0, 2.0, 2.0, 60.0, 167.67977668606895], [52.0, 2.0, 2.0, 60.0, 174.34828881122837], [52.0, 2.0, 2.0, 60.0, 181.30260874245792], [445.0, 2.0, 1.0, 30.0, 186.72302338228388], [68.0, 2.0, 2.0, 60.0, 187.08816512218607], [55.0, 2.0, 2.0, 60.0, 192.75850263079985], [27.0, 2.0, 2.0, 60.0, 199.5301925701257], [129.0, 1.0, 1.0, 30.0, 205.14039082741283], [45.0, 2.0, 2.0, 60.0, 206.54063642859495], [22.0, 2.0, 1.0, 30.0, 208.1453173837751], [17.0, 1.0, 1.0, 30.0, 208.9739969202831], [24.0, 3.0, 1.0, 30.0, 210.74581448374042], [18.0, 1.0, 1.0, 30.0, 210.85151326578935], [59.0, 2.0, 3.0, 120.0, 211.68829524636791], [58.0, 2.0, 2.0, 60.0, 218.2635794691037], [79.0, 2.0, 2.0, 60.0, 238.24236082502787], [79.0, 1.0, 2.0, 60.0, 241.06005128697106], [91.0, 1.0, 1.0, 30.0, 242.4802497949752], [62.0, 2.0, 2.0, 60.0, 244.4690310645114], [134.0, 3.0, 2.0, 60.0, 246.27574217918595], [80.0, 2.0, 2.0, 60.0, 246.92391019530396], [22.0, 2.0, 2.0, 60.0, 252.340535869662], [79.0, 1.0, 1.0, 30.0, 259.21978013724924], [107.0, 2.0, 2.0, 60.0, 266.7588257904633], [53.0, 2.0, 2.0, 60.0, 293.3082397692622], [55.0, 3.0, 1.0, 30.0, 303.841540943146], [17.0, 1.0, 1.0, 30.0, 312.06587014562393], [46.0, 3.0, 2.0, 60.0, 317.28332755550696], [84.0, 1.0, 1.0, 30.0, 320.2459485503109], [29.0, 3.0, 1.0, 30.0, 320.46821633167013], [93.0, 2.0, 2.0, 60.0, 325.25123026577114], [10.0, 1.0, 1.0, 30.0, 328.35814570323583], [72.0, 3.0, 1.0, 30.0, 335.8979525787838], [105.0, 1.0, 2.0, 60.0, 346.037960484565], [9.0, 3.0, 1.0, 30.0, 347.69830455805135], [66.0, 2.0, 1.0, 30.0, 347.94705816407], [12.0, 2.0, 2.0, 60.0, 352.5711693396838], [64.0, 1.0, 2.0, 60.0, 365.3382663386541], [134.0, 3.0, 2.0, 60.0, 369.44362432169635], [99.0, 2.0, 2.0, 60.0, 380.09833875091823], [28.0, 1.0, 1.0, 30.0, 383.8634124776174], [86.0, 2.0, 2.0, 60.0, 390.4333827158369], [100.0, 3.0, 3.0, 120.0, 391.8772976892559], [111.0, 1.0, 1.0, 30.0, 392.54938394344936], [19.0, 1.0, 1.0, 30.0, 393.26178810715084], [100.0, 3.0, 3.0, 120.0, 393.85019969752625], [47.0, 2.0, 2.0, 60.0, 394.1235652920939], [100.0, 2.0, 3.0, 120.0, 402.7065312495663], [272.0, 1.0, 1.0, 30.0, 404.9496062434009], [40.0, 2.0, 2.0, 60.0, 406.8802625567264], [81.0, 1.0, 2.0, 60.0, 411.5550592296831], [13.0, 2.0, 2.0, 60.0, 412.491396507024], [60.0, 2.0, 2.0, 60.0, 422.0828587162822], [92.0, 2.0, 2.0, 60.0, 428.54263891348444], [5.0, 1.0, 1.0, 30.0, 430.18884989348794], [32.0, 2.0, 2.0, 60.0, 431.1918089653501], [115.0, 3.0, 1.0, 30.0, 433.84690701169285]]","[62, 63, 74, 78]","[[1, 0], [2, 3, 0], [0, 2, 0]]","[2, 2, 1, 2]",200,10
83,240.48223528862002,0.010727266470591227,0.29173198646815934,4.137071771001656,4.705284286860665,32.824959812384705,147.11198715527632,465.4930584339685,964.8513210616162,2,0.12125,0.46955420323610675,0.025272262729467653,"[0, 2, 0]","[26.837706531499602, 27.44161548975303, 12.182048448558714]",6,6000,"[[ 0.          8.93829682 11.25175207  9.46447639  8.76416167]
 [ 8.93829682  0.          2.31345525  1.27118895  0.77419106]
 [11.25175207  2.31345525  0.          2.47686242  3.08733924]
 [ 9.46447639  1.27118895  2.47686242  0.          1.21736237]
 [ 8.76416167  0.77419106  3.08733924  1.21736237  0.        ]]","[[20.0, 2.0, 2.0, 60.0, 0.0], [45.0, 1.0, 2.0, 60.0, 0.0], [100.0, 2.0, 2.0, 60.0, 0.0], [46.0, 2.0, 1.0, 30.0, 0.0], [29.0, 3.0, 1.0, 30.0, 0.0], [89.0, 2.0, 2.0, 60.0, 0.0], [21.0, 1.0, 2.0, 60.0, 0.0], [110.0, 1.0, 1.0, 30.0, 0.0], [30.0, 2.0, 2.0, 60.0, 0.0], [53.0, 2.0, 2.0, 60.0, 0.0], [35.0, 3.0, 1.0, 30.0, 0.0], [29.0, 3.0, 1.0, 30.0, 0.0], [85.0, 3.0, 2.0, 60.0, 0.0], [21.0, 3.0, 2.0, 60.0, 0.0], [48.0, 2.0, 2.0, 60.0, 0.0], [45.0, 2.0, 2.0, 60.0, 0.0], [88.0, 3.0, 3.0, 120.0, 0.0], [58.0, 2.0, 2.0, 60.0, 0.0], [141.0, 1.0, 2.0, 60.0, 0.0], [445.0, 1.0, 1.0, 30.0, 0.0], [55.0, 2.0, 2.0, 60.0, 0.0], [100.0, 1.0, 3.0, 120.0, 0.0], [25.0, 2.0, 2.0, 60.0, 0.0], [4.0, 1.0, 1.0, 30.0, 0.0], [73.0, 3.0, 2.0, 60.0, 12.021043019829973], [11.0, 1.0, 2.0, 60.0, 23.70199129895224], [24.0, 2.0, 2.0, 60.0, 35.625796298323515], [80.0, 2.0, 2.0, 60.0, 37.02476774758143], [16.0, 2.0, 1.0, 30.0, 37.456954746073315], [45.0, 2.0, 2.0, 60.0, 44.72025732460407], [47.0, 2.0, 2.0, 60.0, 51.770060795891936], [104.0, 2.0, 2.0, 60.0, 67.39154057863942], [79.0, 2.0, 2.0, 60.0, 67.78801156455697], [65.0, 2.0, 2.0, 60.0, 73.02081579727279], [10.0, 3.0, 1.0, 30.0, 73.37299733126183], [92.0, 2.0, 2.0, 60.0, 78.81811547138163], [34.0, 2.0, 2.0, 60.0, 87.47475223580068], [23.0, 1.0, 1.0, 30.0, 89.40922635875023], [55.0, 2.0, 2.0, 60.0, 95.5671546720581], [184.0, 3.0, 2.0, 60.0, 96.33602094118923], [121.0, 3.0, 2.0, 60.0, 96.7939072781402], [61.0, 2.0, 2.0, 60.0, 98.36980328880216], [90.0, 2.0, 2.0, 60.0, 102.87579966565295], [18.0, 1.0, 1.0, 30.0, 104.9407263143454], [13.0, 1.0, 1.0, 30.0, 111.17765606341352], [184.0, 2.0, 2.0, 60.0, 112.29553792447513], [59.0, 3.0, 2.0, 60.0, 121.48538924519744], [87.0, 3.0, 1.0, 30.0, 127.62081856126873], [76.0, 1.0, 1.0, 30.0, 130.89979933108373], [64.0, 2.0, 2.0, 60.0, 132.98523286264282], [79.0, 1.0, 1.0, 30.0, 135.25183130913413], [74.0, 1.0, 1.0, 30.0, 135.6372170444124], [132.0, 1.0, 1.0, 30.0, 136.53537831628518], [13.0, 1.0, 1.0, 30.0, 139.96198057430644], [37.0, 1.0, 1.0, 30.0, 141.90538175510554], [3.0, 1.0, 2.0, 60.0, 148.22641604293108], [105.0, 1.0, 1.0, 30.0, 151.7688691800117], [19.0, 2.0, 2.0, 60.0, 152.9585189515018], [17.0, 2.0, 2.0, 60.0, 155.26396063278915], [45.0, 3.0, 2.0, 60.0, 158.4717443187417], [41.0, 2.0, 2.0, 60.0, 160.19091112593068], [14.0, 3.0, 2.0, 60.0, 161.80046723046223], [40.0, 2.0, 2.0, 60.0, 166.19504064142495], [119.0, 2.0, 2.0, 60.0, 167.67977668606895], [52.0, 2.0, 2.0, 60.0, 174.34828881122837], [52.0, 2.0, 2.0, 60.0, 181.30260874245792], [445.0, 2.0, 1.0, 30.0, 186.72302338228388], [68.0, 2.0, 2.0, 60.0, 187.08816512218607], [55.0, 2.0, 2.0, 60.0, 192.75850263079985], [27.0, 2.0, 2.0, 60.0, 199.5301925701257], [129.0, 1.0, 1.0, 30.0, 205.14039082741283], [45.0, 2.0, 2.0, 60.0, 206.54063642859495], [22.0, 2.0, 1.0, 30.0, 208.1453173837751], [17.0, 1.0, 1.0, 30.0, 208.9739969202831], [24.0, 3.0, 1.0, 30.0, 210.74581448374042], [18.0, 1.0, 1.0, 30.0, 210.85151326578935], [59.0, 2.0, 3.0, 120.0, 211.68829524636791], [58.0, 2.0, 2.0, 60.0, 218.2635794691037], [79.0, 2.0, 2.0, 60.0, 238.24236082502787], [79.0, 1.0, 2.0, 60.0, 241.06005128697106], [91.0, 1.0, 1.0, 30.0, 242.4802497949752], [62.0, 2.0, 2.0, 60.0, 244.4690310645114], [134.0, 3.0, 2.0, 60.0, 246.27574217918595], [80.0, 2.0, 2.0, 60.0, 246.92391019530396], [22.0, 2.0, 2.0, 60.0, 252.340535869662], [79.0, 1.0, 1.0, 30.0, 259.21978013724924], [107.0, 2.0, 2.0, 60.0, 266.7588257904633], [53.0, 2.0, 2.0, 60.0, 293.3082397692622], [55.0, 3.0, 1.0, 30.0, 303.841540943146], [17.0, 1.0, 1.0, 30.0, 312.06587014562393], [46.0, 3.0, 2.0, 60.0, 317.28332755550696], [84.0, 1.0, 1.0, 30.0, 320.2459485503109], [29.0, 3.0, 1.0, 30.0, 320.46821633167013], [93.0, 2.0, 2.0, 60.0, 325.25123026577114], [10.0, 1.0, 1.0, 30.0, 328.35814570323583], [72.0, 3.0, 1.0, 30.0, 335.8979525787838], [105.0, 1.0, 2.0, 60.0, 346.037960484565], [9.0, 3.0, 1.0, 30.0, 347.69830455805135], [66.0, 2.0, 1.0, 30.0, 347.94705816407], [12.0, 2.0, 2.0, 60.0, 352.5711693396838], [64.0, 1.0, 2.0, 60.0, 365.3382663386541], [134.0, 3.0, 2.0, 60.0, 369.44362432169635], [99.0, 2.0, 2.0, 60.0, 380.09833875091823], [28.0, 1.0, 1.0, 30.0, 383.8634124776174], [86.0, 2.0, 2.0, 60.0, 390.4333827158369], [100.0, 3.0, 3.0, 120.0, 391.8772976892559], [111.0, 1.0, 1.0, 30.0, 392.54938394344936], [19.0, 1.0, 1.0, 30.0, 393.26178810715084], [100.0, 3.0, 3.0, 120.0, 393.85019969752625], [47.0, 2.0, 2.0, 60.0, 394.1235652920939], [100.0, 2.0, 3.0, 120.0, 402.7065312495663], [272.0, 1.0, 1.0, 30.0, 404.9496062434009], [40.0, 2.0, 2.0, 60.0, 406.8802625567264], [81.0, 1.0, 2.0, 60.0, 411.5550592296831], [13.0, 2.0, 2.0, 60.0, 412.491396507024], [60.0, 2.0, 2.0, 60.0, 422.0828587162822], [92.0, 2.0, 2.0, 60.0, 428.54263891348444], [5.0, 1.0, 1.0, 30.0, 430.18884989348794], [32.0, 2.0, 2.0, 60.0, 431.1918089653501], [115.0, 3.0, 1.0, 30.0, 433.84690701169285]]","[62, 63, 74, 78]","[[0], [2, 3, 0], [0, 2, 0]]","[2, 2, 1, 2]",200,10
84,242.4929625550906,0.010813363393147786,0.2917996506250735,12.762406393897377,8.84549527148125,32.85310538942581,148.59948328509319,1436.8923382301143,1817.177302619386,4,0.26275000000000004,0.7120080689496162,0.0817437448873528,"[0, 3, 0]","[28.848433797970195, 27.44161548975303, 12.182048448558714]",6,6000,"[[ 0.          8.93829682 11.25878846  9.52307125  8.76416167]
 [ 8.93829682  0.          2.32049164  1.32978382  0.77419106]
 [11.25878846  2.32049164  0.          2.49212699  3.04400895]
 [ 9.52307125  1.32978382  2.49212699  0.          1.27595723]
 [ 8.76416167  0.77419106  3.04400895  1.27595723  0.        ]]","[[20.0, 2.0, 2.0, 60.0, 0.0], [45.0, 1.0, 2.0, 60.0, 0.0], [100.0, 2.0, 2.0, 60.0, 0.0], [46.0, 2.0, 1.0, 30.0, 0.0], [29.0, 3.0, 1.0, 30.0, 0.0], [89.0, 2.0, 2.0, 60.0, 0.0], [21.0, 1.0, 2.0, 60.0, 0.0], [110.0, 1.0, 1.0, 30.0, 0.0], [30.0, 2.0, 2.0, 60.0, 0.0], [53.0, 2.0, 2.0, 60.0, 0.0], [35.0, 3.0, 1.0, 30.0, 0.0], [29.0, 3.0, 1.0, 30.0, 0.0], [85.0, 3.0, 2.0, 60.0, 0.0], [21.0, 3.0, 2.0, 60.0, 0.0], [48.0, 2.0, 2.0, 60.0, 0.0], [45.0, 2.0, 2.0, 60.0, 0.0], [88.0, 3.0, 3.0, 120.0, 0.0], [58.0, 2.0, 2.0, 60.0, 0.0], [141.0, 1.0, 2.0, 60.0, 0.0], [445.0, 1.0, 1.0, 30.0, 0.0], [55.0, 2.0, 2.0, 60.0, 0.0], [100.0, 1.0, 3.0, 120.0, 0.0], [25.0, 2.0, 2.0, 60.0, 0.0], [4.0, 1.0, 1.0, 30.0, 0.0], [73.0, 3.0, 2.0, 60.0, 12.021043019829973], [11.0, 1.0, 2.0, 60.0, 23.70199129895224], [24.0, 2.0, 2.0, 60.0, 35.625796298323515], [80.0, 2.0, 2.0, 60.0, 37.02476774758143], [16.0, 2.0, 1.0, 30.0, 37.456954746073315], [45.0, 2.0, 2.0, 60.0, 44.72025732460407], [47.0, 2.0, 2.0, 60.0, 51.770060795891936], [104.0, 2.0, 2.0, 60.0, 67.39154057863942], [79.0, 2.0, 2.0, 60.0, 67.78801156455697], [65.0, 2.0, 2.0, 60.0, 73.02081579727279], [10.0, 3.0, 1.0, 30.0, 73.37299733126183], [92.0, 2.0, 2.0, 60.0, 78.81811547138163], [34.0, 2.0, 2.0, 60.0, 87.47475223580068], [23.0, 1.0, 1.0, 30.0, 89.40922635875023], [55.0, 2.0, 2.0, 60.0, 95.5671546720581], [184.0, 3.0, 2.0, 60.0, 96.33602094118923], [121.0, 3.0, 2.0, 60.0, 96.7939072781402], [61.0, 2.0, 2.0, 60.0, 98.36980328880216], [90.0, 2.0, 2.0, 60.0, 102.87579966565295], [18.0, 1.0, 1.0, 30.0, 104.9407263143454], [13.0, 1.0, 1.0, 30.0, 111.17765606341352], [184.0, 2.0, 2.0, 60.0, 112.29553792447513], [59.0, 3.0, 2.0, 60.0, 121.48538924519744], [87.0, 3.0, 1.0, 30.0, 127.62081856126873], [76.0, 1.0, 1.0, 30.0, 130.89979933108373], [64.0, 2.0, 2.0, 60.0, 132.98523286264282], [79.0, 1.0, 1.0, 30.0, 135.25183130913413], [74.0, 1.0, 1.0, 30.0, 135.6372170444124], [132.0, 1.0, 1.0, 30.0, 136.53537831628518], [13.0, 1.0, 1.0, 30.0, 139.96198057430644], [37.0, 1.0, 1.0, 30.0, 141.90538175510554], [3.0, 1.0, 2.0, 60.0, 148.22641604293108], [105.0, 1.0, 1.0, 30.0, 151.7688691800117], [19.0, 2.0, 2.0, 60.0, 152.9585189515018], [17.0, 2.0, 2.0, 60.0, 155.26396063278915], [45.0, 3.0, 2.0, 60.0, 158.4717443187417], [41.0, 2.0, 2.0, 60.0, 160.19091112593068], [14.0, 3.0, 2.0, 60.0, 161.80046723046223], [40.0, 2.0, 2.0, 60.0, 166.19504064142495], [119.0, 2.0, 2.0, 60.0, 167.67977668606895], [52.0, 2.0, 2.0, 60.0, 174.34828881122837], [52.0, 2.0, 2.0, 60.0, 181.30260874245792], [445.0, 2.0, 1.0, 30.0, 186.72302338228388], [68.0, 2.0, 2.0, 60.0, 187.08816512218607], [55.0, 2.0, 2.0, 60.0, 192.75850263079985], [27.0, 2.0, 2.0, 60.0, 199.5301925701257], [129.0, 1.0, 1.0, 30.0, 205.14039082741283], [45.0, 2.0, 2.0, 60.0, 206.54063642859495], [22.0, 2.0, 1.0, 30.0, 208.1453173837751], [17.0, 1.0, 1.0, 30.0, 208.9739969202831], [24.0, 3.0, 1.0, 30.0, 210.74581448374042], [18.0, 1.0, 1.0, 30.0, 210.85151326578935], [59.0, 2.0, 3.0, 120.0, 211.68829524636791], [58.0, 2.0, 2.0, 60.0, 218.2635794691037], [79.0, 2.0, 2.0, 60.0, 238.24236082502787], [79.0, 1.0, 2.0, 60.0, 241.06005128697106], [91.0, 1.0, 1.0, 30.0, 242.4802497949752], [62.0, 2.0, 2.0, 60.0, 244.4690310645114], [134.0, 3.0, 2.0, 60.0, 246.27574217918595], [80.0, 2.0, 2.0, 60.0, 246.92391019530396], [22.0, 2.0, 2.0, 60.0, 252.340535869662], [79.0, 1.0, 1.0, 30.0, 259.21978013724924], [107.0, 2.0, 2.0, 60.0, 266.7588257904633], [53.0, 2.0, 2.0, 60.0, 293.3082397692622], [55.0, 3.0, 1.0, 30.0, 303.841540943146], [17.0, 1.0, 1.0, 30.0, 312.06587014562393], [46.0, 3.0, 2.0, 60.0, 317.28332755550696], [84.0, 1.0, 1.0, 30.0, 320.2459485503109], [29.0, 3.0, 1.0, 30.0, 320.46821633167013], [93.0, 2.0, 2.0, 60.0, 325.25123026577114], [10.0, 1.0, 1.0, 30.0, 328.35814570323583], [72.0, 3.0, 1.0, 30.0, 335.8979525787838], [105.0, 1.0, 2.0, 60.0, 346.037960484565], [9.0, 3.0, 1.0, 30.0, 347.69830455805135], [66.0, 2.0, 1.0, 30.0, 347.94705816407], [12.0, 2.0, 2.0, 60.0, 352.5711693396838], [64.0, 1.0, 2.0, 60.0, 365.3382663386541], [134.0, 3.0, 2.0, 60.0, 369.44362432169635], [99.0, 2.0, 2.0, 60.0, 380.09833875091823], [28.0, 1.0, 1.0, 30.0, 383.8634124776174], [86.0, 2.0, 2.0, 60.0, 390.4333827158369], [100.0, 3.0, 3.0, 120.0, 391.8772976892559], [111.0, 1.0, 1.0, 30.0, 392.54938394344936], [19.0, 1.0, 1.0, 30.0, 393.26178810715084], [100.0, 3.0, 3.0, 120.0, 393.85019969752625], [47.0, 2.0, 2.0, 60.0, 394.1235652920939], [100.0, 2.0, 3.0, 120.0, 402.7065312495663], [272.0, 1.0, 1.0, 30.0, 404.9496062434009], [40.0, 2.0, 2.0, 60.0, 406.8802625567264], [81.0, 1.0, 2.0, 60.0, 411.5550592296831], [13.0, 2.0, 2.0, 60.0, 412.491396507024], [60.0, 2.0, 2.0, 60.0, 422.0828587162822], [92.0, 2.0, 2.0, 60.0, 428.54263891348444], [5.0, 1.0, 1.0, 30.0, 430.18884989348794], [32.0, 2.0, 2.0, 60.0, 431.1918089653501], [115.0, 3.0, 1.0, 30.0, 433.84690701169285]]","[62, 63, 78, 79, 80]","[[0], [3, 0], [0, 2, 1, 0]]","[2, 2, 2, 2, 2]",200,10
85,244.50377591848374,0.01019441286722819,0.49119267161891117,17.2738804786857,10.377548222676584,54.99384106078804,40.691102502019106,1933.9804773897545,2060.3493173086385,2,0.35100000000000003,0.7702534827997726,0.15371531186778256,"[0, 3, 2]","[30.859247161363342, 17.91854424158887, 12.182048448558714]",6,6000,"[[ 0.          8.93829682 11.19598158  9.59193637  8.76416167]
 [ 8.93829682  0.          2.25768477  1.39864894  0.77419106]
 [11.19598158  2.25768477  0.          2.45687769  3.03187582]
 [ 9.59193637  1.39864894  2.45687769  0.          1.34482236]
 [ 8.76416167  0.77419106  3.03187582  1.34482236  0.        ]]","[[20.0, 2.0, 2.0, 60.0, 0.0], [45.0, 1.0, 2.0, 60.0, 0.0], [100.0, 2.0, 2.0, 60.0, 0.0], [46.0, 2.0, 1.0, 30.0, 0.0], [29.0, 3.0, 1.0, 30.0, 0.0], [89.0, 2.0, 2.0, 60.0, 0.0], [21.0, 1.0, 2.0, 60.0, 0.0], [110.0, 1.0, 1.0, 30.0, 0.0], [30.0, 2.0, 2.0, 60.0, 0.0], [53.0, 2.0, 2.0, 60.0, 0.0], [35.0, 3.0, 1.0, 30.0, 0.0], [29.0, 3.0, 1.0, 30.0, 0.0], [85.0, 3.0, 2.0, 60.0, 0.0], [21.0, 3.0, 2.0, 60.0, 0.0], [48.0, 2.0, 2.0, 60.0, 0.0], [45.0, 2.0, 2.0, 60.0, 0.0], [88.0, 3.0, 3.0, 120.0, 0.0], [58.0, 2.0, 2.0, 60.0, 0.0], [141.0, 1.0, 2.0, 60.0, 0.0], [445.0, 1.0, 1.0, 30.0, 0.0], [55.0, 2.0, 2.0, 60.0, 0.0], [100.0, 1.0, 3.0, 120.0, 0.0], [25.0, 2.0, 2.0, 60.0, 0.0], [4.0, 1.0, 1.0, 30.0, 0.0], [73.0, 3.0, 2.0, 60.0, 12.021043019829973], [11.0, 1.0, 2.0, 60.0, 23.70199129895224], [24.0, 2.0, 2.0, 60.0, 35.625796298323515], [80.0, 2.0, 2.0, 60.0, 37.02476774758143], [16.0, 2.0, 1.0, 30.0, 37.456954746073315], [45.0, 2.0, 2.0, 60.0, 44.72025732460407], [47.0, 2.0, 2.0, 60.0, 51.770060795891936], [104.0, 2.0, 2.0, 60.0, 67.39154057863942], [79.0, 2.0, 2.0, 60.0, 67.78801156455697], [65.0, 2.0, 2.0, 60.0, 73.02081579727279], [10.0, 3.0, 1.0, 30.0, 73.37299733126183], [92.0, 2.0, 2.0, 60.0, 78.81811547138163], [34.0, 2.0, 2.0, 60.0, 87.47475223580068], [23.0, 1.0, 1.0, 30.0, 89.40922635875023], [55.0, 2.0, 2.0, 60.0, 95.5671546720581], [184.0, 3.0, 2.0, 60.0, 96.33602094118923], [121.0, 3.0, 2.0, 60.0, 96.7939072781402], [61.0, 2.0, 2.0, 60.0, 98.36980328880216], [90.0, 2.0, 2.0, 60.0, 102.87579966565295], [18.0, 1.0, 1.0, 30.0, 104.9407263143454], [13.0, 1.0, 1.0, 30.0, 111.17765606341352], [184.0, 2.0, 2.0, 60.0, 112.29553792447513], [59.0, 3.0, 2.0, 60.0, 121.48538924519744], [87.0, 3.0, 1.0, 30.0, 127.62081856126873], [76.0, 1.0, 1.0, 30.0, 130.89979933108373], [64.0, 2.0, 2.0, 60.0, 132.98523286264282], [79.0, 1.0, 1.0, 30.0, 135.25183130913413], [74.0, 1.0, 1.0, 30.0, 135.6372170444124], [132.0, 1.0, 1.0, 30.0, 136.53537831628518], [13.0, 1.0, 1.0, 30.0, 139.96198057430644], [37.0, 1.0, 1.0, 30.0, 141.90538175510554], [3.0, 1.0, 2.0, 60.0, 148.22641604293108], [105.0, 1.0, 1.0, 30.0, 151.7688691800117], [19.0, 2.0, 2.0, 60.0, 152.9585189515018], [17.0, 2.0, 2.0, 60.0, 155.26396063278915], [45.0, 3.0, 2.0, 60.0, 158.4717443187417], [41.0, 2.0, 2.0, 60.0, 160.19091112593068], [14.0, 3.0, 2.0, 60.0, 161.80046723046223], [40.0, 2.0, 2.0, 60.0, 166.19504064142495], [119.0, 2.0, 2.0, 60.0, 167.67977668606895], [52.0, 2.0, 2.0, 60.0, 174.34828881122837], [52.0, 2.0, 2.0, 60.0, 181.30260874245792], [445.0, 2.0, 1.0, 30.0, 186.72302338228388], [68.0, 2.0, 2.0, 60.0, 187.08816512218607], [55.0, 2.0, 2.0, 60.0, 192.75850263079985], [27.0, 2.0, 2.0, 60.0, 199.5301925701257], [129.0, 1.0, 1.0, 30.0, 205.14039082741283], [45.0, 2.0, 2.0, 60.0, 206.54063642859495], [22.0, 2.0, 1.0, 30.0, 208.1453173837751], [17.0, 1.0, 1.0, 30.0, 208.9739969202831], [24.0, 3.0, 1.0, 30.0, 210.74581448374042], [18.0, 1.0, 1.0, 30.0, 210.85151326578935], [59.0, 2.0, 3.0, 120.0, 211.68829524636791], [58.0, 2.0, 2.0, 60.0, 218.2635794691037], [79.0, 2.0, 2.0, 60.0, 238.24236082502787], [79.0, 1.0, 2.0, 60.0, 241.06005128697106], [91.0, 1.0, 1.0, 30.0, 242.4802497949752], [62.0, 2.0, 2.0, 60.0, 244.4690310645114], [134.0, 3.0, 2.0, 60.0, 246.27574217918595], [80.0, 2.0, 2.0, 60.0, 246.92391019530396], [22.0, 2.0, 2.0, 60.0, 252.340535869662], [79.0, 1.0, 1.0, 30.0, 259.21978013724924], [107.0, 2.0, 2.0, 60.0, 266.7588257904633], [53.0, 2.0, 2.0, 60.0, 293.3082397692622], [55.0, 3.0, 1.0, 30.0, 303.841540943146], [17.0, 1.0, 1.0, 30.0, 312.06587014562393], [46.0, 3.0, 2.0, 60.0, 317.28332755550696], [84.0, 1.0, 1.0, 30.0, 320.2459485503109], [29.0, 3.0, 1.0, 30.0, 320.46821633167013], [93.0, 2.0, 2.0, 60.0, 325.25123026577114], [10.0, 1.0, 1.0, 30.0, 328.35814570323583], [72.0, 3.0, 1.0, 30.0, 335.8979525787838], [105.0, 1.0, 2.0, 60.0, 346.037960484565], [9.0, 3.0, 1.0, 30.0, 347.69830455805135], [66.0, 2.0, 1.0, 30.0, 347.94705816407], [12.0, 2.0, 2.0, 60.0, 352.5711693396838], [64.0, 1.0, 2.0, 60.0, 365.3382663386541], [134.0, 3.0, 2.0, 60.0, 369.44362432169635], [99.0, 2.0, 2.0, 60.0, 380.09833875091823], [28.0, 1.0, 1.0, 30.0, 383.8634124776174], [86.0, 2.0, 2.0, 60.0, 390.4333827158369], [100.0, 3.0, 3.0, 120.0, 391.8772976892559], [111.0, 1.0, 1.0, 30.0, 392.54938394344936], [19.0, 1.0, 1.0, 30.0, 393.26178810715084], [100.0, 3.0, 3.0, 120.0, 393.85019969752625], [47.0, 2.0, 2.0, 60.0, 394.1235652920939], [100.0, 2.0, 3.0, 120.0, 402.7065312495663], [272.0, 1.0, 1.0, 30.0, 404.9496062434009], [40.0, 2.0, 2.0, 60.0, 406.8802625567264], [81.0, 1.0, 2.0, 60.0, 411.5550592296831], [13.0, 2.0, 2.0, 60.0, 412.491396507024], [60.0, 2.0, 2.0, 60.0, 422.0828587162822], [92.0, 2.0, 2.0, 60.0, 428.54263891348444], [5.0, 1.0, 1.0, 30.0, 430.18884989348794], [32.0, 2.0, 2.0, 60.0, 431.1918089653501], [115.0, 3.0, 1.0, 30.0, 433.84690701169285]]","[78, 79, 80, 81]","[[0], [3, 0], [2, 0, 1, 2, 0]]","[2, 2, 2, 2]",200,10
86,245.51397033135098,0.010380733013153075,0.36110981188602315,17.591689410002438,9.98720834320401,40.19005076752663,0.0,1957.8833562620334,2087.1074913661055,1,0.3325,0.7094591145015487,0.14712424969296545,"[0, 3, 2]","[31.86944157423057, 17.91854424158887, 1.052455885670451]",6,6000,"[[ 0.          8.93829682 11.12959256  9.33225897  8.76416167]
 [ 8.93829682  0.          2.25768477  1.1087968   0.74014145]
 [11.12959256  2.25768477  0.          2.45687769  2.88247855]
 [ 9.33225897  1.1087968   2.45687769  0.          1.08514496]
 [ 8.76416167  0.74014145  2.88247855  1.08514496  0.        ]]","[[20.0, 2.0, 2.0, 60.0, 0.0], [45.0, 1.0, 2.0, 60.0, 0.0], [100.0, 2.0, 2.0, 60.0, 0.0], [46.0, 2.0, 1.0, 30.0, 0.0], [29.0, 3.0, 1.0, 30.0, 0.0], [89.0, 2.0, 2.0, 60.0, 0.0], [21.0, 1.0, 2.0, 60.0, 0.0], [110.0, 1.0, 1.0, 30.0, 0.0], [30.0, 2.0, 2.0, 60.0, 0.0], [53.0, 2.0, 2.0, 60.0, 0.0], [35.0, 3.0, 1.0, 30.0, 0.0], [29.0, 3.0, 1.0, 30.0, 0.0], [85.0, 3.0, 2.0, 60.0, 0.0], [21.0, 3.0, 2.0, 60.0, 0.0], [48.0, 2.0, 2.0, 60.0, 0.0], [45.0, 2.0, 2.0, 60.0, 0.0], [88.0, 3.0, 3.0, 120.0, 0.0], [58.0, 2.0, 2.0, 60.0, 0.0], [141.0, 1.0, 2.0, 60.0, 0.0], [445.0, 1.0, 1.0, 30.0, 0.0], [55.0, 2.0, 2.0, 60.0, 0.0], [100.0, 1.0, 3.0, 120.0, 0.0], [25.0, 2.0, 2.0, 60.0, 0.0], [4.0, 1.0, 1.0, 30.0, 0.0], [73.0, 3.0, 2.0, 60.0, 12.021043019829973], [11.0, 1.0, 2.0, 60.0, 23.70199129895224], [24.0, 2.0, 2.0, 60.0, 35.625796298323515], [80.0, 2.0, 2.0, 60.0, 37.02476774758143], [16.0, 2.0, 1.0, 30.0, 37.456954746073315], [45.0, 2.0, 2.0, 60.0, 44.72025732460407], [47.0, 2.0, 2.0, 60.0, 51.770060795891936], [104.0, 2.0, 2.0, 60.0, 67.39154057863942], [79.0, 2.0, 2.0, 60.0, 67.78801156455697], [65.0, 2.0, 2.0, 60.0, 73.02081579727279], [10.0, 3.0, 1.0, 30.0, 73.37299733126183], [92.0, 2.0, 2.0, 60.0, 78.81811547138163], [34.0, 2.0, 2.0, 60.0, 87.47475223580068], [23.0, 1.0, 1.0, 30.0, 89.40922635875023], [55.0, 2.0, 2.0, 60.0, 95.5671546720581], [184.0, 3.0, 2.0, 60.0, 96.33602094118923], [121.0, 3.0, 2.0, 60.0, 96.7939072781402], [61.0, 2.0, 2.0, 60.0, 98.36980328880216], [90.0, 2.0, 2.0, 60.0, 102.87579966565295], [18.0, 1.0, 1.0, 30.0, 104.9407263143454], [13.0, 1.0, 1.0, 30.0, 111.17765606341352], [184.0, 2.0, 2.0, 60.0, 112.29553792447513], [59.0, 3.0, 2.0, 60.0, 121.48538924519744], [87.0, 3.0, 1.0, 30.0, 127.62081856126873], [76.0, 1.0, 1.0, 30.0, 130.89979933108373], [64.0, 2.0, 2.0, 60.0, 132.98523286264282], [79.0, 1.0, 1.0, 30.0, 135.25183130913413], [74.0, 1.0, 1.0, 30.0, 135.6372170444124], [132.0, 1.0, 1.0, 30.0, 136.53537831628518], [13.0, 1.0, 1.0, 30.0, 139.96198057430644], [37.0, 1.0, 1.0, 30.0, 141.90538175510554], [3.0, 1.0, 2.0, 60.0, 148.22641604293108], [105.0, 1.0, 1.0, 30.0, 151.7688691800117], [19.0, 2.0, 2.0, 60.0, 152.9585189515018], [17.0, 2.0, 2.0, 60.0, 155.26396063278915], [45.0, 3.0, 2.0, 60.0, 158.4717443187417], [41.0, 2.0, 2.0, 60.0, 160.19091112593068], [14.0, 3.0, 2.0, 60.0, 161.80046723046223], [40.0, 2.0, 2.0, 60.0, 166.19504064142495], [119.0, 2.0, 2.0, 60.0, 167.67977668606895], [52.0, 2.0, 2.0, 60.0, 174.34828881122837], [52.0, 2.0, 2.0, 60.0, 181.30260874245792], [445.0, 2.0, 1.0, 30.0, 186.72302338228388], [68.0, 2.0, 2.0, 60.0, 187.08816512218607], [55.0, 2.0, 2.0, 60.0, 192.75850263079985], [27.0, 2.0, 2.0, 60.0, 199.5301925701257], [129.0, 1.0, 1.0, 30.0, 205.14039082741283], [45.0, 2.0, 2.0, 60.0, 206.54063642859495], [22.0, 2.0, 1.0, 30.0, 208.1453173837751], [17.0, 1.0, 1.0, 30.0, 208.9739969202831], [24.0, 3.0, 1.0, 30.0, 210.74581448374042], [18.0, 1.0, 1.0, 30.0, 210.85151326578935], [59.0, 2.0, 3.0, 120.0, 211.68829524636791], [58.0, 2.0, 2.0, 60.0, 218.2635794691037], [79.0, 2.0, 2.0, 60.0, 238.24236082502787], [79.0, 1.0, 2.0, 60.0, 241.06005128697106], [91.0, 1.0, 1.0, 30.0, 242.4802497949752], [62.0, 2.0, 2.0, 60.0, 244.4690310645114], [134.0, 3.0, 2.0, 60.0, 246.27574217918595], [80.0, 2.0, 2.0, 60.0, 246.92391019530396], [22.0, 2.0, 2.0, 60.0, 252.340535869662], [79.0, 1.0, 1.0, 30.0, 259.21978013724924], [107.0, 2.0, 2.0, 60.0, 266.7588257904633], [53.0, 2.0, 2.0, 60.0, 293.3082397692622], [55.0, 3.0, 1.0, 30.0, 303.841540943146], [17.0, 1.0, 1.0, 30.0, 312.06587014562393], [46.0, 3.0, 2.0, 60.0, 317.28332755550696], [84.0, 1.0, 1.0, 30.0, 320.2459485503109], [29.0, 3.0, 1.0, 30.0, 320.46821633167013], [93.0, 2.0, 2.0, 60.0, 325.25123026577114], [10.0, 1.0, 1.0, 30.0, 328.35814570323583], [72.0, 3.0, 1.0, 30.0, 335.8979525787838], [105.0, 1.0, 2.0, 60.0, 346.037960484565], [9.0, 3.0, 1.0, 30.0, 347.69830455805135], [66.0, 2.0, 1.0, 30.0, 347.94705816407], [12.0, 2.0, 2.0, 60.0, 352.5711693396838], [64.0, 1.0, 2.0, 60.0, 365.3382663386541], [134.0, 3.0, 2.0, 60.0, 369.44362432169635], [99.0, 2.0, 2.0, 60.0, 380.09833875091823], [28.0, 1.0, 1.0, 30.0, 383.8634124776174], [86.0, 2.0, 2.0, 60.0, 390.4333827158369], [100.0, 3.0, 3.0, 120.0, 391.8772976892559], [111.0, 1.0, 1.0, 30.0, 392.54938394344936], [19.0, 1.0, 1.0, 30.0, 393.26178810715084], [100.0, 3.0, 3.0, 120.0, 393.85019969752625], [47.0, 2.0, 2.0, 60.0, 394.1235652920939], [100.0, 2.0, 3.0, 120.0, 402.7065312495663], [272.0, 1.0, 1.0, 30.0, 404.9496062434009], [40.0, 2.0, 2.0, 60.0, 406.8802625567264], [81.0, 1.0, 2.0, 60.0, 411.5550592296831], [13.0, 2.0, 2.0, 60.0, 412.491396507024], [60.0, 2.0, 2.0, 60.0, 422.0828587162822], [92.0, 2.0, 2.0, 60.0, 428.54263891348444], [5.0, 1.0, 1.0, 30.0, 430.18884989348794], [32.0, 2.0, 2.0, 60.0, 431.1918089653501], [115.0, 3.0, 1.0, 30.0, 433.84690701169285]]","[78, 79, 80, 81]","[[0, 1, 2, 0], [3, 0], [2, 0]]","[0, 0, 0, 0]",200,10
87,246.52435106436414,0.012118271986643473,0.20799384011655409,5.080082435769371,5.0091059136925224,22.50762342899472,0.0,549.7306188898378,586.1630682305587,5,0.07285714285714286,0.19490170174614593,0.016566701886405428,"[0, 3, 2]","[32.87982230724373, 17.91854424158887, 1.052455885670451]",6,6000,"[[ 0.          8.93829682 10.82129327  9.30455284  8.73687218]
 [ 8.93829682  0.          2.08848923  1.1087968   0.67573333]
 [10.82129327  2.08848923  0.          2.17628454  2.53747727]
 [ 9.30455284  1.1087968   2.17628454  0.          1.02073684]
 [ 8.73687218  0.67573333  2.53747727  1.02073684  0.        ]]","[[20.0, 2.0, 2.0, 60.0, 0.0], [45.0, 1.0, 2.0, 60.0, 0.0], [100.0, 2.0, 2.0, 60.0, 0.0], [46.0, 2.0, 1.0, 30.0, 0.0], [29.0, 3.0, 1.0, 30.0, 0.0], [89.0, 2.0, 2.0, 60.0, 0.0], [21.0, 1.0, 2.0, 60.0, 0.0], [110.0, 1.0, 1.0, 30.0, 0.0], [30.0, 2.0, 2.0, 60.0, 0.0], [53.0, 2.0, 2.0, 60.0, 0.0], [35.0, 3.0, 1.0, 30.0, 0.0], [29.0, 3.0, 1.0, 30.0, 0.0], [85.0, 3.0, 2.0, 60.0, 0.0], [21.0, 3.0, 2.0, 60.0, 0.0], [48.0, 2.0, 2.0, 60.0, 0.0], [45.0, 2.0, 2.0, 60.0, 0.0], [88.0, 3.0, 3.0, 120.0, 0.0], [58.0, 2.0, 2.0, 60.0, 0.0], [141.0, 1.0, 2.0, 60.0, 0.0], [445.0, 1.0, 1.0, 30.0, 0.0], [55.0, 2.0, 2.0, 60.0, 0.0], [100.0, 1.0, 3.0, 120.0, 0.0], [25.0, 2.0, 2.0, 60.0, 0.0], [4.0, 1.0, 1.0, 30.0, 0.0], [73.0, 3.0, 2.0, 60.0, 12.021043019829973], [11.0, 1.0, 2.0, 60.0, 23.70199129895224], [24.0, 2.0, 2.0, 60.0, 35.625796298323515], [80.0, 2.0, 2.0, 60.0, 37.02476774758143], [16.0, 2.0, 1.0, 30.0, 37.456954746073315], [45.0, 2.0, 2.0, 60.0, 44.72025732460407], [47.0, 2.0, 2.0, 60.0, 51.770060795891936], [104.0, 2.0, 2.0, 60.0, 67.39154057863942], [79.0, 2.0, 2.0, 60.0, 67.78801156455697], [65.0, 2.0, 2.0, 60.0, 73.02081579727279], [10.0, 3.0, 1.0, 30.0, 73.37299733126183], [92.0, 2.0, 2.0, 60.0, 78.81811547138163], [34.0, 2.0, 2.0, 60.0, 87.47475223580068], [23.0, 1.0, 1.0, 30.0, 89.40922635875023], [55.0, 2.0, 2.0, 60.0, 95.5671546720581], [184.0, 3.0, 2.0, 60.0, 96.33602094118923], [121.0, 3.0, 2.0, 60.0, 96.7939072781402], [61.0, 2.0, 2.0, 60.0, 98.36980328880216], [90.0, 2.0, 2.0, 60.0, 102.87579966565295], [18.0, 1.0, 1.0, 30.0, 104.9407263143454], [13.0, 1.0, 1.0, 30.0, 111.17765606341352], [184.0, 2.0, 2.0, 60.0, 112.29553792447513], [59.0, 3.0, 2.0, 60.0, 121.48538924519744], [87.0, 3.0, 1.0, 30.0, 127.62081856126873], [76.0, 1.0, 1.0, 30.0, 130.89979933108373], [64.0, 2.0, 2.0, 60.0, 132.98523286264282], [79.0, 1.0, 1.0, 30.0, 135.25183130913413], [74.0, 1.0, 1.0, 30.0, 135.6372170444124], [132.0, 1.0, 1.0, 30.0, 136.53537831628518], [13.0, 1.0, 1.0, 30.0, 139.96198057430644], [37.0, 1.0, 1.0, 30.0, 141.90538175510554], [3.0, 1.0, 2.0, 60.0, 148.22641604293108], [105.0, 1.0, 1.0, 30.0, 151.7688691800117], [19.0, 2.0, 2.0, 60.0, 152.9585189515018], [17.0, 2.0, 2.0, 60.0, 155.26396063278915], [45.0, 3.0, 2.0, 60.0, 158.4717443187417], [41.0, 2.0, 2.0, 60.0, 160.19091112593068], [14.0, 3.0, 2.0, 60.0, 161.80046723046223], [40.0, 2.0, 2.0, 60.0, 166.19504064142495], [119.0, 2.0, 2.0, 60.0, 167.67977668606895], [52.0, 2.0, 2.0, 60.0, 174.34828881122837], [52.0, 2.0, 2.0, 60.0, 181.30260874245792], [445.0, 2.0, 1.0, 30.0, 186.72302338228388], [68.0, 2.0, 2.0, 60.0, 187.08816512218607], [55.0, 2.0, 2.0, 60.0, 192.75850263079985], [27.0, 2.0, 2.0, 60.0, 199.5301925701257], [129.0, 1.0, 1.0, 30.0, 205.14039082741283], [45.0, 2.0, 2.0, 60.0, 206.54063642859495], [22.0, 2.0, 1.0, 30.0, 208.1453173837751], [17.0, 1.0, 1.0, 30.0, 208.9739969202831], [24.0, 3.0, 1.0, 30.0, 210.74581448374042], [18.0, 1.0, 1.0, 30.0, 210.85151326578935], [59.0, 2.0, 3.0, 120.0, 211.68829524636791], [58.0, 2.0, 2.0, 60.0, 218.2635794691037], [79.0, 2.0, 2.0, 60.0, 238.24236082502787], [79.0, 1.0, 2.0, 60.0, 241.06005128697106], [91.0, 1.0, 1.0, 30.0, 242.4802497949752], [62.0, 2.0, 2.0, 60.0, 244.4690310645114], [134.0, 3.0, 2.0, 60.0, 246.27574217918595], [80.0, 2.0, 2.0, 60.0, 246.92391019530396], [22.0, 2.0, 2.0, 60.0, 252.340535869662], [79.0, 1.0, 1.0, 30.0, 259.21978013724924], [107.0, 2.0, 2.0, 60.0, 266.7588257904633], [53.0, 2.0, 2.0, 60.0, 293.3082397692622], [55.0, 3.0, 1.0, 30.0, 303.841540943146], [17.0, 1.0, 1.0, 30.0, 312.06587014562393], [46.0, 3.0, 2.0, 60.0, 317.28332755550696], [84.0, 1.0, 1.0, 30.0, 320.2459485503109], [29.0, 3.0, 1.0, 30.0, 320.46821633167013], [93.0, 2.0, 2.0, 60.0, 325.25123026577114], [10.0, 1.0, 1.0, 30.0, 328.35814570323583], [72.0, 3.0, 1.0, 30.0, 335.8979525787838], [105.0, 1.0, 2.0, 60.0, 346.037960484565], [9.0, 3.0, 1.0, 30.0, 347.69830455805135], [66.0, 2.0, 1.0, 30.0, 347.94705816407], [12.0, 2.0, 2.0, 60.0, 352.5711693396838], [64.0, 1.0, 2.0, 60.0, 365.3382663386541], [134.0, 3.0, 2.0, 60.0, 369.44362432169635], [99.0, 2.0, 2.0, 60.0, 380.09833875091823], [28.0, 1.0, 1.0, 30.0, 383.8634124776174], [86.0, 2.0, 2.0, 60.0, 390.4333827158369], [100.0, 3.0, 3.0, 120.0, 391.8772976892559], [111.0, 1.0, 1.0, 30.0, 392.54938394344936], [19.0, 1.0, 1.0, 30.0, 393.26178810715084], [100.0, 3.0, 3.0, 120.0, 393.85019969752625], [47.0, 2.0, 2.0, 60.0, 394.1235652920939], [100.0, 2.0, 3.0, 120.0, 402.7065312495663], [272.0, 1.0, 1.0, 30.0, 404.9496062434009], [40.0, 2.0, 2.0, 60.0, 406.8802625567264], [81.0, 1.0, 2.0, 60.0, 411.5550592296831], [13.0, 2.0, 2.0, 60.0, 412.491396507024], [60.0, 2.0, 2.0, 60.0, 422.0828587162822], [92.0, 2.0, 2.0, 60.0, 428.54263891348444], [5.0, 1.0, 1.0, 30.0, 430.18884989348794], [32.0, 2.0, 2.0, 60.0, 431.1918089653501], [115.0, 3.0, 1.0, 30.0, 433.84690701169285]]","[78, 79, 80, 81, 82]","[[0, 1, 2, 3, 0], [3, 0], [2, 0]]","[0, 0, 0, 0, 0]",200,10
88,247.5364693363508,0.0120072603225708,0.20732977611845863,4.122320253331467,4.768413728288027,22.529560760624076,0.0,447.9533348317444,611.5664682207627,4,0.16976190476190475,0.5212441063683103,0.009947439261709991,"[0, 3, 2]","[23.953643759738323, 17.91854424158887, 1.052455885670451]",6,6000,"[[ 0.          8.91499335 10.86653407  9.25999686  8.6923162 ]
 [ 8.91499335  0.          2.08848923  1.1087968   0.67573333]
 [10.86653407  2.08848923  0.          2.26608131  2.62727405]
 [ 9.25999686  1.1087968   2.26608131  0.          1.02073684]
 [ 8.6923162   0.67573333  2.62727405  1.02073684  0.        ]]","[[20.0, 2.0, 2.0, 60.0, 0.0], [45.0, 1.0, 2.0, 60.0, 0.0], [100.0, 2.0, 2.0, 60.0, 0.0], [46.0, 2.0, 1.0, 30.0, 0.0], [29.0, 3.0, 1.0, 30.0, 0.0], [89.0, 2.0, 2.0, 60.0, 0.0], [21.0, 1.0, 2.0, 60.0, 0.0], [110.0, 1.0, 1.0, 30.0, 0.0], [30.0, 2.0, 2.0, 60.0, 0.0], [53.0, 2.0, 2.0, 60.0, 0.0], [35.0, 3.0, 1.0, 30.0, 0.0], [29.0, 3.0, 1.0, 30.0, 0.0], [85.0, 3.0, 2.0, 60.0, 0.0], [21.0, 3.0, 2.0, 60.0, 0.0], [48.0, 2.0, 2.0, 60.0, 0.0], [45.0, 2.0, 2.0, 60.0, 0.0], [88.0, 3.0, 3.0, 120.0, 0.0], [58.0, 2.0, 2.0, 60.0, 0.0], [141.0, 1.0, 2.0, 60.0, 0.0], [445.0, 1.0, 1.0, 30.0, 0.0], [55.0, 2.0, 2.0, 60.0, 0.0], [100.0, 1.0, 3.0, 120.0, 0.0], [25.0, 2.0, 2.0, 60.0, 0.0], [4.0, 1.0, 1.0, 30.0, 0.0], [73.0, 3.0, 2.0, 60.0, 12.021043019829973], [11.0, 1.0, 2.0, 60.0, 23.70199129895224], [24.0, 2.0, 2.0, 60.0, 35.625796298323515], [80.0, 2.0, 2.0, 60.0, 37.02476774758143], [16.0, 2.0, 1.0, 30.0, 37.456954746073315], [45.0, 2.0, 2.0, 60.0, 44.72025732460407], [47.0, 2.0, 2.0, 60.0, 51.770060795891936], [104.0, 2.0, 2.0, 60.0, 67.39154057863942], [79.0, 2.0, 2.0, 60.0, 67.78801156455697], [65.0, 2.0, 2.0, 60.0, 73.02081579727279], [10.0, 3.0, 1.0, 30.0, 73.37299733126183], [92.0, 2.0, 2.0, 60.0, 78.81811547138163], [34.0, 2.0, 2.0, 60.0, 87.47475223580068], [23.0, 1.0, 1.0, 30.0, 89.40922635875023], [55.0, 2.0, 2.0, 60.0, 95.5671546720581], [184.0, 3.0, 2.0, 60.0, 96.33602094118923], [121.0, 3.0, 2.0, 60.0, 96.7939072781402], [61.0, 2.0, 2.0, 60.0, 98.36980328880216], [90.0, 2.0, 2.0, 60.0, 102.87579966565295], [18.0, 1.0, 1.0, 30.0, 104.9407263143454], [13.0, 1.0, 1.0, 30.0, 111.17765606341352], [184.0, 2.0, 2.0, 60.0, 112.29553792447513], [59.0, 3.0, 2.0, 60.0, 121.48538924519744], [87.0, 3.0, 1.0, 30.0, 127.62081856126873], [76.0, 1.0, 1.0, 30.0, 130.89979933108373], [64.0, 2.0, 2.0, 60.0, 132.98523286264282], [79.0, 1.0, 1.0, 30.0, 135.25183130913413], [74.0, 1.0, 1.0, 30.0, 135.6372170444124], [132.0, 1.0, 1.0, 30.0, 136.53537831628518], [13.0, 1.0, 1.0, 30.0, 139.96198057430644], [37.0, 1.0, 1.0, 30.0, 141.90538175510554], [3.0, 1.0, 2.0, 60.0, 148.22641604293108], [105.0, 1.0, 1.0, 30.0, 151.7688691800117], [19.0, 2.0, 2.0, 60.0, 152.9585189515018], [17.0, 2.0, 2.0, 60.0, 155.26396063278915], [45.0, 3.0, 2.0, 60.0, 158.4717443187417], [41.0, 2.0, 2.0, 60.0, 160.19091112593068], [14.0, 3.0, 2.0, 60.0, 161.80046723046223], [40.0, 2.0, 2.0, 60.0, 166.19504064142495], [119.0, 2.0, 2.0, 60.0, 167.67977668606895], [52.0, 2.0, 2.0, 60.0, 174.34828881122837], [52.0, 2.0, 2.0, 60.0, 181.30260874245792], [445.0, 2.0, 1.0, 30.0, 186.72302338228388], [68.0, 2.0, 2.0, 60.0, 187.08816512218607], [55.0, 2.0, 2.0, 60.0, 192.75850263079985], [27.0, 2.0, 2.0, 60.0, 199.5301925701257], [129.0, 1.0, 1.0, 30.0, 205.14039082741283], [45.0, 2.0, 2.0, 60.0, 206.54063642859495], [22.0, 2.0, 1.0, 30.0, 208.1453173837751], [17.0, 1.0, 1.0, 30.0, 208.9739969202831], [24.0, 3.0, 1.0, 30.0, 210.74581448374042], [18.0, 1.0, 1.0, 30.0, 210.85151326578935], [59.0, 2.0, 3.0, 120.0, 211.68829524636791], [58.0, 2.0, 2.0, 60.0, 218.2635794691037], [79.0, 2.0, 2.0, 60.0, 238.24236082502787], [79.0, 1.0, 2.0, 60.0, 241.06005128697106], [91.0, 1.0, 1.0, 30.0, 242.4802497949752], [62.0, 2.0, 2.0, 60.0, 244.4690310645114], [134.0, 3.0, 2.0, 60.0, 246.27574217918595], [80.0, 2.0, 2.0, 60.0, 246.92391019530396], [22.0, 2.0, 2.0, 60.0, 252.340535869662], [79.0, 1.0, 1.0, 30.0, 259.21978013724924], [107.0, 2.0, 2.0, 60.0, 266.7588257904633], [53.0, 2.0, 2.0, 60.0, 293.3082397692622], [55.0, 3.0, 1.0, 30.0, 303.841540943146], [17.0, 1.0, 1.0, 30.0, 312.06587014562393], [46.0, 3.0, 2.0, 60.0, 317.28332755550696], [84.0, 1.0, 1.0, 30.0, 320.2459485503109], [29.0, 3.0, 1.0, 30.0, 320.46821633167013], [93.0, 2.0, 2.0, 60.0, 325.25123026577114], [10.0, 1.0, 1.0, 30.0, 328.35814570323583], [72.0, 3.0, 1.0, 30.0, 335.8979525787838], [105.0, 1.0, 2.0, 60.0, 346.037960484565], [9.0, 3.0, 1.0, 30.0, 347.69830455805135], [66.0, 2.0, 1.0, 30.0, 347.94705816407], [12.0, 2.0, 2.0, 60.0, 352.5711693396838], [64.0, 1.0, 2.0, 60.0, 365.3382663386541], [134.0, 3.0, 2.0, 60.0, 369.44362432169635], [99.0, 2.0, 2.0, 60.0, 380.09833875091823], [28.0, 1.0, 1.0, 30.0, 383.8634124776174], [86.0, 2.0, 2.0, 60.0, 390.4333827158369], [100.0, 3.0, 3.0, 120.0, 391.8772976892559], [111.0, 1.0, 1.0, 30.0, 392.54938394344936], [19.0, 1.0, 1.0, 30.0, 393.26178810715084], [100.0, 3.0, 3.0, 120.0, 393.85019969752625], [47.0, 2.0, 2.0, 60.0, 394.1235652920939], [100.0, 2.0, 3.0, 120.0, 402.7065312495663], [272.0, 1.0, 1.0, 30.0, 404.9496062434009], [40.0, 2.0, 2.0, 60.0, 406.8802625567264], [81.0, 1.0, 2.0, 60.0, 411.5550592296831], [13.0, 2.0, 2.0, 60.0, 412.491396507024], [60.0, 2.0, 2.0, 60.0, 422.0828587162822], [92.0, 2.0, 2.0, 60.0, 428.54263891348444], [5.0, 1.0, 1.0, 30.0, 430.18884989348794], [32.0, 2.0, 2.0, 60.0, 431.1918089653501], [115.0, 3.0, 1.0, 30.0, 433.84690701169285]]","[78, 79, 80, 81, 82, 83]","[[0, 3, 2, 1, 0], [3, 0], [2, 0]]","[0, 0, 0, 0, 0, 0]",200,10
89,252.54847659667337,0.012641759713490804,0.5187047350986213,7.2228299398053855,5.850937271604023,56.766478792927074,66.15951400257157,790.4586074868298,1145.580615040296,2,0.2157142857142857,0.5546417916658413,0.010736998782408804,"[0, 3, 2]","[23.953643759738323, 17.91854424158887, 1.052455885670451]",6,6000,"[[ 0.          8.85540138 10.94389061  9.80065165  8.85274686]
 [ 8.85540138  0.          2.08848923  1.61415815  0.80873141]
 [10.94389061  2.08848923  0.          2.30928814  2.89722065]
 [ 9.80065165  1.61415815  2.30928814  0.          1.59871992]
 [ 8.85274686  0.80873141  2.89722065  1.59871992  0.        ]]","[[20.0, 2.0, 2.0, 60.0, 0.0], [45.0, 1.0, 2.0, 60.0, 0.0], [100.0, 2.0, 2.0, 60.0, 0.0], [46.0, 2.0, 1.0, 30.0, 0.0], [29.0, 3.0, 1.0, 30.0, 0.0], [89.0, 2.0, 2.0, 60.0, 0.0], [21.0, 1.0, 2.0, 60.0, 0.0], [110.0, 1.0, 1.0, 30.0, 0.0], [30.0, 2.0, 2.0, 60.0, 0.0], [53.0, 2.0, 2.0, 60.0, 0.0], [35.0, 3.0, 1.0, 30.0, 0.0], [29.0, 3.0, 1.0, 30.0, 0.0], [85.0, 3.0, 2.0, 60.0, 0.0], [21.0, 3.0, 2.0, 60.0, 0.0], [48.0, 2.0, 2.0, 60.0, 0.0], [45.0, 2.0, 2.0, 60.0, 0.0], [88.0, 3.0, 3.0, 120.0, 0.0], [58.0, 2.0, 2.0, 60.0, 0.0], [141.0, 1.0, 2.0, 60.0, 0.0], [445.0, 1.0, 1.0, 30.0, 0.0], [55.0, 2.0, 2.0, 60.0, 0.0], [100.0, 1.0, 3.0, 120.0, 0.0], [25.0, 2.0, 2.0, 60.0, 0.0], [4.0, 1.0, 1.0, 30.0, 0.0], [73.0, 3.0, 2.0, 60.0, 12.021043019829973], [11.0, 1.0, 2.0, 60.0, 23.70199129895224], [24.0, 2.0, 2.0, 60.0, 35.625796298323515], [80.0, 2.0, 2.0, 60.0, 37.02476774758143], [16.0, 2.0, 1.0, 30.0, 37.456954746073315], [45.0, 2.0, 2.0, 60.0, 44.72025732460407], [47.0, 2.0, 2.0, 60.0, 51.770060795891936], [104.0, 2.0, 2.0, 60.0, 67.39154057863942], [79.0, 2.0, 2.0, 60.0, 67.78801156455697], [65.0, 2.0, 2.0, 60.0, 73.02081579727279], [10.0, 3.0, 1.0, 30.0, 73.37299733126183], [92.0, 2.0, 2.0, 60.0, 78.81811547138163], [34.0, 2.0, 2.0, 60.0, 87.47475223580068], [23.0, 1.0, 1.0, 30.0, 89.40922635875023], [55.0, 2.0, 2.0, 60.0, 95.5671546720581], [184.0, 3.0, 2.0, 60.0, 96.33602094118923], [121.0, 3.0, 2.0, 60.0, 96.7939072781402], [61.0, 2.0, 2.0, 60.0, 98.36980328880216], [90.0, 2.0, 2.0, 60.0, 102.87579966565295], [18.0, 1.0, 1.0, 30.0, 104.9407263143454], [13.0, 1.0, 1.0, 30.0, 111.17765606341352], [184.0, 2.0, 2.0, 60.0, 112.29553792447513], [59.0, 3.0, 2.0, 60.0, 121.48538924519744], [87.0, 3.0, 1.0, 30.0, 127.62081856126873], [76.0, 1.0, 1.0, 30.0, 130.89979933108373], [64.0, 2.0, 2.0, 60.0, 132.98523286264282], [79.0, 1.0, 1.0, 30.0, 135.25183130913413], [74.0, 1.0, 1.0, 30.0, 135.6372170444124], [132.0, 1.0, 1.0, 30.0, 136.53537831628518], [13.0, 1.0, 1.0, 30.0, 139.96198057430644], [37.0, 1.0, 1.0, 30.0, 141.90538175510554], [3.0, 1.0, 2.0, 60.0, 148.22641604293108], [105.0, 1.0, 1.0, 30.0, 151.7688691800117], [19.0, 2.0, 2.0, 60.0, 152.9585189515018], [17.0, 2.0, 2.0, 60.0, 155.26396063278915], [45.0, 3.0, 2.0, 60.0, 158.4717443187417], [41.0, 2.0, 2.0, 60.0, 160.19091112593068], [14.0, 3.0, 2.0, 60.0, 161.80046723046223], [40.0, 2.0, 2.0, 60.0, 166.19504064142495], [119.0, 2.0, 2.0, 60.0, 167.67977668606895], [52.0, 2.0, 2.0, 60.0, 174.34828881122837], [52.0, 2.0, 2.0, 60.0, 181.30260874245792], [445.0, 2.0, 1.0, 30.0, 186.72302338228388], [68.0, 2.0, 2.0, 60.0, 187.08816512218607], [55.0, 2.0, 2.0, 60.0, 192.75850263079985], [27.0, 2.0, 2.0, 60.0, 199.5301925701257], [129.0, 1.0, 1.0, 30.0, 205.14039082741283], [45.0, 2.0, 2.0, 60.0, 206.54063642859495], [22.0, 2.0, 1.0, 30.0, 208.1453173837751], [17.0, 1.0, 1.0, 30.0, 208.9739969202831], [24.0, 3.0, 1.0, 30.0, 210.74581448374042], [18.0, 1.0, 1.0, 30.0, 210.85151326578935], [59.0, 2.0, 3.0, 120.0, 211.68829524636791], [58.0, 2.0, 2.0, 60.0, 218.2635794691037], [79.0, 2.0, 2.0, 60.0, 238.24236082502787], [79.0, 1.0, 2.0, 60.0, 241.06005128697106], [91.0, 1.0, 1.0, 30.0, 242.4802497949752], [62.0, 2.0, 2.0, 60.0, 244.4690310645114], [134.0, 3.0, 2.0, 60.0, 246.27574217918595], [80.0, 2.0, 2.0, 60.0, 246.92391019530396], [22.0, 2.0, 2.0, 60.0, 252.340535869662], [79.0, 1.0, 1.0, 30.0, 259.21978013724924], [107.0, 2.0, 2.0, 60.0, 266.7588257904633], [53.0, 2.0, 2.0, 60.0, 293.3082397692622], [55.0, 3.0, 1.0, 30.0, 303.841540943146], [17.0, 1.0, 1.0, 30.0, 312.06587014562393], [46.0, 3.0, 2.0, 60.0, 317.28332755550696], [84.0, 1.0, 1.0, 30.0, 320.2459485503109], [29.0, 3.0, 1.0, 30.0, 320.46821633167013], [93.0, 2.0, 2.0, 60.0, 325.25123026577114], [10.0, 1.0, 1.0, 30.0, 328.35814570323583], [72.0, 3.0, 1.0, 30.0, 335.8979525787838], [105.0, 1.0, 2.0, 60.0, 346.037960484565], [9.0, 3.0, 1.0, 30.0, 347.69830455805135], [66.0, 2.0, 1.0, 30.0, 347.94705816407], [12.0, 2.0, 2.0, 60.0, 352.5711693396838], [64.0, 1.0, 2.0, 60.0, 365.3382663386541], [134.0, 3.0, 2.0, 60.0, 369.44362432169635], [99.0, 2.0, 2.0, 60.0, 380.09833875091823], [28.0, 1.0, 1.0, 30.0, 383.8634124776174], [86.0, 2.0, 2.0, 60.0, 390.4333827158369], [100.0, 3.0, 3.0, 120.0, 391.8772976892559], [111.0, 1.0, 1.0, 30.0, 392.54938394344936], [19.0, 1.0, 1.0, 30.0, 393.26178810715084], [100.0, 3.0, 3.0, 120.0, 393.85019969752625], [47.0, 2.0, 2.0, 60.0, 394.1235652920939], [100.0, 2.0, 3.0, 120.0, 402.7065312495663], [272.0, 1.0, 1.0, 30.0, 404.9496062434009], [40.0, 2.0, 2.0, 60.0, 406.8802625567264], [81.0, 1.0, 2.0, 60.0, 411.5550592296831], [13.0, 2.0, 2.0, 60.0, 412.491396507024], [60.0, 2.0, 2.0, 60.0, 422.0828587162822], [92.0, 2.0, 2.0, 60.0, 428.54263891348444], [5.0, 1.0, 1.0, 30.0, 430.18884989348794], [32.0, 2.0, 2.0, 60.0, 431.1918089653501], [115.0, 3.0, 1.0, 30.0, 433.84690701169285]]","[78, 79, 80, 81, 82, 83, 84]","[[0, 1, 3, 2, 0], [3, 0, 2, 0], [2, 0]]","[0, 0, 0, 0, 0, 1, 1]",200,10
90,253.56111835638686,0.013045732180277507,0.4620653874131083,7.185405911882659,5.9194409739297065,50.886952144515085,51.094323854677185,791.3239483787306,1102.9445623940046,2,0.25785714285714284,0.5914634182233706,0.010877580961406999,"[0, 0, 2]","[23.953643759738323, 18.452815431327792, 1.052455885670451]",6,6000,"[[ 0.          8.9244439  11.01293313  9.76268578  8.81478099]
 [ 8.9244439   0.          2.08848923  1.61415815  0.80873141]
 [11.01293313  2.08848923  0.          2.30928814  2.89722065]
 [ 9.76268578  1.61415815  2.30928814  0.          1.59871992]
 [ 8.81478099  0.80873141  2.89722065  1.59871992  0.        ]]","[[20.0, 2.0, 2.0, 60.0, 0.0], [45.0, 1.0, 2.0, 60.0, 0.0], [100.0, 2.0, 2.0, 60.0, 0.0], [46.0, 2.0, 1.0, 30.0, 0.0], [29.0, 3.0, 1.0, 30.0, 0.0], [89.0, 2.0, 2.0, 60.0, 0.0], [21.0, 1.0, 2.0, 60.0, 0.0], [110.0, 1.0, 1.0, 30.0, 0.0], [30.0, 2.0, 2.0, 60.0, 0.0], [53.0, 2.0, 2.0, 60.0, 0.0], [35.0, 3.0, 1.0, 30.0, 0.0], [29.0, 3.0, 1.0, 30.0, 0.0], [85.0, 3.0, 2.0, 60.0, 0.0], [21.0, 3.0, 2.0, 60.0, 0.0], [48.0, 2.0, 2.0, 60.0, 0.0], [45.0, 2.0, 2.0, 60.0, 0.0], [88.0, 3.0, 3.0, 120.0, 0.0], [58.0, 2.0, 2.0, 60.0, 0.0], [141.0, 1.0, 2.0, 60.0, 0.0], [445.0, 1.0, 1.0, 30.0, 0.0], [55.0, 2.0, 2.0, 60.0, 0.0], [100.0, 1.0, 3.0, 120.0, 0.0], [25.0, 2.0, 2.0, 60.0, 0.0], [4.0, 1.0, 1.0, 30.0, 0.0], [73.0, 3.0, 2.0, 60.0, 12.021043019829973], [11.0, 1.0, 2.0, 60.0, 23.70199129895224], [24.0, 2.0, 2.0, 60.0, 35.625796298323515], [80.0, 2.0, 2.0, 60.0, 37.02476774758143], [16.0, 2.0, 1.0, 30.0, 37.456954746073315], [45.0, 2.0, 2.0, 60.0, 44.72025732460407], [47.0, 2.0, 2.0, 60.0, 51.770060795891936], [104.0, 2.0, 2.0, 60.0, 67.39154057863942], [79.0, 2.0, 2.0, 60.0, 67.78801156455697], [65.0, 2.0, 2.0, 60.0, 73.02081579727279], [10.0, 3.0, 1.0, 30.0, 73.37299733126183], [92.0, 2.0, 2.0, 60.0, 78.81811547138163], [34.0, 2.0, 2.0, 60.0, 87.47475223580068], [23.0, 1.0, 1.0, 30.0, 89.40922635875023], [55.0, 2.0, 2.0, 60.0, 95.5671546720581], [184.0, 3.0, 2.0, 60.0, 96.33602094118923], [121.0, 3.0, 2.0, 60.0, 96.7939072781402], [61.0, 2.0, 2.0, 60.0, 98.36980328880216], [90.0, 2.0, 2.0, 60.0, 102.87579966565295], [18.0, 1.0, 1.0, 30.0, 104.9407263143454], [13.0, 1.0, 1.0, 30.0, 111.17765606341352], [184.0, 2.0, 2.0, 60.0, 112.29553792447513], [59.0, 3.0, 2.0, 60.0, 121.48538924519744], [87.0, 3.0, 1.0, 30.0, 127.62081856126873], [76.0, 1.0, 1.0, 30.0, 130.89979933108373], [64.0, 2.0, 2.0, 60.0, 132.98523286264282], [79.0, 1.0, 1.0, 30.0, 135.25183130913413], [74.0, 1.0, 1.0, 30.0, 135.6372170444124], [132.0, 1.0, 1.0, 30.0, 136.53537831628518], [13.0, 1.0, 1.0, 30.0, 139.96198057430644], [37.0, 1.0, 1.0, 30.0, 141.90538175510554], [3.0, 1.0, 2.0, 60.0, 148.22641604293108], [105.0, 1.0, 1.0, 30.0, 151.7688691800117], [19.0, 2.0, 2.0, 60.0, 152.9585189515018], [17.0, 2.0, 2.0, 60.0, 155.26396063278915], [45.0, 3.0, 2.0, 60.0, 158.4717443187417], [41.0, 2.0, 2.0, 60.0, 160.19091112593068], [14.0, 3.0, 2.0, 60.0, 161.80046723046223], [40.0, 2.0, 2.0, 60.0, 166.19504064142495], [119.0, 2.0, 2.0, 60.0, 167.67977668606895], [52.0, 2.0, 2.0, 60.0, 174.34828881122837], [52.0, 2.0, 2.0, 60.0, 181.30260874245792], [445.0, 2.0, 1.0, 30.0, 186.72302338228388], [68.0, 2.0, 2.0, 60.0, 187.08816512218607], [55.0, 2.0, 2.0, 60.0, 192.75850263079985], [27.0, 2.0, 2.0, 60.0, 199.5301925701257], [129.0, 1.0, 1.0, 30.0, 205.14039082741283], [45.0, 2.0, 2.0, 60.0, 206.54063642859495], [22.0, 2.0, 1.0, 30.0, 208.1453173837751], [17.0, 1.0, 1.0, 30.0, 208.9739969202831], [24.0, 3.0, 1.0, 30.0, 210.74581448374042], [18.0, 1.0, 1.0, 30.0, 210.85151326578935], [59.0, 2.0, 3.0, 120.0, 211.68829524636791], [58.0, 2.0, 2.0, 60.0, 218.2635794691037], [79.0, 2.0, 2.0, 60.0, 238.24236082502787], [79.0, 1.0, 2.0, 60.0, 241.06005128697106], [91.0, 1.0, 1.0, 30.0, 242.4802497949752], [62.0, 2.0, 2.0, 60.0, 244.4690310645114], [134.0, 3.0, 2.0, 60.0, 246.27574217918595], [80.0, 2.0, 2.0, 60.0, 246.92391019530396], [22.0, 2.0, 2.0, 60.0, 252.340535869662], [79.0, 1.0, 1.0, 30.0, 259.21978013724924], [107.0, 2.0, 2.0, 60.0, 266.7588257904633], [53.0, 2.0, 2.0, 60.0, 293.3082397692622], [55.0, 3.0, 1.0, 30.0, 303.841540943146], [17.0, 1.0, 1.0, 30.0, 312.06587014562393], [46.0, 3.0, 2.0, 60.0, 317.28332755550696], [84.0, 1.0, 1.0, 30.0, 320.2459485503109], [29.0, 3.0, 1.0, 30.0, 320.46821633167013], [93.0, 2.0, 2.0, 60.0, 325.25123026577114], [10.0, 1.0, 1.0, 30.0, 328.35814570323583], [72.0, 3.0, 1.0, 30.0, 335.8979525787838], [105.0, 1.0, 2.0, 60.0, 346.037960484565], [9.0, 3.0, 1.0, 30.0, 347.69830455805135], [66.0, 2.0, 1.0, 30.0, 347.94705816407], [12.0, 2.0, 2.0, 60.0, 352.5711693396838], [64.0, 1.0, 2.0, 60.0, 365.3382663386541], [134.0, 3.0, 2.0, 60.0, 369.44362432169635], [99.0, 2.0, 2.0, 60.0, 380.09833875091823], [28.0, 1.0, 1.0, 30.0, 383.8634124776174], [86.0, 2.0, 2.0, 60.0, 390.4333827158369], [100.0, 3.0, 3.0, 120.0, 391.8772976892559], [111.0, 1.0, 1.0, 30.0, 392.54938394344936], [19.0, 1.0, 1.0, 30.0, 393.26178810715084], [100.0, 3.0, 3.0, 120.0, 393.85019969752625], [47.0, 2.0, 2.0, 60.0, 394.1235652920939], [100.0, 2.0, 3.0, 120.0, 402.7065312495663], [272.0, 1.0, 1.0, 30.0, 404.9496062434009], [40.0, 2.0, 2.0, 60.0, 406.8802625567264], [81.0, 1.0, 2.0, 60.0, 411.5550592296831], [13.0, 2.0, 2.0, 60.0, 412.491396507024], [60.0, 2.0, 2.0, 60.0, 422.0828587162822], [92.0, 2.0, 2.0, 60.0, 428.54263891348444], [5.0, 1.0, 1.0, 30.0, 430.18884989348794], [32.0, 2.0, 2.0, 60.0, 431.1918089653501], [115.0, 3.0, 1.0, 30.0, 433.84690701169285]]","[78, 79, 80, 81, 82, 83, 84]","[[0, 1, 3, 2, 0], [0, 2, 0], [2, 0]]","[0, 0, 0, 0, 0, 1, 1]",200,10
91,256.57416408856716,0.011536093552907307,0.2,0.7082347955431899,0.23252464878272944,21.148367719028347,0.0,74.8900494377912,90.04138992603062,2,0.05766666666666666,0.1653623548518397,6.307051193155446e-16,"[1, 0, 2]","[23.953643759738323, 21.46586116350807, 1.052455885670451]",6,6000,"[[ 0.          8.46551823 10.57418386  9.29694427  8.34903947]
 [ 8.46551823  0.          2.10866563  1.67361449  0.86818775]
 [10.57418386  2.10866563  0.          2.30928814  2.97685338]
 [ 9.29694427  1.67361449  2.30928814  0.          1.59871992]
 [ 8.34903947  0.86818775  2.97685338  1.59871992  0.        ]]","[[20.0, 2.0, 2.0, 60.0, 0.0], [45.0, 1.0, 2.0, 60.0, 0.0], [100.0, 2.0, 2.0, 60.0, 0.0], [46.0, 2.0, 1.0, 30.0, 0.0], [29.0, 3.0, 1.0, 30.0, 0.0], [89.0, 2.0, 2.0, 60.0, 0.0], [21.0, 1.0, 2.0, 60.0, 0.0], [110.0, 1.0, 1.0, 30.0, 0.0], [30.0, 2.0, 2.0, 60.0, 0.0], [53.0, 2.0, 2.0, 60.0, 0.0], [35.0, 3.0, 1.0, 30.0, 0.0], [29.0, 3.0, 1.0, 30.0, 0.0], [85.0, 3.0, 2.0, 60.0, 0.0], [21.0, 3.0, 2.0, 60.0, 0.0], [48.0, 2.0, 2.0, 60.0, 0.0], [45.0, 2.0, 2.0, 60.0, 0.0], [88.0, 3.0, 3.0, 120.0, 0.0], [58.0, 2.0, 2.0, 60.0, 0.0], [141.0, 1.0, 2.0, 60.0, 0.0], [445.0, 1.0, 1.0, 30.0, 0.0], [55.0, 2.0, 2.0, 60.0, 0.0], [100.0, 1.0, 3.0, 120.0, 0.0], [25.0, 2.0, 2.0, 60.0, 0.0], [4.0, 1.0, 1.0, 30.0, 0.0], [73.0, 3.0, 2.0, 60.0, 12.021043019829973], [11.0, 1.0, 2.0, 60.0, 23.70199129895224], [24.0, 2.0, 2.0, 60.0, 35.625796298323515], [80.0, 2.0, 2.0, 60.0, 37.02476774758143], [16.0, 2.0, 1.0, 30.0, 37.456954746073315], [45.0, 2.0, 2.0, 60.0, 44.72025732460407], [47.0, 2.0, 2.0, 60.0, 51.770060795891936], [104.0, 2.0, 2.0, 60.0, 67.39154057863942], [79.0, 2.0, 2.0, 60.0, 67.78801156455697], [65.0, 2.0, 2.0, 60.0, 73.02081579727279], [10.0, 3.0, 1.0, 30.0, 73.37299733126183], [92.0, 2.0, 2.0, 60.0, 78.81811547138163], [34.0, 2.0, 2.0, 60.0, 87.47475223580068], [23.0, 1.0, 1.0, 30.0, 89.40922635875023], [55.0, 2.0, 2.0, 60.0, 95.5671546720581], [184.0, 3.0, 2.0, 60.0, 96.33602094118923], [121.0, 3.0, 2.0, 60.0, 96.7939072781402], [61.0, 2.0, 2.0, 60.0, 98.36980328880216], [90.0, 2.0, 2.0, 60.0, 102.87579966565295], [18.0, 1.0, 1.0, 30.0, 104.9407263143454], [13.0, 1.0, 1.0, 30.0, 111.17765606341352], [184.0, 2.0, 2.0, 60.0, 112.29553792447513], [59.0, 3.0, 2.0, 60.0, 121.48538924519744], [87.0, 3.0, 1.0, 30.0, 127.62081856126873], [76.0, 1.0, 1.0, 30.0, 130.89979933108373], [64.0, 2.0, 2.0, 60.0, 132.98523286264282], [79.0, 1.0, 1.0, 30.0, 135.25183130913413], [74.0, 1.0, 1.0, 30.0, 135.6372170444124], [132.0, 1.0, 1.0, 30.0, 136.53537831628518], [13.0, 1.0, 1.0, 30.0, 139.96198057430644], [37.0, 1.0, 1.0, 30.0, 141.90538175510554], [3.0, 1.0, 2.0, 60.0, 148.22641604293108], [105.0, 1.0, 1.0, 30.0, 151.7688691800117], [19.0, 2.0, 2.0, 60.0, 152.9585189515018], [17.0, 2.0, 2.0, 60.0, 155.26396063278915], [45.0, 3.0, 2.0, 60.0, 158.4717443187417], [41.0, 2.0, 2.0, 60.0, 160.19091112593068], [14.0, 3.0, 2.0, 60.0, 161.80046723046223], [40.0, 2.0, 2.0, 60.0, 166.19504064142495], [119.0, 2.0, 2.0, 60.0, 167.67977668606895], [52.0, 2.0, 2.0, 60.0, 174.34828881122837], [52.0, 2.0, 2.0, 60.0, 181.30260874245792], [445.0, 2.0, 1.0, 30.0, 186.72302338228388], [68.0, 2.0, 2.0, 60.0, 187.08816512218607], [55.0, 2.0, 2.0, 60.0, 192.75850263079985], [27.0, 2.0, 2.0, 60.0, 199.5301925701257], [129.0, 1.0, 1.0, 30.0, 205.14039082741283], [45.0, 2.0, 2.0, 60.0, 206.54063642859495], [22.0, 2.0, 1.0, 30.0, 208.1453173837751], [17.0, 1.0, 1.0, 30.0, 208.9739969202831], [24.0, 3.0, 1.0, 30.0, 210.74581448374042], [18.0, 1.0, 1.0, 30.0, 210.85151326578935], [59.0, 2.0, 3.0, 120.0, 211.68829524636791], [58.0, 2.0, 2.0, 60.0, 218.2635794691037], [79.0, 2.0, 2.0, 60.0, 238.24236082502787], [79.0, 1.0, 2.0, 60.0, 241.06005128697106], [91.0, 1.0, 1.0, 30.0, 242.4802497949752], [62.0, 2.0, 2.0, 60.0, 244.4690310645114], [134.0, 3.0, 2.0, 60.0, 246.27574217918595], [80.0, 2.0, 2.0, 60.0, 246.92391019530396], [22.0, 2.0, 2.0, 60.0, 252.340535869662], [79.0, 1.0, 1.0, 30.0, 259.21978013724924], [107.0, 2.0, 2.0, 60.0, 266.7588257904633], [53.0, 2.0, 2.0, 60.0, 293.3082397692622], [55.0, 3.0, 1.0, 30.0, 303.841540943146], [17.0, 1.0, 1.0, 30.0, 312.06587014562393], [46.0, 3.0, 2.0, 60.0, 317.28332755550696], [84.0, 1.0, 1.0, 30.0, 320.2459485503109], [29.0, 3.0, 1.0, 30.0, 320.46821633167013], [93.0, 2.0, 2.0, 60.0, 325.25123026577114], [10.0, 1.0, 1.0, 30.0, 328.35814570323583], [72.0, 3.0, 1.0, 30.0, 335.8979525787838], [105.0, 1.0, 2.0, 60.0, 346.037960484565], [9.0, 3.0, 1.0, 30.0, 347.69830455805135], [66.0, 2.0, 1.0, 30.0, 347.94705816407], [12.0, 2.0, 2.0, 60.0, 352.5711693396838], [64.0, 1.0, 2.0, 60.0, 365.3382663386541], [134.0, 3.0, 2.0, 60.0, 369.44362432169635], [99.0, 2.0, 2.0, 60.0, 380.09833875091823], [28.0, 1.0, 1.0, 30.0, 383.8634124776174], [86.0, 2.0, 2.0, 60.0, 390.4333827158369], [100.0, 3.0, 3.0, 120.0, 391.8772976892559], [111.0, 1.0, 1.0, 30.0, 392.54938394344936], [19.0, 1.0, 1.0, 30.0, 393.26178810715084], [100.0, 3.0, 3.0, 120.0, 393.85019969752625], [47.0, 2.0, 2.0, 60.0, 394.1235652920939], [100.0, 2.0, 3.0, 120.0, 402.7065312495663], [272.0, 1.0, 1.0, 30.0, 404.9496062434009], [40.0, 2.0, 2.0, 60.0, 406.8802625567264], [81.0, 1.0, 2.0, 60.0, 411.5550592296831], [13.0, 2.0, 2.0, 60.0, 412.491396507024], [60.0, 2.0, 2.0, 60.0, 422.0828587162822], [92.0, 2.0, 2.0, 60.0, 428.54263891348444], [5.0, 1.0, 1.0, 30.0, 430.18884989348794], [32.0, 2.0, 2.0, 60.0, 431.1918089653501], [115.0, 3.0, 1.0, 30.0, 433.84690701169285]]","[78, 81, 82, 83, 84]","[[1, 2, 3, 0], [0, 2, 0], [2, 0]]","[0, 0, 0, 1, 1]",200,10
92,258.5857001821201,0.011294957002003987,0.2997423816112052,0.8010970202889922,0.2681567206023535,32.59757416460975,0.0,87.12087824067021,154.77446599011856,3,0.06399999999999999,0.15880118584700945,6.307051193155446e-16,"[1, 0, 0]","[21.844978130521966, 10.903213397546805, 2.9945931735512326]",6,6000,"[[ 0.          8.78938335 10.87519689  9.75708785  8.80918306]
 [ 8.78938335  0.          2.08581354  1.61104384  0.80561711]
 [10.87519689  2.08581354  0.          2.30928814  2.89143064]
 [ 9.75708785  1.61104384  2.30928814  0.          1.59871992]
 [ 8.80918306  0.80561711  2.89143064  1.59871992  0.        ]]","[[20.0, 2.0, 2.0, 60.0, 0.0], [45.0, 1.0, 2.0, 60.0, 0.0], [100.0, 2.0, 2.0, 60.0, 0.0], [46.0, 2.0, 1.0, 30.0, 0.0], [29.0, 3.0, 1.0, 30.0, 0.0], [89.0, 2.0, 2.0, 60.0, 0.0], [21.0, 1.0, 2.0, 60.0, 0.0], [110.0, 1.0, 1.0, 30.0, 0.0], [30.0, 2.0, 2.0, 60.0, 0.0], [53.0, 2.0, 2.0, 60.0, 0.0], [35.0, 3.0, 1.0, 30.0, 0.0], [29.0, 3.0, 1.0, 30.0, 0.0], [85.0, 3.0, 2.0, 60.0, 0.0], [21.0, 3.0, 2.0, 60.0, 0.0], [48.0, 2.0, 2.0, 60.0, 0.0], [45.0, 2.0, 2.0, 60.0, 0.0], [88.0, 3.0, 3.0, 120.0, 0.0], [58.0, 2.0, 2.0, 60.0, 0.0], [141.0, 1.0, 2.0, 60.0, 0.0], [445.0, 1.0, 1.0, 30.0, 0.0], [55.0, 2.0, 2.0, 60.0, 0.0], [100.0, 1.0, 3.0, 120.0, 0.0], [25.0, 2.0, 2.0, 60.0, 0.0], [4.0, 1.0, 1.0, 30.0, 0.0], [73.0, 3.0, 2.0, 60.0, 12.021043019829973], [11.0, 1.0, 2.0, 60.0, 23.70199129895224], [24.0, 2.0, 2.0, 60.0, 35.625796298323515], [80.0, 2.0, 2.0, 60.0, 37.02476774758143], [16.0, 2.0, 1.0, 30.0, 37.456954746073315], [45.0, 2.0, 2.0, 60.0, 44.72025732460407], [47.0, 2.0, 2.0, 60.0, 51.770060795891936], [104.0, 2.0, 2.0, 60.0, 67.39154057863942], [79.0, 2.0, 2.0, 60.0, 67.78801156455697], [65.0, 2.0, 2.0, 60.0, 73.02081579727279], [10.0, 3.0, 1.0, 30.0, 73.37299733126183], [92.0, 2.0, 2.0, 60.0, 78.81811547138163], [34.0, 2.0, 2.0, 60.0, 87.47475223580068], [23.0, 1.0, 1.0, 30.0, 89.40922635875023], [55.0, 2.0, 2.0, 60.0, 95.5671546720581], [184.0, 3.0, 2.0, 60.0, 96.33602094118923], [121.0, 3.0, 2.0, 60.0, 96.7939072781402], [61.0, 2.0, 2.0, 60.0, 98.36980328880216], [90.0, 2.0, 2.0, 60.0, 102.87579966565295], [18.0, 1.0, 1.0, 30.0, 104.9407263143454], [13.0, 1.0, 1.0, 30.0, 111.17765606341352], [184.0, 2.0, 2.0, 60.0, 112.29553792447513], [59.0, 3.0, 2.0, 60.0, 121.48538924519744], [87.0, 3.0, 1.0, 30.0, 127.62081856126873], [76.0, 1.0, 1.0, 30.0, 130.89979933108373], [64.0, 2.0, 2.0, 60.0, 132.98523286264282], [79.0, 1.0, 1.0, 30.0, 135.25183130913413], [74.0, 1.0, 1.0, 30.0, 135.6372170444124], [132.0, 1.0, 1.0, 30.0, 136.53537831628518], [13.0, 1.0, 1.0, 30.0, 139.96198057430644], [37.0, 1.0, 1.0, 30.0, 141.90538175510554], [3.0, 1.0, 2.0, 60.0, 148.22641604293108], [105.0, 1.0, 1.0, 30.0, 151.7688691800117], [19.0, 2.0, 2.0, 60.0, 152.9585189515018], [17.0, 2.0, 2.0, 60.0, 155.26396063278915], [45.0, 3.0, 2.0, 60.0, 158.4717443187417], [41.0, 2.0, 2.0, 60.0, 160.19091112593068], [14.0, 3.0, 2.0, 60.0, 161.80046723046223], [40.0, 2.0, 2.0, 60.0, 166.19504064142495], [119.0, 2.0, 2.0, 60.0, 167.67977668606895], [52.0, 2.0, 2.0, 60.0, 174.34828881122837], [52.0, 2.0, 2.0, 60.0, 181.30260874245792], [445.0, 2.0, 1.0, 30.0, 186.72302338228388], [68.0, 2.0, 2.0, 60.0, 187.08816512218607], [55.0, 2.0, 2.0, 60.0, 192.75850263079985], [27.0, 2.0, 2.0, 60.0, 199.5301925701257], [129.0, 1.0, 1.0, 30.0, 205.14039082741283], [45.0, 2.0, 2.0, 60.0, 206.54063642859495], [22.0, 2.0, 1.0, 30.0, 208.1453173837751], [17.0, 1.0, 1.0, 30.0, 208.9739969202831], [24.0, 3.0, 1.0, 30.0, 210.74581448374042], [18.0, 1.0, 1.0, 30.0, 210.85151326578935], [59.0, 2.0, 3.0, 120.0, 211.68829524636791], [58.0, 2.0, 2.0, 60.0, 218.2635794691037], [79.0, 2.0, 2.0, 60.0, 238.24236082502787], [79.0, 1.0, 2.0, 60.0, 241.06005128697106], [91.0, 1.0, 1.0, 30.0, 242.4802497949752], [62.0, 2.0, 2.0, 60.0, 244.4690310645114], [134.0, 3.0, 2.0, 60.0, 246.27574217918595], [80.0, 2.0, 2.0, 60.0, 246.92391019530396], [22.0, 2.0, 2.0, 60.0, 252.340535869662], [79.0, 1.0, 1.0, 30.0, 259.21978013724924], [107.0, 2.0, 2.0, 60.0, 266.7588257904633], [53.0, 2.0, 2.0, 60.0, 293.3082397692622], [55.0, 3.0, 1.0, 30.0, 303.841540943146], [17.0, 1.0, 1.0, 30.0, 312.06587014562393], [46.0, 3.0, 2.0, 60.0, 317.28332755550696], [84.0, 1.0, 1.0, 30.0, 320.2459485503109], [29.0, 3.0, 1.0, 30.0, 320.46821633167013], [93.0, 2.0, 2.0, 60.0, 325.25123026577114], [10.0, 1.0, 1.0, 30.0, 328.35814570323583], [72.0, 3.0, 1.0, 30.0, 335.8979525787838], [105.0, 1.0, 2.0, 60.0, 346.037960484565], [9.0, 3.0, 1.0, 30.0, 347.69830455805135], [66.0, 2.0, 1.0, 30.0, 347.94705816407], [12.0, 2.0, 2.0, 60.0, 352.5711693396838], [64.0, 1.0, 2.0, 60.0, 365.3382663386541], [134.0, 3.0, 2.0, 60.0, 369.44362432169635], [99.0, 2.0, 2.0, 60.0, 380.09833875091823], [28.0, 1.0, 1.0, 30.0, 383.8634124776174], [86.0, 2.0, 2.0, 60.0, 390.4333827158369], [100.0, 3.0, 3.0, 120.0, 391.8772976892559], [111.0, 1.0, 1.0, 30.0, 392.54938394344936], [19.0, 1.0, 1.0, 30.0, 393.26178810715084], [100.0, 3.0, 3.0, 120.0, 393.85019969752625], [47.0, 2.0, 2.0, 60.0, 394.1235652920939], [100.0, 2.0, 3.0, 120.0, 402.7065312495663], [272.0, 1.0, 1.0, 30.0, 404.9496062434009], [40.0, 2.0, 2.0, 60.0, 406.8802625567264], [81.0, 1.0, 2.0, 60.0, 411.5550592296831], [13.0, 2.0, 2.0, 60.0, 412.491396507024], [60.0, 2.0, 2.0, 60.0, 422.0828587162822], [92.0, 2.0, 2.0, 60.0, 428.54263891348444], [5.0, 1.0, 1.0, 30.0, 430.18884989348794], [32.0, 2.0, 2.0, 60.0, 431.1918089653501], [115.0, 3.0, 1.0, 30.0, 433.84690701169285]]","[78, 81, 82, 83, 84]","[[1, 3, 2, 0], [0, 2, 0], [0]]","[0, 0, 0, 1, 1]",200,10
93,259.5969951391221,0.012761068344116212,0.3847974359337142,6.165580818874758,5.304895225735662,41.81058156108617,0.0,669.9278519710256,959.6088264847564,2,0.15495238095238095,0.47644685680287546,0.052766389201550114,"[1, 0, 0]","[21.844978130521966, 10.903213397546805, 4.005888130553236]",6,6000,"[[ 0.          8.80427463 10.86560815  9.77197913  8.82407434]
 [ 8.80427463  0.          2.06133352  1.61104384  0.80561711]
 [10.86560815  2.06133352  0.          2.25375886  2.86695063]
 [ 9.77197913  1.61104384  2.25375886  0.          1.59871992]
 [ 8.82407434  0.80561711  2.86695063  1.59871992  0.        ]]","[[20.0, 2.0, 2.0, 60.0, 0.0], [45.0, 1.0, 2.0, 60.0, 0.0], [100.0, 2.0, 2.0, 60.0, 0.0], [46.0, 2.0, 1.0, 30.0, 0.0], [29.0, 3.0, 1.0, 30.0, 0.0], [89.0, 2.0, 2.0, 60.0, 0.0], [21.0, 1.0, 2.0, 60.0, 0.0], [110.0, 1.0, 1.0, 30.0, 0.0], [30.0, 2.0, 2.0, 60.0, 0.0], [53.0, 2.0, 2.0, 60.0, 0.0], [35.0, 3.0, 1.0, 30.0, 0.0], [29.0, 3.0, 1.0, 30.0, 0.0], [85.0, 3.0, 2.0, 60.0, 0.0], [21.0, 3.0, 2.0, 60.0, 0.0], [48.0, 2.0, 2.0, 60.0, 0.0], [45.0, 2.0, 2.0, 60.0, 0.0], [88.0, 3.0, 3.0, 120.0, 0.0], [58.0, 2.0, 2.0, 60.0, 0.0], [141.0, 1.0, 2.0, 60.0, 0.0], [445.0, 1.0, 1.0, 30.0, 0.0], [55.0, 2.0, 2.0, 60.0, 0.0], [100.0, 1.0, 3.0, 120.0, 0.0], [25.0, 2.0, 2.0, 60.0, 0.0], [4.0, 1.0, 1.0, 30.0, 0.0], [73.0, 3.0, 2.0, 60.0, 12.021043019829973], [11.0, 1.0, 2.0, 60.0, 23.70199129895224], [24.0, 2.0, 2.0, 60.0, 35.625796298323515], [80.0, 2.0, 2.0, 60.0, 37.02476774758143], [16.0, 2.0, 1.0, 30.0, 37.456954746073315], [45.0, 2.0, 2.0, 60.0, 44.72025732460407], [47.0, 2.0, 2.0, 60.0, 51.770060795891936], [104.0, 2.0, 2.0, 60.0, 67.39154057863942], [79.0, 2.0, 2.0, 60.0, 67.78801156455697], [65.0, 2.0, 2.0, 60.0, 73.02081579727279], [10.0, 3.0, 1.0, 30.0, 73.37299733126183], [92.0, 2.0, 2.0, 60.0, 78.81811547138163], [34.0, 2.0, 2.0, 60.0, 87.47475223580068], [23.0, 1.0, 1.0, 30.0, 89.40922635875023], [55.0, 2.0, 2.0, 60.0, 95.5671546720581], [184.0, 3.0, 2.0, 60.0, 96.33602094118923], [121.0, 3.0, 2.0, 60.0, 96.7939072781402], [61.0, 2.0, 2.0, 60.0, 98.36980328880216], [90.0, 2.0, 2.0, 60.0, 102.87579966565295], [18.0, 1.0, 1.0, 30.0, 104.9407263143454], [13.0, 1.0, 1.0, 30.0, 111.17765606341352], [184.0, 2.0, 2.0, 60.0, 112.29553792447513], [59.0, 3.0, 2.0, 60.0, 121.48538924519744], [87.0, 3.0, 1.0, 30.0, 127.62081856126873], [76.0, 1.0, 1.0, 30.0, 130.89979933108373], [64.0, 2.0, 2.0, 60.0, 132.98523286264282], [79.0, 1.0, 1.0, 30.0, 135.25183130913413], [74.0, 1.0, 1.0, 30.0, 135.6372170444124], [132.0, 1.0, 1.0, 30.0, 136.53537831628518], [13.0, 1.0, 1.0, 30.0, 139.96198057430644], [37.0, 1.0, 1.0, 30.0, 141.90538175510554], [3.0, 1.0, 2.0, 60.0, 148.22641604293108], [105.0, 1.0, 1.0, 30.0, 151.7688691800117], [19.0, 2.0, 2.0, 60.0, 152.9585189515018], [17.0, 2.0, 2.0, 60.0, 155.26396063278915], [45.0, 3.0, 2.0, 60.0, 158.4717443187417], [41.0, 2.0, 2.0, 60.0, 160.19091112593068], [14.0, 3.0, 2.0, 60.0, 161.80046723046223], [40.0, 2.0, 2.0, 60.0, 166.19504064142495], [119.0, 2.0, 2.0, 60.0, 167.67977668606895], [52.0, 2.0, 2.0, 60.0, 174.34828881122837], [52.0, 2.0, 2.0, 60.0, 181.30260874245792], [445.0, 2.0, 1.0, 30.0, 186.72302338228388], [68.0, 2.0, 2.0, 60.0, 187.08816512218607], [55.0, 2.0, 2.0, 60.0, 192.75850263079985], [27.0, 2.0, 2.0, 60.0, 199.5301925701257], [129.0, 1.0, 1.0, 30.0, 205.14039082741283], [45.0, 2.0, 2.0, 60.0, 206.54063642859495], [22.0, 2.0, 1.0, 30.0, 208.1453173837751], [17.0, 1.0, 1.0, 30.0, 208.9739969202831], [24.0, 3.0, 1.0, 30.0, 210.74581448374042], [18.0, 1.0, 1.0, 30.0, 210.85151326578935], [59.0, 2.0, 3.0, 120.0, 211.68829524636791], [58.0, 2.0, 2.0, 60.0, 218.2635794691037], [79.0, 2.0, 2.0, 60.0, 238.24236082502787], [79.0, 1.0, 2.0, 60.0, 241.06005128697106], [91.0, 1.0, 1.0, 30.0, 242.4802497949752], [62.0, 2.0, 2.0, 60.0, 244.4690310645114], [134.0, 3.0, 2.0, 60.0, 246.27574217918595], [80.0, 2.0, 2.0, 60.0, 246.92391019530396], [22.0, 2.0, 2.0, 60.0, 252.340535869662], [79.0, 1.0, 1.0, 30.0, 259.21978013724924], [107.0, 2.0, 2.0, 60.0, 266.7588257904633], [53.0, 2.0, 2.0, 60.0, 293.3082397692622], [55.0, 3.0, 1.0, 30.0, 303.841540943146], [17.0, 1.0, 1.0, 30.0, 312.06587014562393], [46.0, 3.0, 2.0, 60.0, 317.28332755550696], [84.0, 1.0, 1.0, 30.0, 320.2459485503109], [29.0, 3.0, 1.0, 30.0, 320.46821633167013], [93.0, 2.0, 2.0, 60.0, 325.25123026577114], [10.0, 1.0, 1.0, 30.0, 328.35814570323583], [72.0, 3.0, 1.0, 30.0, 335.8979525787838], [105.0, 1.0, 2.0, 60.0, 346.037960484565], [9.0, 3.0, 1.0, 30.0, 347.69830455805135], [66.0, 2.0, 1.0, 30.0, 347.94705816407], [12.0, 2.0, 2.0, 60.0, 352.5711693396838], [64.0, 1.0, 2.0, 60.0, 365.3382663386541], [134.0, 3.0, 2.0, 60.0, 369.44362432169635], [99.0, 2.0, 2.0, 60.0, 380.09833875091823], [28.0, 1.0, 1.0, 30.0, 383.8634124776174], [86.0, 2.0, 2.0, 60.0, 390.4333827158369], [100.0, 3.0, 3.0, 120.0, 391.8772976892559], [111.0, 1.0, 1.0, 30.0, 392.54938394344936], [19.0, 1.0, 1.0, 30.0, 393.26178810715084], [100.0, 3.0, 3.0, 120.0, 393.85019969752625], [47.0, 2.0, 2.0, 60.0, 394.1235652920939], [100.0, 2.0, 3.0, 120.0, 402.7065312495663], [272.0, 1.0, 1.0, 30.0, 404.9496062434009], [40.0, 2.0, 2.0, 60.0, 406.8802625567264], [81.0, 1.0, 2.0, 60.0, 411.5550592296831], [13.0, 2.0, 2.0, 60.0, 412.491396507024], [60.0, 2.0, 2.0, 60.0, 422.0828587162822], [92.0, 2.0, 2.0, 60.0, 428.54263891348444], [5.0, 1.0, 1.0, 30.0, 430.18884989348794], [32.0, 2.0, 2.0, 60.0, 431.1918089653501], [115.0, 3.0, 1.0, 30.0, 433.84690701169285]]","[78, 81, 82, 83, 84, 85]","[[1, 0, 1, 2, 3, 0], [0, 2, 0], [0]]","[0, 0, 0, 1, 1, 0]",200,10
94,260.6097562074662,0.010460829734802246,0.30761752621310745,8.474574776118605,5.159497624566927,33.81439172959734,0.0,931.5548263752629,976.6695973467317,1,0.14491666666666667,0.4119288656262571,0.07794112224380569,"[2, 0, 0]","[21.844978130521966, 10.903213397546805, 5.018649198897353]",6,6000,"[[ 0.          8.93101537 10.99234889  9.89871987  8.95081508]
 [ 8.93101537  0.          2.06133352  1.61104384  0.80561711]
 [10.99234889  2.06133352  0.          2.25375886  2.86695063]
 [ 9.89871987  1.61104384  2.25375886  0.          1.59871992]
 [ 8.95081508  0.80561711  2.86695063  1.59871992  0.        ]]","[[20.0, 2.0, 2.0, 60.0, 0.0], [45.0, 1.0, 2.0, 60.0, 0.0], [100.0, 2.0, 2.0, 60.0, 0.0], [46.0, 2.0, 1.0, 30.0, 0.0], [29.0, 3.0, 1.0, 30.0, 0.0], [89.0, 2.0, 2.0, 60.0, 0.0], [21.0, 1.0, 2.0, 60.0, 0.0], [110.0, 1.0, 1.0, 30.0, 0.0], [30.0, 2.0, 2.0, 60.0, 0.0], [53.0, 2.0, 2.0, 60.0, 0.0], [35.0, 3.0, 1.0, 30.0, 0.0], [29.0, 3.0, 1.0, 30.0, 0.0], [85.0, 3.0, 2.0, 60.0, 0.0], [21.0, 3.0, 2.0, 60.0, 0.0], [48.0, 2.0, 2.0, 60.0, 0.0], [45.0, 2.0, 2.0, 60.0, 0.0], [88.0, 3.0, 3.0, 120.0, 0.0], [58.0, 2.0, 2.0, 60.0, 0.0], [141.0, 1.0, 2.0, 60.0, 0.0], [445.0, 1.0, 1.0, 30.0, 0.0], [55.0, 2.0, 2.0, 60.0, 0.0], [100.0, 1.0, 3.0, 120.0, 0.0], [25.0, 2.0, 2.0, 60.0, 0.0], [4.0, 1.0, 1.0, 30.0, 0.0], [73.0, 3.0, 2.0, 60.0, 12.021043019829973], [11.0, 1.0, 2.0, 60.0, 23.70199129895224], [24.0, 2.0, 2.0, 60.0, 35.625796298323515], [80.0, 2.0, 2.0, 60.0, 37.02476774758143], [16.0, 2.0, 1.0, 30.0, 37.456954746073315], [45.0, 2.0, 2.0, 60.0, 44.72025732460407], [47.0, 2.0, 2.0, 60.0, 51.770060795891936], [104.0, 2.0, 2.0, 60.0, 67.39154057863942], [79.0, 2.0, 2.0, 60.0, 67.78801156455697], [65.0, 2.0, 2.0, 60.0, 73.02081579727279], [10.0, 3.0, 1.0, 30.0, 73.37299733126183], [92.0, 2.0, 2.0, 60.0, 78.81811547138163], [34.0, 2.0, 2.0, 60.0, 87.47475223580068], [23.0, 1.0, 1.0, 30.0, 89.40922635875023], [55.0, 2.0, 2.0, 60.0, 95.5671546720581], [184.0, 3.0, 2.0, 60.0, 96.33602094118923], [121.0, 3.0, 2.0, 60.0, 96.7939072781402], [61.0, 2.0, 2.0, 60.0, 98.36980328880216], [90.0, 2.0, 2.0, 60.0, 102.87579966565295], [18.0, 1.0, 1.0, 30.0, 104.9407263143454], [13.0, 1.0, 1.0, 30.0, 111.17765606341352], [184.0, 2.0, 2.0, 60.0, 112.29553792447513], [59.0, 3.0, 2.0, 60.0, 121.48538924519744], [87.0, 3.0, 1.0, 30.0, 127.62081856126873], [76.0, 1.0, 1.0, 30.0, 130.89979933108373], [64.0, 2.0, 2.0, 60.0, 132.98523286264282], [79.0, 1.0, 1.0, 30.0, 135.25183130913413], [74.0, 1.0, 1.0, 30.0, 135.6372170444124], [132.0, 1.0, 1.0, 30.0, 136.53537831628518], [13.0, 1.0, 1.0, 30.0, 139.96198057430644], [37.0, 1.0, 1.0, 30.0, 141.90538175510554], [3.0, 1.0, 2.0, 60.0, 148.22641604293108], [105.0, 1.0, 1.0, 30.0, 151.7688691800117], [19.0, 2.0, 2.0, 60.0, 152.9585189515018], [17.0, 2.0, 2.0, 60.0, 155.26396063278915], [45.0, 3.0, 2.0, 60.0, 158.4717443187417], [41.0, 2.0, 2.0, 60.0, 160.19091112593068], [14.0, 3.0, 2.0, 60.0, 161.80046723046223], [40.0, 2.0, 2.0, 60.0, 166.19504064142495], [119.0, 2.0, 2.0, 60.0, 167.67977668606895], [52.0, 2.0, 2.0, 60.0, 174.34828881122837], [52.0, 2.0, 2.0, 60.0, 181.30260874245792], [445.0, 2.0, 1.0, 30.0, 186.72302338228388], [68.0, 2.0, 2.0, 60.0, 187.08816512218607], [55.0, 2.0, 2.0, 60.0, 192.75850263079985], [27.0, 2.0, 2.0, 60.0, 199.5301925701257], [129.0, 1.0, 1.0, 30.0, 205.14039082741283], [45.0, 2.0, 2.0, 60.0, 206.54063642859495], [22.0, 2.0, 1.0, 30.0, 208.1453173837751], [17.0, 1.0, 1.0, 30.0, 208.9739969202831], [24.0, 3.0, 1.0, 30.0, 210.74581448374042], [18.0, 1.0, 1.0, 30.0, 210.85151326578935], [59.0, 2.0, 3.0, 120.0, 211.68829524636791], [58.0, 2.0, 2.0, 60.0, 218.2635794691037], [79.0, 2.0, 2.0, 60.0, 238.24236082502787], [79.0, 1.0, 2.0, 60.0, 241.06005128697106], [91.0, 1.0, 1.0, 30.0, 242.4802497949752], [62.0, 2.0, 2.0, 60.0, 244.4690310645114], [134.0, 3.0, 2.0, 60.0, 246.27574217918595], [80.0, 2.0, 2.0, 60.0, 246.92391019530396], [22.0, 2.0, 2.0, 60.0, 252.340535869662], [79.0, 1.0, 1.0, 30.0, 259.21978013724924], [107.0, 2.0, 2.0, 60.0, 266.7588257904633], [53.0, 2.0, 2.0, 60.0, 293.3082397692622], [55.0, 3.0, 1.0, 30.0, 303.841540943146], [17.0, 1.0, 1.0, 30.0, 312.06587014562393], [46.0, 3.0, 2.0, 60.0, 317.28332755550696], [84.0, 1.0, 1.0, 30.0, 320.2459485503109], [29.0, 3.0, 1.0, 30.0, 320.46821633167013], [93.0, 2.0, 2.0, 60.0, 325.25123026577114], [10.0, 1.0, 1.0, 30.0, 328.35814570323583], [72.0, 3.0, 1.0, 30.0, 335.8979525787838], [105.0, 1.0, 2.0, 60.0, 346.037960484565], [9.0, 3.0, 1.0, 30.0, 347.69830455805135], [66.0, 2.0, 1.0, 30.0, 347.94705816407], [12.0, 2.0, 2.0, 60.0, 352.5711693396838], [64.0, 1.0, 2.0, 60.0, 365.3382663386541], [134.0, 3.0, 2.0, 60.0, 369.44362432169635], [99.0, 2.0, 2.0, 60.0, 380.09833875091823], [28.0, 1.0, 1.0, 30.0, 383.8634124776174], [86.0, 2.0, 2.0, 60.0, 390.4333827158369], [100.0, 3.0, 3.0, 120.0, 391.8772976892559], [111.0, 1.0, 1.0, 30.0, 392.54938394344936], [19.0, 1.0, 1.0, 30.0, 393.26178810715084], [100.0, 3.0, 3.0, 120.0, 393.85019969752625], [47.0, 2.0, 2.0, 60.0, 394.1235652920939], [100.0, 2.0, 3.0, 120.0, 402.7065312495663], [272.0, 1.0, 1.0, 30.0, 404.9496062434009], [40.0, 2.0, 2.0, 60.0, 406.8802625567264], [81.0, 1.0, 2.0, 60.0, 411.5550592296831], [13.0, 2.0, 2.0, 60.0, 412.491396507024], [60.0, 2.0, 2.0, 60.0, 422.0828587162822], [92.0, 2.0, 2.0, 60.0, 428.54263891348444], [5.0, 1.0, 1.0, 30.0, 430.18884989348794], [32.0, 2.0, 2.0, 60.0, 431.1918089653501], [115.0, 3.0, 1.0, 30.0, 433.84690701169285]]","[82, 83, 84, 85]","[[2, 3, 0], [0, 1, 2, 0], [0]]","[0, 1, 1, 1]",200,10
95,263.62021703720103,0.010284237066904704,0.3045452958394064,8.222421729992925,4.416260457912316,34.25872760697318,0.0,924.9517564901943,984.308538544504,8,0.14430952380952383,0.4383418431070014,0.07542453825546576,"[2, 0, 0]","[19.59121926846025, 10.903213397546805, 8.029110028632154]",6,6000,"[[ 0.          9.07160843 11.2491403   9.52079474  9.04893466]
 [ 9.07160843  0.          2.26022177  1.13499913  0.80561711]
 [11.2491403   2.26022177  0.          2.48232071  2.97568194]
 [ 9.52079474  1.13499913  2.48232071  0.          1.1226752 ]
 [ 9.04893466  0.80561711  2.97568194  1.1226752   0.        ]]","[[20.0, 2.0, 2.0, 60.0, 0.0], [45.0, 1.0, 2.0, 60.0, 0.0], [100.0, 2.0, 2.0, 60.0, 0.0], [46.0, 2.0, 1.0, 30.0, 0.0], [29.0, 3.0, 1.0, 30.0, 0.0], [89.0, 2.0, 2.0, 60.0, 0.0], [21.0, 1.0, 2.0, 60.0, 0.0], [110.0, 1.0, 1.0, 30.0, 0.0], [30.0, 2.0, 2.0, 60.0, 0.0], [53.0, 2.0, 2.0, 60.0, 0.0], [35.0, 3.0, 1.0, 30.0, 0.0], [29.0, 3.0, 1.0, 30.0, 0.0], [85.0, 3.0, 2.0, 60.0, 0.0], [21.0, 3.0, 2.0, 60.0, 0.0], [48.0, 2.0, 2.0, 60.0, 0.0], [45.0, 2.0, 2.0, 60.0, 0.0], [88.0, 3.0, 3.0, 120.0, 0.0], [58.0, 2.0, 2.0, 60.0, 0.0], [141.0, 1.0, 2.0, 60.0, 0.0], [445.0, 1.0, 1.0, 30.0, 0.0], [55.0, 2.0, 2.0, 60.0, 0.0], [100.0, 1.0, 3.0, 120.0, 0.0], [25.0, 2.0, 2.0, 60.0, 0.0], [4.0, 1.0, 1.0, 30.0, 0.0], [73.0, 3.0, 2.0, 60.0, 12.021043019829973], [11.0, 1.0, 2.0, 60.0, 23.70199129895224], [24.0, 2.0, 2.0, 60.0, 35.625796298323515], [80.0, 2.0, 2.0, 60.0, 37.02476774758143], [16.0, 2.0, 1.0, 30.0, 37.456954746073315], [45.0, 2.0, 2.0, 60.0, 44.72025732460407], [47.0, 2.0, 2.0, 60.0, 51.770060795891936], [104.0, 2.0, 2.0, 60.0, 67.39154057863942], [79.0, 2.0, 2.0, 60.0, 67.78801156455697], [65.0, 2.0, 2.0, 60.0, 73.02081579727279], [10.0, 3.0, 1.0, 30.0, 73.37299733126183], [92.0, 2.0, 2.0, 60.0, 78.81811547138163], [34.0, 2.0, 2.0, 60.0, 87.47475223580068], [23.0, 1.0, 1.0, 30.0, 89.40922635875023], [55.0, 2.0, 2.0, 60.0, 95.5671546720581], [184.0, 3.0, 2.0, 60.0, 96.33602094118923], [121.0, 3.0, 2.0, 60.0, 96.7939072781402], [61.0, 2.0, 2.0, 60.0, 98.36980328880216], [90.0, 2.0, 2.0, 60.0, 102.87579966565295], [18.0, 1.0, 1.0, 30.0, 104.9407263143454], [13.0, 1.0, 1.0, 30.0, 111.17765606341352], [184.0, 2.0, 2.0, 60.0, 112.29553792447513], [59.0, 3.0, 2.0, 60.0, 121.48538924519744], [87.0, 3.0, 1.0, 30.0, 127.62081856126873], [76.0, 1.0, 1.0, 30.0, 130.89979933108373], [64.0, 2.0, 2.0, 60.0, 132.98523286264282], [79.0, 1.0, 1.0, 30.0, 135.25183130913413], [74.0, 1.0, 1.0, 30.0, 135.6372170444124], [132.0, 1.0, 1.0, 30.0, 136.53537831628518], [13.0, 1.0, 1.0, 30.0, 139.96198057430644], [37.0, 1.0, 1.0, 30.0, 141.90538175510554], [3.0, 1.0, 2.0, 60.0, 148.22641604293108], [105.0, 1.0, 1.0, 30.0, 151.7688691800117], [19.0, 2.0, 2.0, 60.0, 152.9585189515018], [17.0, 2.0, 2.0, 60.0, 155.26396063278915], [45.0, 3.0, 2.0, 60.0, 158.4717443187417], [41.0, 2.0, 2.0, 60.0, 160.19091112593068], [14.0, 3.0, 2.0, 60.0, 161.80046723046223], [40.0, 2.0, 2.0, 60.0, 166.19504064142495], [119.0, 2.0, 2.0, 60.0, 167.67977668606895], [52.0, 2.0, 2.0, 60.0, 174.34828881122837], [52.0, 2.0, 2.0, 60.0, 181.30260874245792], [445.0, 2.0, 1.0, 30.0, 186.72302338228388], [68.0, 2.0, 2.0, 60.0, 187.08816512218607], [55.0, 2.0, 2.0, 60.0, 192.75850263079985], [27.0, 2.0, 2.0, 60.0, 199.5301925701257], [129.0, 1.0, 1.0, 30.0, 205.14039082741283], [45.0, 2.0, 2.0, 60.0, 206.54063642859495], [22.0, 2.0, 1.0, 30.0, 208.1453173837751], [17.0, 1.0, 1.0, 30.0, 208.9739969202831], [24.0, 3.0, 1.0, 30.0, 210.74581448374042], [18.0, 1.0, 1.0, 30.0, 210.85151326578935], [59.0, 2.0, 3.0, 120.0, 211.68829524636791], [58.0, 2.0, 2.0, 60.0, 218.2635794691037], [79.0, 2.0, 2.0, 60.0, 238.24236082502787], [79.0, 1.0, 2.0, 60.0, 241.06005128697106], [91.0, 1.0, 1.0, 30.0, 242.4802497949752], [62.0, 2.0, 2.0, 60.0, 244.4690310645114], [134.0, 3.0, 2.0, 60.0, 246.27574217918595], [80.0, 2.0, 2.0, 60.0, 246.92391019530396], [22.0, 2.0, 2.0, 60.0, 252.340535869662], [79.0, 1.0, 1.0, 30.0, 259.21978013724924], [107.0, 2.0, 2.0, 60.0, 266.7588257904633], [53.0, 2.0, 2.0, 60.0, 293.3082397692622], [55.0, 3.0, 1.0, 30.0, 303.841540943146], [17.0, 1.0, 1.0, 30.0, 312.06587014562393], [46.0, 3.0, 2.0, 60.0, 317.28332755550696], [84.0, 1.0, 1.0, 30.0, 320.2459485503109], [29.0, 3.0, 1.0, 30.0, 320.46821633167013], [93.0, 2.0, 2.0, 60.0, 325.25123026577114], [10.0, 1.0, 1.0, 30.0, 328.35814570323583], [72.0, 3.0, 1.0, 30.0, 335.8979525787838], [105.0, 1.0, 2.0, 60.0, 346.037960484565], [9.0, 3.0, 1.0, 30.0, 347.69830455805135], [66.0, 2.0, 1.0, 30.0, 347.94705816407], [12.0, 2.0, 2.0, 60.0, 352.5711693396838], [64.0, 1.0, 2.0, 60.0, 365.3382663386541], [134.0, 3.0, 2.0, 60.0, 369.44362432169635], [99.0, 2.0, 2.0, 60.0, 380.09833875091823], [28.0, 1.0, 1.0, 30.0, 383.8634124776174], [86.0, 2.0, 2.0, 60.0, 390.4333827158369], [100.0, 3.0, 3.0, 120.0, 391.8772976892559], [111.0, 1.0, 1.0, 30.0, 392.54938394344936], [19.0, 1.0, 1.0, 30.0, 393.26178810715084], [100.0, 3.0, 3.0, 120.0, 393.85019969752625], [47.0, 2.0, 2.0, 60.0, 394.1235652920939], [100.0, 2.0, 3.0, 120.0, 402.7065312495663], [272.0, 1.0, 1.0, 30.0, 404.9496062434009], [40.0, 2.0, 2.0, 60.0, 406.8802625567264], [81.0, 1.0, 2.0, 60.0, 411.5550592296831], [13.0, 2.0, 2.0, 60.0, 412.491396507024], [60.0, 2.0, 2.0, 60.0, 422.0828587162822], [92.0, 2.0, 2.0, 60.0, 428.54263891348444], [5.0, 1.0, 1.0, 30.0, 430.18884989348794], [32.0, 2.0, 2.0, 60.0, 431.1918089653501], [115.0, 3.0, 1.0, 30.0, 433.84690701169285]]","[82, 83, 84, 85]","[[2, 3, 0], [0, 2, 1, 0], [0]]","[0, 1, 1, 1]",200,10
96,264.63050127426794,0.010249022642771404,0.3045420496978712,7.36518206084809,5.08256738892297,34.25836244395754,1.7552016555480918,828.5196633981666,847.345783473207,13,0.17883333333333332,0.44843300813398956,0.10553277839975829,"[3, 0, 0]","[19.59121926846025, 10.903213397546805, 9.039394265699059]",6,6000,"[[ 0.          9.08401636 11.2491403   9.52079474  9.04893466]
 [ 9.08401636  0.          2.24763126  1.01527885  0.68589683]
 [11.2491403   2.24763126  0.          2.48232071  2.93352809]
 [ 9.52079474  1.01527885  2.48232071  0.          1.1226752 ]
 [ 9.04893466  0.68589683  2.93352809  1.1226752   0.        ]]","[[20.0, 2.0, 2.0, 60.0, 0.0], [45.0, 1.0, 2.0, 60.0, 0.0], [100.0, 2.0, 2.0, 60.0, 0.0], [46.0, 2.0, 1.0, 30.0, 0.0], [29.0, 3.0, 1.0, 30.0, 0.0], [89.0, 2.0, 2.0, 60.0, 0.0], [21.0, 1.0, 2.0, 60.0, 0.0], [110.0, 1.0, 1.0, 30.0, 0.0], [30.0, 2.0, 2.0, 60.0, 0.0], [53.0, 2.0, 2.0, 60.0, 0.0], [35.0, 3.0, 1.0, 30.0, 0.0], [29.0, 3.0, 1.0, 30.0, 0.0], [85.0, 3.0, 2.0, 60.0, 0.0], [21.0, 3.0, 2.0, 60.0, 0.0], [48.0, 2.0, 2.0, 60.0, 0.0], [45.0, 2.0, 2.0, 60.0, 0.0], [88.0, 3.0, 3.0, 120.0, 0.0], [58.0, 2.0, 2.0, 60.0, 0.0], [141.0, 1.0, 2.0, 60.0, 0.0], [445.0, 1.0, 1.0, 30.0, 0.0], [55.0, 2.0, 2.0, 60.0, 0.0], [100.0, 1.0, 3.0, 120.0, 0.0], [25.0, 2.0, 2.0, 60.0, 0.0], [4.0, 1.0, 1.0, 30.0, 0.0], [73.0, 3.0, 2.0, 60.0, 12.021043019829973], [11.0, 1.0, 2.0, 60.0, 23.70199129895224], [24.0, 2.0, 2.0, 60.0, 35.625796298323515], [80.0, 2.0, 2.0, 60.0, 37.02476774758143], [16.0, 2.0, 1.0, 30.0, 37.456954746073315], [45.0, 2.0, 2.0, 60.0, 44.72025732460407], [47.0, 2.0, 2.0, 60.0, 51.770060795891936], [104.0, 2.0, 2.0, 60.0, 67.39154057863942], [79.0, 2.0, 2.0, 60.0, 67.78801156455697], [65.0, 2.0, 2.0, 60.0, 73.02081579727279], [10.0, 3.0, 1.0, 30.0, 73.37299733126183], [92.0, 2.0, 2.0, 60.0, 78.81811547138163], [34.0, 2.0, 2.0, 60.0, 87.47475223580068], [23.0, 1.0, 1.0, 30.0, 89.40922635875023], [55.0, 2.0, 2.0, 60.0, 95.5671546720581], [184.0, 3.0, 2.0, 60.0, 96.33602094118923], [121.0, 3.0, 2.0, 60.0, 96.7939072781402], [61.0, 2.0, 2.0, 60.0, 98.36980328880216], [90.0, 2.0, 2.0, 60.0, 102.87579966565295], [18.0, 1.0, 1.0, 30.0, 104.9407263143454], [13.0, 1.0, 1.0, 30.0, 111.17765606341352], [184.0, 2.0, 2.0, 60.0, 112.29553792447513], [59.0, 3.0, 2.0, 60.0, 121.48538924519744], [87.0, 3.0, 1.0, 30.0, 127.62081856126873], [76.0, 1.0, 1.0, 30.0, 130.89979933108373], [64.0, 2.0, 2.0, 60.0, 132.98523286264282], [79.0, 1.0, 1.0, 30.0, 135.25183130913413], [74.0, 1.0, 1.0, 30.0, 135.6372170444124], [132.0, 1.0, 1.0, 30.0, 136.53537831628518], [13.0, 1.0, 1.0, 30.0, 139.96198057430644], [37.0, 1.0, 1.0, 30.0, 141.90538175510554], [3.0, 1.0, 2.0, 60.0, 148.22641604293108], [105.0, 1.0, 1.0, 30.0, 151.7688691800117], [19.0, 2.0, 2.0, 60.0, 152.9585189515018], [17.0, 2.0, 2.0, 60.0, 155.26396063278915], [45.0, 3.0, 2.0, 60.0, 158.4717443187417], [41.0, 2.0, 2.0, 60.0, 160.19091112593068], [14.0, 3.0, 2.0, 60.0, 161.80046723046223], [40.0, 2.0, 2.0, 60.0, 166.19504064142495], [119.0, 2.0, 2.0, 60.0, 167.67977668606895], [52.0, 2.0, 2.0, 60.0, 174.34828881122837], [52.0, 2.0, 2.0, 60.0, 181.30260874245792], [445.0, 2.0, 1.0, 30.0, 186.72302338228388], [68.0, 2.0, 2.0, 60.0, 187.08816512218607], [55.0, 2.0, 2.0, 60.0, 192.75850263079985], [27.0, 2.0, 2.0, 60.0, 199.5301925701257], [129.0, 1.0, 1.0, 30.0, 205.14039082741283], [45.0, 2.0, 2.0, 60.0, 206.54063642859495], [22.0, 2.0, 1.0, 30.0, 208.1453173837751], [17.0, 1.0, 1.0, 30.0, 208.9739969202831], [24.0, 3.0, 1.0, 30.0, 210.74581448374042], [18.0, 1.0, 1.0, 30.0, 210.85151326578935], [59.0, 2.0, 3.0, 120.0, 211.68829524636791], [58.0, 2.0, 2.0, 60.0, 218.2635794691037], [79.0, 2.0, 2.0, 60.0, 238.24236082502787], [79.0, 1.0, 2.0, 60.0, 241.06005128697106], [91.0, 1.0, 1.0, 30.0, 242.4802497949752], [62.0, 2.0, 2.0, 60.0, 244.4690310645114], [134.0, 3.0, 2.0, 60.0, 246.27574217918595], [80.0, 2.0, 2.0, 60.0, 246.92391019530396], [22.0, 2.0, 2.0, 60.0, 252.340535869662], [79.0, 1.0, 1.0, 30.0, 259.21978013724924], [107.0, 2.0, 2.0, 60.0, 266.7588257904633], [53.0, 2.0, 2.0, 60.0, 293.3082397692622], [55.0, 3.0, 1.0, 30.0, 303.841540943146], [17.0, 1.0, 1.0, 30.0, 312.06587014562393], [46.0, 3.0, 2.0, 60.0, 317.28332755550696], [84.0, 1.0, 1.0, 30.0, 320.2459485503109], [29.0, 3.0, 1.0, 30.0, 320.46821633167013], [93.0, 2.0, 2.0, 60.0, 325.25123026577114], [10.0, 1.0, 1.0, 30.0, 328.35814570323583], [72.0, 3.0, 1.0, 30.0, 335.8979525787838], [105.0, 1.0, 2.0, 60.0, 346.037960484565], [9.0, 3.0, 1.0, 30.0, 347.69830455805135], [66.0, 2.0, 1.0, 30.0, 347.94705816407], [12.0, 2.0, 2.0, 60.0, 352.5711693396838], [64.0, 1.0, 2.0, 60.0, 365.3382663386541], [134.0, 3.0, 2.0, 60.0, 369.44362432169635], [99.0, 2.0, 2.0, 60.0, 380.09833875091823], [28.0, 1.0, 1.0, 30.0, 383.8634124776174], [86.0, 2.0, 2.0, 60.0, 390.4333827158369], [100.0, 3.0, 3.0, 120.0, 391.8772976892559], [111.0, 1.0, 1.0, 30.0, 392.54938394344936], [19.0, 1.0, 1.0, 30.0, 393.26178810715084], [100.0, 3.0, 3.0, 120.0, 393.85019969752625], [47.0, 2.0, 2.0, 60.0, 394.1235652920939], [100.0, 2.0, 3.0, 120.0, 402.7065312495663], [272.0, 1.0, 1.0, 30.0, 404.9496062434009], [40.0, 2.0, 2.0, 60.0, 406.8802625567264], [81.0, 1.0, 2.0, 60.0, 411.5550592296831], [13.0, 2.0, 2.0, 60.0, 412.491396507024], [60.0, 2.0, 2.0, 60.0, 422.0828587162822], [92.0, 2.0, 2.0, 60.0, 428.54263891348444], [5.0, 1.0, 1.0, 30.0, 430.18884989348794], [32.0, 2.0, 2.0, 60.0, 431.1918089653501], [115.0, 3.0, 1.0, 30.0, 433.84690701169285]]","[83, 84, 85]","[[3, 0], [0, 2, 1, 0], [0]]","[1, 1, 1]",200,10
97,267.6407502969107,0.010171902179718018,0.30720485699871464,12.311867061145744,6.979344717522617,34.664006034098094,11.937305898354964,1389.2314017038973,1454.8611951018331,6,0.16675,0.6007339027883725,0.08528971002082746,"[3, 0, 0]","[10.070424532981493, 10.903213397546805, 12.04964328834183]",6,6000,"[[ 0.          9.10587423 11.28367773  9.87815025  9.04893466]
 [ 9.10587423  0.          2.39405776  1.54387202  0.85842893]
 [11.28367773  2.39405776  0.          2.22726778  2.92405658]
 [ 9.87815025  1.54387202  2.22726778  0.          1.48003071]
 [ 9.04893466  0.85842893  2.92405658  1.48003071  0.        ]]","[[20.0, 2.0, 2.0, 60.0, 0.0], [45.0, 1.0, 2.0, 60.0, 0.0], [100.0, 2.0, 2.0, 60.0, 0.0], [46.0, 2.0, 1.0, 30.0, 0.0], [29.0, 3.0, 1.0, 30.0, 0.0], [89.0, 2.0, 2.0, 60.0, 0.0], [21.0, 1.0, 2.0, 60.0, 0.0], [110.0, 1.0, 1.0, 30.0, 0.0], [30.0, 2.0, 2.0, 60.0, 0.0], [53.0, 2.0, 2.0, 60.0, 0.0], [35.0, 3.0, 1.0, 30.0, 0.0], [29.0, 3.0, 1.0, 30.0, 0.0], [85.0, 3.0, 2.0, 60.0, 0.0], [21.0, 3.0, 2.0, 60.0, 0.0], [48.0, 2.0, 2.0, 60.0, 0.0], [45.0, 2.0, 2.0, 60.0, 0.0], [88.0, 3.0, 3.0, 120.0, 0.0], [58.0, 2.0, 2.0, 60.0, 0.0], [141.0, 1.0, 2.0, 60.0, 0.0], [445.0, 1.0, 1.0, 30.0, 0.0], [55.0, 2.0, 2.0, 60.0, 0.0], [100.0, 1.0, 3.0, 120.0, 0.0], [25.0, 2.0, 2.0, 60.0, 0.0], [4.0, 1.0, 1.0, 30.0, 0.0], [73.0, 3.0, 2.0, 60.0, 12.021043019829973], [11.0, 1.0, 2.0, 60.0, 23.70199129895224], [24.0, 2.0, 2.0, 60.0, 35.625796298323515], [80.0, 2.0, 2.0, 60.0, 37.02476774758143], [16.0, 2.0, 1.0, 30.0, 37.456954746073315], [45.0, 2.0, 2.0, 60.0, 44.72025732460407], [47.0, 2.0, 2.0, 60.0, 51.770060795891936], [104.0, 2.0, 2.0, 60.0, 67.39154057863942], [79.0, 2.0, 2.0, 60.0, 67.78801156455697], [65.0, 2.0, 2.0, 60.0, 73.02081579727279], [10.0, 3.0, 1.0, 30.0, 73.37299733126183], [92.0, 2.0, 2.0, 60.0, 78.81811547138163], [34.0, 2.0, 2.0, 60.0, 87.47475223580068], [23.0, 1.0, 1.0, 30.0, 89.40922635875023], [55.0, 2.0, 2.0, 60.0, 95.5671546720581], [184.0, 3.0, 2.0, 60.0, 96.33602094118923], [121.0, 3.0, 2.0, 60.0, 96.7939072781402], [61.0, 2.0, 2.0, 60.0, 98.36980328880216], [90.0, 2.0, 2.0, 60.0, 102.87579966565295], [18.0, 1.0, 1.0, 30.0, 104.9407263143454], [13.0, 1.0, 1.0, 30.0, 111.17765606341352], [184.0, 2.0, 2.0, 60.0, 112.29553792447513], [59.0, 3.0, 2.0, 60.0, 121.48538924519744], [87.0, 3.0, 1.0, 30.0, 127.62081856126873], [76.0, 1.0, 1.0, 30.0, 130.89979933108373], [64.0, 2.0, 2.0, 60.0, 132.98523286264282], [79.0, 1.0, 1.0, 30.0, 135.25183130913413], [74.0, 1.0, 1.0, 30.0, 135.6372170444124], [132.0, 1.0, 1.0, 30.0, 136.53537831628518], [13.0, 1.0, 1.0, 30.0, 139.96198057430644], [37.0, 1.0, 1.0, 30.0, 141.90538175510554], [3.0, 1.0, 2.0, 60.0, 148.22641604293108], [105.0, 1.0, 1.0, 30.0, 151.7688691800117], [19.0, 2.0, 2.0, 60.0, 152.9585189515018], [17.0, 2.0, 2.0, 60.0, 155.26396063278915], [45.0, 3.0, 2.0, 60.0, 158.4717443187417], [41.0, 2.0, 2.0, 60.0, 160.19091112593068], [14.0, 3.0, 2.0, 60.0, 161.80046723046223], [40.0, 2.0, 2.0, 60.0, 166.19504064142495], [119.0, 2.0, 2.0, 60.0, 167.67977668606895], [52.0, 2.0, 2.0, 60.0, 174.34828881122837], [52.0, 2.0, 2.0, 60.0, 181.30260874245792], [445.0, 2.0, 1.0, 30.0, 186.72302338228388], [68.0, 2.0, 2.0, 60.0, 187.08816512218607], [55.0, 2.0, 2.0, 60.0, 192.75850263079985], [27.0, 2.0, 2.0, 60.0, 199.5301925701257], [129.0, 1.0, 1.0, 30.0, 205.14039082741283], [45.0, 2.0, 2.0, 60.0, 206.54063642859495], [22.0, 2.0, 1.0, 30.0, 208.1453173837751], [17.0, 1.0, 1.0, 30.0, 208.9739969202831], [24.0, 3.0, 1.0, 30.0, 210.74581448374042], [18.0, 1.0, 1.0, 30.0, 210.85151326578935], [59.0, 2.0, 3.0, 120.0, 211.68829524636791], [58.0, 2.0, 2.0, 60.0, 218.2635794691037], [79.0, 2.0, 2.0, 60.0, 238.24236082502787], [79.0, 1.0, 2.0, 60.0, 241.06005128697106], [91.0, 1.0, 1.0, 30.0, 242.4802497949752], [62.0, 2.0, 2.0, 60.0, 244.4690310645114], [134.0, 3.0, 2.0, 60.0, 246.27574217918595], [80.0, 2.0, 2.0, 60.0, 246.92391019530396], [22.0, 2.0, 2.0, 60.0, 252.340535869662], [79.0, 1.0, 1.0, 30.0, 259.21978013724924], [107.0, 2.0, 2.0, 60.0, 266.7588257904633], [53.0, 2.0, 2.0, 60.0, 293.3082397692622], [55.0, 3.0, 1.0, 30.0, 303.841540943146], [17.0, 1.0, 1.0, 30.0, 312.06587014562393], [46.0, 3.0, 2.0, 60.0, 317.28332755550696], [84.0, 1.0, 1.0, 30.0, 320.2459485503109], [29.0, 3.0, 1.0, 30.0, 320.46821633167013], [93.0, 2.0, 2.0, 60.0, 325.25123026577114], [10.0, 1.0, 1.0, 30.0, 328.35814570323583], [72.0, 3.0, 1.0, 30.0, 335.8979525787838], [105.0, 1.0, 2.0, 60.0, 346.037960484565], [9.0, 3.0, 1.0, 30.0, 347.69830455805135], [66.0, 2.0, 1.0, 30.0, 347.94705816407], [12.0, 2.0, 2.0, 60.0, 352.5711693396838], [64.0, 1.0, 2.0, 60.0, 365.3382663386541], [134.0, 3.0, 2.0, 60.0, 369.44362432169635], [99.0, 2.0, 2.0, 60.0, 380.09833875091823], [28.0, 1.0, 1.0, 30.0, 383.8634124776174], [86.0, 2.0, 2.0, 60.0, 390.4333827158369], [100.0, 3.0, 3.0, 120.0, 391.8772976892559], [111.0, 1.0, 1.0, 30.0, 392.54938394344936], [19.0, 1.0, 1.0, 30.0, 393.26178810715084], [100.0, 3.0, 3.0, 120.0, 393.85019969752625], [47.0, 2.0, 2.0, 60.0, 394.1235652920939], [100.0, 2.0, 3.0, 120.0, 402.7065312495663], [272.0, 1.0, 1.0, 30.0, 404.9496062434009], [40.0, 2.0, 2.0, 60.0, 406.8802625567264], [81.0, 1.0, 2.0, 60.0, 411.5550592296831], [13.0, 2.0, 2.0, 60.0, 412.491396507024], [60.0, 2.0, 2.0, 60.0, 422.0828587162822], [92.0, 2.0, 2.0, 60.0, 428.54263891348444], [5.0, 1.0, 1.0, 30.0, 430.18884989348794], [32.0, 2.0, 2.0, 60.0, 431.1918089653501], [115.0, 3.0, 1.0, 30.0, 433.84690701169285]]","[83, 84, 85, 86]","[[3, 0], [0, 2, 1, 0], [0]]","[1, 1, 1, 1]",200,10
98,268.6509221990904,0.009180482228597004,0.30842063494160976,13.489694569203154,6.0652855230074545,34.69369860002354,15.056899302670502,1517.432183741246,1543.4771585271228,1,0.225,0.6067372011202253,0.21232928887086863,"[3, 2, 0]","[10.070424532981493, 10.903213397546805, 13.059815190521547]",6,6000,"[[ 0.          9.10587423 11.24882536  9.80479949  8.97619491]
 [ 9.10587423  0.          2.39405776  1.54387202  0.86697667]
 [11.24882536  2.39405776  0.          2.22726778  2.93260432]
 [ 9.80479949  1.54387202  2.22726778  0.          1.48857846]
 [ 8.97619491  0.86697667  2.93260432  1.48857846  0.        ]]","[[20.0, 2.0, 2.0, 60.0, 0.0], [45.0, 1.0, 2.0, 60.0, 0.0], [100.0, 2.0, 2.0, 60.0, 0.0], [46.0, 2.0, 1.0, 30.0, 0.0], [29.0, 3.0, 1.0, 30.0, 0.0], [89.0, 2.0, 2.0, 60.0, 0.0], [21.0, 1.0, 2.0, 60.0, 0.0], [110.0, 1.0, 1.0, 30.0, 0.0], [30.0, 2.0, 2.0, 60.0, 0.0], [53.0, 2.0, 2.0, 60.0, 0.0], [35.0, 3.0, 1.0, 30.0, 0.0], [29.0, 3.0, 1.0, 30.0, 0.0], [85.0, 3.0, 2.0, 60.0, 0.0], [21.0, 3.0, 2.0, 60.0, 0.0], [48.0, 2.0, 2.0, 60.0, 0.0], [45.0, 2.0, 2.0, 60.0, 0.0], [88.0, 3.0, 3.0, 120.0, 0.0], [58.0, 2.0, 2.0, 60.0, 0.0], [141.0, 1.0, 2.0, 60.0, 0.0], [445.0, 1.0, 1.0, 30.0, 0.0], [55.0, 2.0, 2.0, 60.0, 0.0], [100.0, 1.0, 3.0, 120.0, 0.0], [25.0, 2.0, 2.0, 60.0, 0.0], [4.0, 1.0, 1.0, 30.0, 0.0], [73.0, 3.0, 2.0, 60.0, 12.021043019829973], [11.0, 1.0, 2.0, 60.0, 23.70199129895224], [24.0, 2.0, 2.0, 60.0, 35.625796298323515], [80.0, 2.0, 2.0, 60.0, 37.02476774758143], [16.0, 2.0, 1.0, 30.0, 37.456954746073315], [45.0, 2.0, 2.0, 60.0, 44.72025732460407], [47.0, 2.0, 2.0, 60.0, 51.770060795891936], [104.0, 2.0, 2.0, 60.0, 67.39154057863942], [79.0, 2.0, 2.0, 60.0, 67.78801156455697], [65.0, 2.0, 2.0, 60.0, 73.02081579727279], [10.0, 3.0, 1.0, 30.0, 73.37299733126183], [92.0, 2.0, 2.0, 60.0, 78.81811547138163], [34.0, 2.0, 2.0, 60.0, 87.47475223580068], [23.0, 1.0, 1.0, 30.0, 89.40922635875023], [55.0, 2.0, 2.0, 60.0, 95.5671546720581], [184.0, 3.0, 2.0, 60.0, 96.33602094118923], [121.0, 3.0, 2.0, 60.0, 96.7939072781402], [61.0, 2.0, 2.0, 60.0, 98.36980328880216], [90.0, 2.0, 2.0, 60.0, 102.87579966565295], [18.0, 1.0, 1.0, 30.0, 104.9407263143454], [13.0, 1.0, 1.0, 30.0, 111.17765606341352], [184.0, 2.0, 2.0, 60.0, 112.29553792447513], [59.0, 3.0, 2.0, 60.0, 121.48538924519744], [87.0, 3.0, 1.0, 30.0, 127.62081856126873], [76.0, 1.0, 1.0, 30.0, 130.89979933108373], [64.0, 2.0, 2.0, 60.0, 132.98523286264282], [79.0, 1.0, 1.0, 30.0, 135.25183130913413], [74.0, 1.0, 1.0, 30.0, 135.6372170444124], [132.0, 1.0, 1.0, 30.0, 136.53537831628518], [13.0, 1.0, 1.0, 30.0, 139.96198057430644], [37.0, 1.0, 1.0, 30.0, 141.90538175510554], [3.0, 1.0, 2.0, 60.0, 148.22641604293108], [105.0, 1.0, 1.0, 30.0, 151.7688691800117], [19.0, 2.0, 2.0, 60.0, 152.9585189515018], [17.0, 2.0, 2.0, 60.0, 155.26396063278915], [45.0, 3.0, 2.0, 60.0, 158.4717443187417], [41.0, 2.0, 2.0, 60.0, 160.19091112593068], [14.0, 3.0, 2.0, 60.0, 161.80046723046223], [40.0, 2.0, 2.0, 60.0, 166.19504064142495], [119.0, 2.0, 2.0, 60.0, 167.67977668606895], [52.0, 2.0, 2.0, 60.0, 174.34828881122837], [52.0, 2.0, 2.0, 60.0, 181.30260874245792], [445.0, 2.0, 1.0, 30.0, 186.72302338228388], [68.0, 2.0, 2.0, 60.0, 187.08816512218607], [55.0, 2.0, 2.0, 60.0, 192.75850263079985], [27.0, 2.0, 2.0, 60.0, 199.5301925701257], [129.0, 1.0, 1.0, 30.0, 205.14039082741283], [45.0, 2.0, 2.0, 60.0, 206.54063642859495], [22.0, 2.0, 1.0, 30.0, 208.1453173837751], [17.0, 1.0, 1.0, 30.0, 208.9739969202831], [24.0, 3.0, 1.0, 30.0, 210.74581448374042], [18.0, 1.0, 1.0, 30.0, 210.85151326578935], [59.0, 2.0, 3.0, 120.0, 211.68829524636791], [58.0, 2.0, 2.0, 60.0, 218.2635794691037], [79.0, 2.0, 2.0, 60.0, 238.24236082502787], [79.0, 1.0, 2.0, 60.0, 241.06005128697106], [91.0, 1.0, 1.0, 30.0, 242.4802497949752], [62.0, 2.0, 2.0, 60.0, 244.4690310645114], [134.0, 3.0, 2.0, 60.0, 246.27574217918595], [80.0, 2.0, 2.0, 60.0, 246.92391019530396], [22.0, 2.0, 2.0, 60.0, 252.340535869662], [79.0, 1.0, 1.0, 30.0, 259.21978013724924], [107.0, 2.0, 2.0, 60.0, 266.7588257904633], [53.0, 2.0, 2.0, 60.0, 293.3082397692622], [55.0, 3.0, 1.0, 30.0, 303.841540943146], [17.0, 1.0, 1.0, 30.0, 312.06587014562393], [46.0, 3.0, 2.0, 60.0, 317.28332755550696], [84.0, 1.0, 1.0, 30.0, 320.2459485503109], [29.0, 3.0, 1.0, 30.0, 320.46821633167013], [93.0, 2.0, 2.0, 60.0, 325.25123026577114], [10.0, 1.0, 1.0, 30.0, 328.35814570323583], [72.0, 3.0, 1.0, 30.0, 335.8979525787838], [105.0, 1.0, 2.0, 60.0, 346.037960484565], [9.0, 3.0, 1.0, 30.0, 347.69830455805135], [66.0, 2.0, 1.0, 30.0, 347.94705816407], [12.0, 2.0, 2.0, 60.0, 352.5711693396838], [64.0, 1.0, 2.0, 60.0, 365.3382663386541], [134.0, 3.0, 2.0, 60.0, 369.44362432169635], [99.0, 2.0, 2.0, 60.0, 380.09833875091823], [28.0, 1.0, 1.0, 30.0, 383.8634124776174], [86.0, 2.0, 2.0, 60.0, 390.4333827158369], [100.0, 3.0, 3.0, 120.0, 391.8772976892559], [111.0, 1.0, 1.0, 30.0, 392.54938394344936], [19.0, 1.0, 1.0, 30.0, 393.26178810715084], [100.0, 3.0, 3.0, 120.0, 393.85019969752625], [47.0, 2.0, 2.0, 60.0, 394.1235652920939], [100.0, 2.0, 3.0, 120.0, 402.7065312495663], [272.0, 1.0, 1.0, 30.0, 404.9496062434009], [40.0, 2.0, 2.0, 60.0, 406.8802625567264], [81.0, 1.0, 2.0, 60.0, 411.5550592296831], [13.0, 2.0, 2.0, 60.0, 412.491396507024], [60.0, 2.0, 2.0, 60.0, 422.0828587162822], [92.0, 2.0, 2.0, 60.0, 428.54263891348444], [5.0, 1.0, 1.0, 30.0, 430.18884989348794], [32.0, 2.0, 2.0, 60.0, 431.1918089653501], [115.0, 3.0, 1.0, 30.0, 433.84690701169285]]","[85, 86]","[[3, 0], [2, 0], [0, 2, 1, 0]]","[2, 2]",200,10
99,275.660102681319,0.018912903467814126,0.2276242775944999,0.3101614811831819,0.11930490524649252,26.045636479439487,10.2316820634191,35.48985755909924,35.21088004560585,102,0.0,0.0,1.3356108409035063e-15,"[0, 2, 0]","[10.56898218191105, 0.0, 20.068995672750145]",6,6000,"[[ 0.          9.07539834 11.44238073  9.70166973  8.87306514]
 [ 9.07539834  0.          2.53953701  1.54387202  0.86697667]
 [11.44238073  2.53953701  0.          2.601236    3.30657254]
 [ 9.70166973  1.54387202  2.601236    0.          1.48857846]
 [ 8.87306514  0.86697667  3.30657254  1.48857846  0.        ]]","[[20.0, 2.0, 2.0, 60.0, 0.0], [45.0, 1.0, 2.0, 60.0, 0.0], [100.0, 2.0, 2.0, 60.0, 0.0], [46.0, 2.0, 1.0, 30.0, 0.0], [29.0, 3.0, 1.0, 30.0, 0.0], [89.0, 2.0, 2.0, 60.0, 0.0], [21.0, 1.0, 2.0, 60.0, 0.0], [110.0, 1.0, 1.0, 30.0, 0.0], [30.0, 2.0, 2.0, 60.0, 0.0], [53.0, 2.0, 2.0, 60.0, 0.0], [35.0, 3.0, 1.0, 30.0, 0.0], [29.0, 3.0, 1.0, 30.0, 0.0], [85.0, 3.0, 2.0, 60.0, 0.0], [21.0, 3.0, 2.0, 60.0, 0.0], [48.0, 2.0, 2.0, 60.0, 0.0], [45.0, 2.0, 2.0, 60.0, 0.0], [88.0, 3.0, 3.0, 120.0, 0.0], [58.0, 2.0, 2.0, 60.0, 0.0], [141.0, 1.0, 2.0, 60.0, 0.0], [445.0, 1.0, 1.0, 30.0, 0.0], [55.0, 2.0, 2.0, 60.0, 0.0], [100.0, 1.0, 3.0, 120.0, 0.0], [25.0, 2.0, 2.0, 60.0, 0.0], [4.0, 1.0, 1.0, 30.0, 0.0], [73.0, 3.0, 2.0, 60.0, 12.021043019829973], [11.0, 1.0, 2.0, 60.0, 23.70199129895224], [24.0, 2.0, 2.0, 60.0, 35.625796298323515], [80.0, 2.0, 2.0, 60.0, 37.02476774758143], [16.0, 2.0, 1.0, 30.0, 37.456954746073315], [45.0, 2.0, 2.0, 60.0, 44.72025732460407], [47.0, 2.0, 2.0, 60.0, 51.770060795891936], [104.0, 2.0, 2.0, 60.0, 67.39154057863942], [79.0, 2.0, 2.0, 60.0, 67.78801156455697], [65.0, 2.0, 2.0, 60.0, 73.02081579727279], [10.0, 3.0, 1.0, 30.0, 73.37299733126183], [92.0, 2.0, 2.0, 60.0, 78.81811547138163], [34.0, 2.0, 2.0, 60.0, 87.47475223580068], [23.0, 1.0, 1.0, 30.0, 89.40922635875023], [55.0, 2.0, 2.0, 60.0, 95.5671546720581], [184.0, 3.0, 2.0, 60.0, 96.33602094118923], [121.0, 3.0, 2.0, 60.0, 96.7939072781402], [61.0, 2.0, 2.0, 60.0, 98.36980328880216], [90.0, 2.0, 2.0, 60.0, 102.87579966565295], [18.0, 1.0, 1.0, 30.0, 104.9407263143454], [13.0, 1.0, 1.0, 30.0, 111.17765606341352], [184.0, 2.0, 2.0, 60.0, 112.29553792447513], [59.0, 3.0, 2.0, 60.0, 121.48538924519744], [87.0, 3.0, 1.0, 30.0, 127.62081856126873], [76.0, 1.0, 1.0, 30.0, 130.89979933108373], [64.0, 2.0, 2.0, 60.0, 132.98523286264282], [79.0, 1.0, 1.0, 30.0, 135.25183130913413], [74.0, 1.0, 1.0, 30.0, 135.6372170444124], [132.0, 1.0, 1.0, 30.0, 136.53537831628518], [13.0, 1.0, 1.0, 30.0, 139.96198057430644], [37.0, 1.0, 1.0, 30.0, 141.90538175510554], [3.0, 1.0, 2.0, 60.0, 148.22641604293108], [105.0, 1.0, 1.0, 30.0, 151.7688691800117], [19.0, 2.0, 2.0, 60.0, 152.9585189515018], [17.0, 2.0, 2.0, 60.0, 155.26396063278915], [45.0, 3.0, 2.0, 60.0, 158.4717443187417], [41.0, 2.0, 2.0, 60.0, 160.19091112593068], [14.0, 3.0, 2.0, 60.0, 161.80046723046223], [40.0, 2.0, 2.0, 60.0, 166.19504064142495], [119.0, 2.0, 2.0, 60.0, 167.67977668606895], [52.0, 2.0, 2.0, 60.0, 174.34828881122837], [52.0, 2.0, 2.0, 60.0, 181.30260874245792], [445.0, 2.0, 1.0, 30.0, 186.72302338228388], [68.0, 2.0, 2.0, 60.0, 187.08816512218607], [55.0, 2.0, 2.0, 60.0, 192.75850263079985], [27.0, 2.0, 2.0, 60.0, 199.5301925701257], [129.0, 1.0, 1.0, 30.0, 205.14039082741283], [45.0, 2.0, 2.0, 60.0, 206.54063642859495], [22.0, 2.0, 1.0, 30.0, 208.1453173837751], [17.0, 1.0, 1.0, 30.0, 208.9739969202831], [24.0, 3.0, 1.0, 30.0, 210.74581448374042], [18.0, 1.0, 1.0, 30.0, 210.85151326578935], [59.0, 2.0, 3.0, 120.0, 211.68829524636791], [58.0, 2.0, 2.0, 60.0, 218.2635794691037], [79.0, 2.0, 2.0, 60.0, 238.24236082502787], [79.0, 1.0, 2.0, 60.0, 241.06005128697106], [91.0, 1.0, 1.0, 30.0, 242.4802497949752], [62.0, 2.0, 2.0, 60.0, 244.4690310645114], [134.0, 3.0, 2.0, 60.0, 246.27574217918595], [80.0, 2.0, 2.0, 60.0, 246.92391019530396], [22.0, 2.0, 2.0, 60.0, 252.340535869662], [79.0, 1.0, 1.0, 30.0, 259.21978013724924], [107.0, 2.0, 2.0, 60.0, 266.7588257904633], [53.0, 2.0, 2.0, 60.0, 293.3082397692622], [55.0, 3.0, 1.0, 30.0, 303.841540943146], [17.0, 1.0, 1.0, 30.0, 312.06587014562393], [46.0, 3.0, 2.0, 60.0, 317.28332755550696], [84.0, 1.0, 1.0, 30.0, 320.2459485503109], [29.0, 3.0, 1.0, 30.0, 320.46821633167013], [93.0, 2.0, 2.0, 60.0, 325.25123026577114], [10.0, 1.0, 1.0, 30.0, 328.35814570323583], [72.0, 3.0, 1.0, 30.0, 335.8979525787838], [105.0, 1.0, 2.0, 60.0, 346.037960484565], [9.0, 3.0, 1.0, 30.0, 347.69830455805135], [66.0, 2.0, 1.0, 30.0, 347.94705816407], [12.0, 2.0, 2.0, 60.0, 352.5711693396838], [64.0, 1.0, 2.0, 60.0, 365.3382663386541], [134.0, 3.0, 2.0, 60.0, 369.44362432169635], [99.0, 2.0, 2.0, 60.0, 380.09833875091823], [28.0, 1.0, 1.0, 30.0, 383.8634124776174], [86.0, 2.0, 2.0, 60.0, 390.4333827158369], [100.0, 3.0, 3.0, 120.0, 391.8772976892559], [111.0, 1.0, 1.0, 30.0, 392.54938394344936], [19.0, 1.0, 1.0, 30.0, 393.26178810715084], [100.0, 3.0, 3.0, 120.0, 393.85019969752625], [47.0, 2.0, 2.0, 60.0, 394.1235652920939], [100.0, 2.0, 3.0, 120.0, 402.7065312495663], [272.0, 1.0, 1.0, 30.0, 404.9496062434009], [40.0, 2.0, 2.0, 60.0, 406.8802625567264], [81.0, 1.0, 2.0, 60.0, 411.5550592296831], [13.0, 2.0, 2.0, 60.0, 412.491396507024], [60.0, 2.0, 2.0, 60.0, 422.0828587162822], [92.0, 2.0, 2.0, 60.0, 428.54263891348444], [5.0, 1.0, 1.0, 30.0, 430.18884989348794], [32.0, 2.0, 2.0, 60.0, 431.1918089653501], [115.0, 3.0, 1.0, 30.0, 433.84690701169285]]","[85, 86]","[[0], [2, 0], [0, 2, 1, 0]]","[2, 2]",200,10
100,280.67901558478684,0.01832471291224162,0.2907755567329529,0.3780650139068996,0.1261605631532369,31.641629649797736,43.758126882264264,41.14029833867412,67.33841829312527,102,0.0,0.0,1.3356108409035063e-15,"[0, 2, 0]","[15.587895085378864, 0.0, 12.230700372569327]",6,6000,"[[ 0.          8.5148228  10.8818052   9.1410942   8.31248961]
 [ 8.5148228   0.          2.53953701  1.54387202  0.86697667]
 [10.8818052   2.53953701  0.          2.601236    3.30657254]
 [ 9.1410942   1.54387202  2.601236    0.          1.48857846]
 [ 8.31248961  0.86697667  3.30657254  1.48857846  0.        ]]","[[20.0, 2.0, 2.0, 60.0, 0.0], [45.0, 1.0, 2.0, 60.0, 0.0], [100.0, 2.0, 2.0, 60.0, 0.0], [46.0, 2.0, 1.0, 30.0, 0.0], [29.0, 3.0, 1.0, 30.0, 0.0], [89.0, 2.0, 2.0, 60.0, 0.0], [21.0, 1.0, 2.0, 60.0, 0.0], [110.0, 1.0, 1.0, 30.0, 0.0], [30.0, 2.0, 2.0, 60.0, 0.0], [53.0, 2.0, 2.0, 60.0, 0.0], [35.0, 3.0, 1.0, 30.0, 0.0], [29.0, 3.0, 1.0, 30.0, 0.0], [85.0, 3.0, 2.0, 60.0, 0.0], [21.0, 3.0, 2.0, 60.0, 0.0], [48.0, 2.0, 2.0, 60.0, 0.0], [45.0, 2.0, 2.0, 60.0, 0.0], [88.0, 3.0, 3.0, 120.0, 0.0], [58.0, 2.0, 2.0, 60.0, 0.0], [141.0, 1.0, 2.0, 60.0, 0.0], [445.0, 1.0, 1.0, 30.0, 0.0], [55.0, 2.0, 2.0, 60.0, 0.0], [100.0, 1.0, 3.0, 120.0, 0.0], [25.0, 2.0, 2.0, 60.0, 0.0], [4.0, 1.0, 1.0, 30.0, 0.0], [73.0, 3.0, 2.0, 60.0, 12.021043019829973], [11.0, 1.0, 2.0, 60.0, 23.70199129895224], [24.0, 2.0, 2.0, 60.0, 35.625796298323515], [80.0, 2.0, 2.0, 60.0, 37.02476774758143], [16.0, 2.0, 1.0, 30.0, 37.456954746073315], [45.0, 2.0, 2.0, 60.0, 44.72025732460407], [47.0, 2.0, 2.0, 60.0, 51.770060795891936], [104.0, 2.0, 2.0, 60.0, 67.39154057863942], [79.0, 2.0, 2.0, 60.0, 67.78801156455697], [65.0, 2.0, 2.0, 60.0, 73.02081579727279], [10.0, 3.0, 1.0, 30.0, 73.37299733126183], [92.0, 2.0, 2.0, 60.0, 78.81811547138163], [34.0, 2.0, 2.0, 60.0, 87.47475223580068], [23.0, 1.0, 1.0, 30.0, 89.40922635875023], [55.0, 2.0, 2.0, 60.0, 95.5671546720581], [184.0, 3.0, 2.0, 60.0, 96.33602094118923], [121.0, 3.0, 2.0, 60.0, 96.7939072781402], [61.0, 2.0, 2.0, 60.0, 98.36980328880216], [90.0, 2.0, 2.0, 60.0, 102.87579966565295], [18.0, 1.0, 1.0, 30.0, 104.9407263143454], [13.0, 1.0, 1.0, 30.0, 111.17765606341352], [184.0, 2.0, 2.0, 60.0, 112.29553792447513], [59.0, 3.0, 2.0, 60.0, 121.48538924519744], [87.0, 3.0, 1.0, 30.0, 127.62081856126873], [76.0, 1.0, 1.0, 30.0, 130.89979933108373], [64.0, 2.0, 2.0, 60.0, 132.98523286264282], [79.0, 1.0, 1.0, 30.0, 135.25183130913413], [74.0, 1.0, 1.0, 30.0, 135.6372170444124], [132.0, 1.0, 1.0, 30.0, 136.53537831628518], [13.0, 1.0, 1.0, 30.0, 139.96198057430644], [37.0, 1.0, 1.0, 30.0, 141.90538175510554], [3.0, 1.0, 2.0, 60.0, 148.22641604293108], [105.0, 1.0, 1.0, 30.0, 151.7688691800117], [19.0, 2.0, 2.0, 60.0, 152.9585189515018], [17.0, 2.0, 2.0, 60.0, 155.26396063278915], [45.0, 3.0, 2.0, 60.0, 158.4717443187417], [41.0, 2.0, 2.0, 60.0, 160.19091112593068], [14.0, 3.0, 2.0, 60.0, 161.80046723046223], [40.0, 2.0, 2.0, 60.0, 166.19504064142495], [119.0, 2.0, 2.0, 60.0, 167.67977668606895], [52.0, 2.0, 2.0, 60.0, 174.34828881122837], [52.0, 2.0, 2.0, 60.0, 181.30260874245792], [445.0, 2.0, 1.0, 30.0, 186.72302338228388], [68.0, 2.0, 2.0, 60.0, 187.08816512218607], [55.0, 2.0, 2.0, 60.0, 192.75850263079985], [27.0, 2.0, 2.0, 60.0, 199.5301925701257], [129.0, 1.0, 1.0, 30.0, 205.14039082741283], [45.0, 2.0, 2.0, 60.0, 206.54063642859495], [22.0, 2.0, 1.0, 30.0, 208.1453173837751], [17.0, 1.0, 1.0, 30.0, 208.9739969202831], [24.0, 3.0, 1.0, 30.0, 210.74581448374042], [18.0, 1.0, 1.0, 30.0, 210.85151326578935], [59.0, 2.0, 3.0, 120.0, 211.68829524636791], [58.0, 2.0, 2.0, 60.0, 218.2635794691037], [79.0, 2.0, 2.0, 60.0, 238.24236082502787], [79.0, 1.0, 2.0, 60.0, 241.06005128697106], [91.0, 1.0, 1.0, 30.0, 242.4802497949752], [62.0, 2.0, 2.0, 60.0, 244.4690310645114], [134.0, 3.0, 2.0, 60.0, 246.27574217918595], [80.0, 2.0, 2.0, 60.0, 246.92391019530396], [22.0, 2.0, 2.0, 60.0, 252.340535869662], [79.0, 1.0, 1.0, 30.0, 259.21978013724924], [107.0, 2.0, 2.0, 60.0, 266.7588257904633], [53.0, 2.0, 2.0, 60.0, 293.3082397692622], [55.0, 3.0, 1.0, 30.0, 303.841540943146], [17.0, 1.0, 1.0, 30.0, 312.06587014562393], [46.0, 3.0, 2.0, 60.0, 317.28332755550696], [84.0, 1.0, 1.0, 30.0, 320.2459485503109], [29.0, 3.0, 1.0, 30.0, 320.46821633167013], [93.0, 2.0, 2.0, 60.0, 325.25123026577114], [10.0, 1.0, 1.0, 30.0, 328.35814570323583], [72.0, 3.0, 1.0, 30.0, 335.8979525787838], [105.0, 1.0, 2.0, 60.0, 346.037960484565], [9.0, 3.0, 1.0, 30.0, 347.69830455805135], [66.0, 2.0, 1.0, 30.0, 347.94705816407], [12.0, 2.0, 2.0, 60.0, 352.5711693396838], [64.0, 1.0, 2.0, 60.0, 365.3382663386541], [134.0, 3.0, 2.0, 60.0, 369.44362432169635], [99.0, 2.0, 2.0, 60.0, 380.09833875091823], [28.0, 1.0, 1.0, 30.0, 383.8634124776174], [86.0, 2.0, 2.0, 60.0, 390.4333827158369], [100.0, 3.0, 3.0, 120.0, 391.8772976892559], [111.0, 1.0, 1.0, 30.0, 392.54938394344936], [19.0, 1.0, 1.0, 30.0, 393.26178810715084], [100.0, 3.0, 3.0, 120.0, 393.85019969752625], [47.0, 2.0, 2.0, 60.0, 394.1235652920939], [100.0, 2.0, 3.0, 120.0, 402.7065312495663], [272.0, 1.0, 1.0, 30.0, 404.9496062434009], [40.0, 2.0, 2.0, 60.0, 406.8802625567264], [81.0, 1.0, 2.0, 60.0, 411.5550592296831], [13.0, 2.0, 2.0, 60.0, 412.491396507024], [60.0, 2.0, 2.0, 60.0, 422.0828587162822], [92.0, 2.0, 2.0, 60.0, 428.54263891348444], [5.0, 1.0, 1.0, 30.0, 430.18884989348794], [32.0, 2.0, 2.0, 60.0, 431.1918089653501], [115.0, 3.0, 1.0, 30.0, 433.84690701169285]]","[85, 86]","[[0], [2, 0], [0, 2, 1, 0]]","[2, 2]",200,10
101,285.6973402976991,0.01612598498662313,0.28875333681864096,0.39172626337769145,0.13059534445659388,31.729095673870766,59.263797721688945,43.04407431483676,99.10970635539572,81,0.0,0.0,1.3356108409035063e-15,"[0, 0, 0]","[20.606219798291107, 4.756262191908421, 12.230700372569327]",6,6000,"[[ 0.          8.45205659 10.98830442  9.23953873  8.41093414]
 [ 8.45205659  0.          2.53953701  1.54387202  0.86697667]
 [10.98830442  2.53953701  0.          2.601236    3.30657254]
 [ 9.23953873  1.54387202  2.601236    0.          1.48857846]
 [ 8.41093414  0.86697667  3.30657254  1.48857846  0.        ]]","[[20.0, 2.0, 2.0, 60.0, 0.0], [45.0, 1.0, 2.0, 60.0, 0.0], [100.0, 2.0, 2.0, 60.0, 0.0], [46.0, 2.0, 1.0, 30.0, 0.0], [29.0, 3.0, 1.0, 30.0, 0.0], [89.0, 2.0, 2.0, 60.0, 0.0], [21.0, 1.0, 2.0, 60.0, 0.0], [110.0, 1.0, 1.0, 30.0, 0.0], [30.0, 2.0, 2.0, 60.0, 0.0], [53.0, 2.0, 2.0, 60.0, 0.0], [35.0, 3.0, 1.0, 30.0, 0.0], [29.0, 3.0, 1.0, 30.0, 0.0], [85.0, 3.0, 2.0, 60.0, 0.0], [21.0, 3.0, 2.0, 60.0, 0.0], [48.0, 2.0, 2.0, 60.0, 0.0], [45.0, 2.0, 2.0, 60.0, 0.0], [88.0, 3.0, 3.0, 120.0, 0.0], [58.0, 2.0, 2.0, 60.0, 0.0], [141.0, 1.0, 2.0, 60.0, 0.0], [445.0, 1.0, 1.0, 30.0, 0.0], [55.0, 2.0, 2.0, 60.0, 0.0], [100.0, 1.0, 3.0, 120.0, 0.0], [25.0, 2.0, 2.0, 60.0, 0.0], [4.0, 1.0, 1.0, 30.0, 0.0], [73.0, 3.0, 2.0, 60.0, 12.021043019829973], [11.0, 1.0, 2.0, 60.0, 23.70199129895224], [24.0, 2.0, 2.0, 60.0, 35.625796298323515], [80.0, 2.0, 2.0, 60.0, 37.02476774758143], [16.0, 2.0, 1.0, 30.0, 37.456954746073315], [45.0, 2.0, 2.0, 60.0, 44.72025732460407], [47.0, 2.0, 2.0, 60.0, 51.770060795891936], [104.0, 2.0, 2.0, 60.0, 67.39154057863942], [79.0, 2.0, 2.0, 60.0, 67.78801156455697], [65.0, 2.0, 2.0, 60.0, 73.02081579727279], [10.0, 3.0, 1.0, 30.0, 73.37299733126183], [92.0, 2.0, 2.0, 60.0, 78.81811547138163], [34.0, 2.0, 2.0, 60.0, 87.47475223580068], [23.0, 1.0, 1.0, 30.0, 89.40922635875023], [55.0, 2.0, 2.0, 60.0, 95.5671546720581], [184.0, 3.0, 2.0, 60.0, 96.33602094118923], [121.0, 3.0, 2.0, 60.0, 96.7939072781402], [61.0, 2.0, 2.0, 60.0, 98.36980328880216], [90.0, 2.0, 2.0, 60.0, 102.87579966565295], [18.0, 1.0, 1.0, 30.0, 104.9407263143454], [13.0, 1.0, 1.0, 30.0, 111.17765606341352], [184.0, 2.0, 2.0, 60.0, 112.29553792447513], [59.0, 3.0, 2.0, 60.0, 121.48538924519744], [87.0, 3.0, 1.0, 30.0, 127.62081856126873], [76.0, 1.0, 1.0, 30.0, 130.89979933108373], [64.0, 2.0, 2.0, 60.0, 132.98523286264282], [79.0, 1.0, 1.0, 30.0, 135.25183130913413], [74.0, 1.0, 1.0, 30.0, 135.6372170444124], [132.0, 1.0, 1.0, 30.0, 136.53537831628518], [13.0, 1.0, 1.0, 30.0, 139.96198057430644], [37.0, 1.0, 1.0, 30.0, 141.90538175510554], [3.0, 1.0, 2.0, 60.0, 148.22641604293108], [105.0, 1.0, 1.0, 30.0, 151.7688691800117], [19.0, 2.0, 2.0, 60.0, 152.9585189515018], [17.0, 2.0, 2.0, 60.0, 155.26396063278915], [45.0, 3.0, 2.0, 60.0, 158.4717443187417], [41.0, 2.0, 2.0, 60.0, 160.19091112593068], [14.0, 3.0, 2.0, 60.0, 161.80046723046223], [40.0, 2.0, 2.0, 60.0, 166.19504064142495], [119.0, 2.0, 2.0, 60.0, 167.67977668606895], [52.0, 2.0, 2.0, 60.0, 174.34828881122837], [52.0, 2.0, 2.0, 60.0, 181.30260874245792], [445.0, 2.0, 1.0, 30.0, 186.72302338228388], [68.0, 2.0, 2.0, 60.0, 187.08816512218607], [55.0, 2.0, 2.0, 60.0, 192.75850263079985], [27.0, 2.0, 2.0, 60.0, 199.5301925701257], [129.0, 1.0, 1.0, 30.0, 205.14039082741283], [45.0, 2.0, 2.0, 60.0, 206.54063642859495], [22.0, 2.0, 1.0, 30.0, 208.1453173837751], [17.0, 1.0, 1.0, 30.0, 208.9739969202831], [24.0, 3.0, 1.0, 30.0, 210.74581448374042], [18.0, 1.0, 1.0, 30.0, 210.85151326578935], [59.0, 2.0, 3.0, 120.0, 211.68829524636791], [58.0, 2.0, 2.0, 60.0, 218.2635794691037], [79.0, 2.0, 2.0, 60.0, 238.24236082502787], [79.0, 1.0, 2.0, 60.0, 241.06005128697106], [91.0, 1.0, 1.0, 30.0, 242.4802497949752], [62.0, 2.0, 2.0, 60.0, 244.4690310645114], [134.0, 3.0, 2.0, 60.0, 246.27574217918595], [80.0, 2.0, 2.0, 60.0, 246.92391019530396], [22.0, 2.0, 2.0, 60.0, 252.340535869662], [79.0, 1.0, 1.0, 30.0, 259.21978013724924], [107.0, 2.0, 2.0, 60.0, 266.7588257904633], [53.0, 2.0, 2.0, 60.0, 293.3082397692622], [55.0, 3.0, 1.0, 30.0, 303.841540943146], [17.0, 1.0, 1.0, 30.0, 312.06587014562393], [46.0, 3.0, 2.0, 60.0, 317.28332755550696], [84.0, 1.0, 1.0, 30.0, 320.2459485503109], [29.0, 3.0, 1.0, 30.0, 320.46821633167013], [93.0, 2.0, 2.0, 60.0, 325.25123026577114], [10.0, 1.0, 1.0, 30.0, 328.35814570323583], [72.0, 3.0, 1.0, 30.0, 335.8979525787838], [105.0, 1.0, 2.0, 60.0, 346.037960484565], [9.0, 3.0, 1.0, 30.0, 347.69830455805135], [66.0, 2.0, 1.0, 30.0, 347.94705816407], [12.0, 2.0, 2.0, 60.0, 352.5711693396838], [64.0, 1.0, 2.0, 60.0, 365.3382663386541], [134.0, 3.0, 2.0, 60.0, 369.44362432169635], [99.0, 2.0, 2.0, 60.0, 380.09833875091823], [28.0, 1.0, 1.0, 30.0, 383.8634124776174], [86.0, 2.0, 2.0, 60.0, 390.4333827158369], [100.0, 3.0, 3.0, 120.0, 391.8772976892559], [111.0, 1.0, 1.0, 30.0, 392.54938394344936], [19.0, 1.0, 1.0, 30.0, 393.26178810715084], [100.0, 3.0, 3.0, 120.0, 393.85019969752625], [47.0, 2.0, 2.0, 60.0, 394.1235652920939], [100.0, 2.0, 3.0, 120.0, 402.7065312495663], [272.0, 1.0, 1.0, 30.0, 404.9496062434009], [40.0, 2.0, 2.0, 60.0, 406.8802625567264], [81.0, 1.0, 2.0, 60.0, 411.5550592296831], [13.0, 2.0, 2.0, 60.0, 412.491396507024], [60.0, 2.0, 2.0, 60.0, 422.0828587162822], [92.0, 2.0, 2.0, 60.0, 428.54263891348444], [5.0, 1.0, 1.0, 30.0, 430.18884989348794], [32.0, 2.0, 2.0, 60.0, 431.1918089653501], [115.0, 3.0, 1.0, 30.0, 433.84690701169285]]","[85, 86]","[[0], [0], [0, 2, 1, 0]]","[2, 2]",200,10
102,290.7134662826857,0.06498258908589681,0.10129895936930192,0.1012989593693019,1.3877787807814457e-17,11.090271324843794,12.39570262956778,11.090271324843796,12.39570262956778,200,0.0,0.0,1.1501093352224639e-15,"[0, 0, 2]","[25.62234578327773, 9.772388176895046, 12.230700372569327]",6,6000,"[[ 0.          8.45205659 10.94806047  9.23953873  8.41093414]
 [ 8.45205659  0.          2.63821473  1.54387202  0.86697667]
 [10.94806047  2.63821473  0.          2.59557308  3.30090962]
 [ 9.23953873  1.54387202  2.59557308  0.          1.48857846]
 [ 8.41093414  0.86697667  3.30090962  1.48857846  0.        ]]","[[20.0, 2.0, 2.0, 60.0, 0.0], [45.0, 1.0, 2.0, 60.0, 0.0], [100.0, 2.0, 2.0, 60.0, 0.0], [46.0, 2.0, 1.0, 30.0, 0.0], [29.0, 3.0, 1.0, 30.0, 0.0], [89.0, 2.0, 2.0, 60.0, 0.0], [21.0, 1.0, 2.0, 60.0, 0.0], [110.0, 1.0, 1.0, 30.0, 0.0], [30.0, 2.0, 2.0, 60.0, 0.0], [53.0, 2.0, 2.0, 60.0, 0.0], [35.0, 3.0, 1.0, 30.0, 0.0], [29.0, 3.0, 1.0, 30.0, 0.0], [85.0, 3.0, 2.0, 60.0, 0.0], [21.0, 3.0, 2.0, 60.0, 0.0], [48.0, 2.0, 2.0, 60.0, 0.0], [45.0, 2.0, 2.0, 60.0, 0.0], [88.0, 3.0, 3.0, 120.0, 0.0], [58.0, 2.0, 2.0, 60.0, 0.0], [141.0, 1.0, 2.0, 60.0, 0.0], [445.0, 1.0, 1.0, 30.0, 0.0], [55.0, 2.0, 2.0, 60.0, 0.0], [100.0, 1.0, 3.0, 120.0, 0.0], [25.0, 2.0, 2.0, 60.0, 0.0], [4.0, 1.0, 1.0, 30.0, 0.0], [73.0, 3.0, 2.0, 60.0, 12.021043019829973], [11.0, 1.0, 2.0, 60.0, 23.70199129895224], [24.0, 2.0, 2.0, 60.0, 35.625796298323515], [80.0, 2.0, 2.0, 60.0, 37.02476774758143], [16.0, 2.0, 1.0, 30.0, 37.456954746073315], [45.0, 2.0, 2.0, 60.0, 44.72025732460407], [47.0, 2.0, 2.0, 60.0, 51.770060795891936], [104.0, 2.0, 2.0, 60.0, 67.39154057863942], [79.0, 2.0, 2.0, 60.0, 67.78801156455697], [65.0, 2.0, 2.0, 60.0, 73.02081579727279], [10.0, 3.0, 1.0, 30.0, 73.37299733126183], [92.0, 2.0, 2.0, 60.0, 78.81811547138163], [34.0, 2.0, 2.0, 60.0, 87.47475223580068], [23.0, 1.0, 1.0, 30.0, 89.40922635875023], [55.0, 2.0, 2.0, 60.0, 95.5671546720581], [184.0, 3.0, 2.0, 60.0, 96.33602094118923], [121.0, 3.0, 2.0, 60.0, 96.7939072781402], [61.0, 2.0, 2.0, 60.0, 98.36980328880216], [90.0, 2.0, 2.0, 60.0, 102.87579966565295], [18.0, 1.0, 1.0, 30.0, 104.9407263143454], [13.0, 1.0, 1.0, 30.0, 111.17765606341352], [184.0, 2.0, 2.0, 60.0, 112.29553792447513], [59.0, 3.0, 2.0, 60.0, 121.48538924519744], [87.0, 3.0, 1.0, 30.0, 127.62081856126873], [76.0, 1.0, 1.0, 30.0, 130.89979933108373], [64.0, 2.0, 2.0, 60.0, 132.98523286264282], [79.0, 1.0, 1.0, 30.0, 135.25183130913413], [74.0, 1.0, 1.0, 30.0, 135.6372170444124], [132.0, 1.0, 1.0, 30.0, 136.53537831628518], [13.0, 1.0, 1.0, 30.0, 139.96198057430644], [37.0, 1.0, 1.0, 30.0, 141.90538175510554], [3.0, 1.0, 2.0, 60.0, 148.22641604293108], [105.0, 1.0, 1.0, 30.0, 151.7688691800117], [19.0, 2.0, 2.0, 60.0, 152.9585189515018], [17.0, 2.0, 2.0, 60.0, 155.26396063278915], [45.0, 3.0, 2.0, 60.0, 158.4717443187417], [41.0, 2.0, 2.0, 60.0, 160.19091112593068], [14.0, 3.0, 2.0, 60.0, 161.80046723046223], [40.0, 2.0, 2.0, 60.0, 166.19504064142495], [119.0, 2.0, 2.0, 60.0, 167.67977668606895], [52.0, 2.0, 2.0, 60.0, 174.34828881122837], [52.0, 2.0, 2.0, 60.0, 181.30260874245792], [445.0, 2.0, 1.0, 30.0, 186.72302338228388], [68.0, 2.0, 2.0, 60.0, 187.08816512218607], [55.0, 2.0, 2.0, 60.0, 192.75850263079985], [27.0, 2.0, 2.0, 60.0, 199.5301925701257], [129.0, 1.0, 1.0, 30.0, 205.14039082741283], [45.0, 2.0, 2.0, 60.0, 206.54063642859495], [22.0, 2.0, 1.0, 30.0, 208.1453173837751], [17.0, 1.0, 1.0, 30.0, 208.9739969202831], [24.0, 3.0, 1.0, 30.0, 210.74581448374042], [18.0, 1.0, 1.0, 30.0, 210.85151326578935], [59.0, 2.0, 3.0, 120.0, 211.68829524636791], [58.0, 2.0, 2.0, 60.0, 218.2635794691037], [79.0, 2.0, 2.0, 60.0, 238.24236082502787], [79.0, 1.0, 2.0, 60.0, 241.06005128697106], [91.0, 1.0, 1.0, 30.0, 242.4802497949752], [62.0, 2.0, 2.0, 60.0, 244.4690310645114], [134.0, 3.0, 2.0, 60.0, 246.27574217918595], [80.0, 2.0, 2.0, 60.0, 246.92391019530396], [22.0, 2.0, 2.0, 60.0, 252.340535869662], [79.0, 1.0, 1.0, 30.0, 259.21978013724924], [107.0, 2.0, 2.0, 60.0, 266.7588257904633], [53.0, 2.0, 2.0, 60.0, 293.3082397692622], [55.0, 3.0, 1.0, 30.0, 303.841540943146], [17.0, 1.0, 1.0, 30.0, 312.06587014562393], [46.0, 3.0, 2.0, 60.0, 317.28332755550696], [84.0, 1.0, 1.0, 30.0, 320.2459485503109], [29.0, 3.0, 1.0, 30.0, 320.46821633167013], [93.0, 2.0, 2.0, 60.0, 325.25123026577114], [10.0, 1.0, 1.0, 30.0, 328.35814570323583], [72.0, 3.0, 1.0, 30.0, 335.8979525787838], [105.0, 1.0, 2.0, 60.0, 346.037960484565], [9.0, 3.0, 1.0, 30.0, 347.69830455805135], [66.0, 2.0, 1.0, 30.0, 347.94705816407], [12.0, 2.0, 2.0, 60.0, 352.5711693396838], [64.0, 1.0, 2.0, 60.0, 365.3382663386541], [134.0, 3.0, 2.0, 60.0, 369.44362432169635], [99.0, 2.0, 2.0, 60.0, 380.09833875091823], [28.0, 1.0, 1.0, 30.0, 383.8634124776174], [86.0, 2.0, 2.0, 60.0, 390.4333827158369], [100.0, 3.0, 3.0, 120.0, 391.8772976892559], [111.0, 1.0, 1.0, 30.0, 392.54938394344936], [19.0, 1.0, 1.0, 30.0, 393.26178810715084], [100.0, 3.0, 3.0, 120.0, 393.85019969752625], [47.0, 2.0, 2.0, 60.0, 394.1235652920939], [100.0, 2.0, 3.0, 120.0, 402.7065312495663], [272.0, 1.0, 1.0, 30.0, 404.9496062434009], [40.0, 2.0, 2.0, 60.0, 406.8802625567264], [81.0, 1.0, 2.0, 60.0, 411.5550592296831], [13.0, 2.0, 2.0, 60.0, 412.491396507024], [60.0, 2.0, 2.0, 60.0, 422.0828587162822], [92.0, 2.0, 2.0, 60.0, 428.54263891348444], [5.0, 1.0, 1.0, 30.0, 430.18884989348794], [32.0, 2.0, 2.0, 60.0, 431.1918089653501], [115.0, 3.0, 1.0, 30.0, 433.84690701169285]]",[85],"[[0], [0], [2, 1, 0]]",[2],200,10
103,293.7784488717716,0.01230615774790446,0.5134754051381982,4.940407801627358,5.147815612977389,55.00178815364686,153.53526598410048,529.2001536560405,700.5634600752982,5,0.14625,0.6337685179756336,0.16465282493293876,"[0, 0, 2]","[28.687328372363627, 12.837370765980943, 9.59248564148318]",6,6000,"[[ 0.          8.38203489 10.71166946  9.23953873  8.41093414]
 [ 8.38203489  0.          2.49176309  1.42459905  0.74770371]
 [10.71166946  2.49176309  0.          2.64071888  3.23946679]
 [ 9.23953873  1.42459905  2.64071888  0.          1.48857846]
 [ 8.41093414  0.74770371  3.23946679  1.48857846  0.        ]]","[[20.0, 2.0, 2.0, 60.0, 0.0], [45.0, 1.0, 2.0, 60.0, 0.0], [100.0, 2.0, 2.0, 60.0, 0.0], [46.0, 2.0, 1.0, 30.0, 0.0], [29.0, 3.0, 1.0, 30.0, 0.0], [89.0, 2.0, 2.0, 60.0, 0.0], [21.0, 1.0, 2.0, 60.0, 0.0], [110.0, 1.0, 1.0, 30.0, 0.0], [30.0, 2.0, 2.0, 60.0, 0.0], [53.0, 2.0, 2.0, 60.0, 0.0], [35.0, 3.0, 1.0, 30.0, 0.0], [29.0, 3.0, 1.0, 30.0, 0.0], [85.0, 3.0, 2.0, 60.0, 0.0], [21.0, 3.0, 2.0, 60.0, 0.0], [48.0, 2.0, 2.0, 60.0, 0.0], [45.0, 2.0, 2.0, 60.0, 0.0], [88.0, 3.0, 3.0, 120.0, 0.0], [58.0, 2.0, 2.0, 60.0, 0.0], [141.0, 1.0, 2.0, 60.0, 0.0], [445.0, 1.0, 1.0, 30.0, 0.0], [55.0, 2.0, 2.0, 60.0, 0.0], [100.0, 1.0, 3.0, 120.0, 0.0], [25.0, 2.0, 2.0, 60.0, 0.0], [4.0, 1.0, 1.0, 30.0, 0.0], [73.0, 3.0, 2.0, 60.0, 12.021043019829973], [11.0, 1.0, 2.0, 60.0, 23.70199129895224], [24.0, 2.0, 2.0, 60.0, 35.625796298323515], [80.0, 2.0, 2.0, 60.0, 37.02476774758143], [16.0, 2.0, 1.0, 30.0, 37.456954746073315], [45.0, 2.0, 2.0, 60.0, 44.72025732460407], [47.0, 2.0, 2.0, 60.0, 51.770060795891936], [104.0, 2.0, 2.0, 60.0, 67.39154057863942], [79.0, 2.0, 2.0, 60.0, 67.78801156455697], [65.0, 2.0, 2.0, 60.0, 73.02081579727279], [10.0, 3.0, 1.0, 30.0, 73.37299733126183], [92.0, 2.0, 2.0, 60.0, 78.81811547138163], [34.0, 2.0, 2.0, 60.0, 87.47475223580068], [23.0, 1.0, 1.0, 30.0, 89.40922635875023], [55.0, 2.0, 2.0, 60.0, 95.5671546720581], [184.0, 3.0, 2.0, 60.0, 96.33602094118923], [121.0, 3.0, 2.0, 60.0, 96.7939072781402], [61.0, 2.0, 2.0, 60.0, 98.36980328880216], [90.0, 2.0, 2.0, 60.0, 102.87579966565295], [18.0, 1.0, 1.0, 30.0, 104.9407263143454], [13.0, 1.0, 1.0, 30.0, 111.17765606341352], [184.0, 2.0, 2.0, 60.0, 112.29553792447513], [59.0, 3.0, 2.0, 60.0, 121.48538924519744], [87.0, 3.0, 1.0, 30.0, 127.62081856126873], [76.0, 1.0, 1.0, 30.0, 130.89979933108373], [64.0, 2.0, 2.0, 60.0, 132.98523286264282], [79.0, 1.0, 1.0, 30.0, 135.25183130913413], [74.0, 1.0, 1.0, 30.0, 135.6372170444124], [132.0, 1.0, 1.0, 30.0, 136.53537831628518], [13.0, 1.0, 1.0, 30.0, 139.96198057430644], [37.0, 1.0, 1.0, 30.0, 141.90538175510554], [3.0, 1.0, 2.0, 60.0, 148.22641604293108], [105.0, 1.0, 1.0, 30.0, 151.7688691800117], [19.0, 2.0, 2.0, 60.0, 152.9585189515018], [17.0, 2.0, 2.0, 60.0, 155.26396063278915], [45.0, 3.0, 2.0, 60.0, 158.4717443187417], [41.0, 2.0, 2.0, 60.0, 160.19091112593068], [14.0, 3.0, 2.0, 60.0, 161.80046723046223], [40.0, 2.0, 2.0, 60.0, 166.19504064142495], [119.0, 2.0, 2.0, 60.0, 167.67977668606895], [52.0, 2.0, 2.0, 60.0, 174.34828881122837], [52.0, 2.0, 2.0, 60.0, 181.30260874245792], [445.0, 2.0, 1.0, 30.0, 186.72302338228388], [68.0, 2.0, 2.0, 60.0, 187.08816512218607], [55.0, 2.0, 2.0, 60.0, 192.75850263079985], [27.0, 2.0, 2.0, 60.0, 199.5301925701257], [129.0, 1.0, 1.0, 30.0, 205.14039082741283], [45.0, 2.0, 2.0, 60.0, 206.54063642859495], [22.0, 2.0, 1.0, 30.0, 208.1453173837751], [17.0, 1.0, 1.0, 30.0, 208.9739969202831], [24.0, 3.0, 1.0, 30.0, 210.74581448374042], [18.0, 1.0, 1.0, 30.0, 210.85151326578935], [59.0, 2.0, 3.0, 120.0, 211.68829524636791], [58.0, 2.0, 2.0, 60.0, 218.2635794691037], [79.0, 2.0, 2.0, 60.0, 238.24236082502787], [79.0, 1.0, 2.0, 60.0, 241.06005128697106], [91.0, 1.0, 1.0, 30.0, 242.4802497949752], [62.0, 2.0, 2.0, 60.0, 244.4690310645114], [134.0, 3.0, 2.0, 60.0, 246.27574217918595], [80.0, 2.0, 2.0, 60.0, 246.92391019530396], [22.0, 2.0, 2.0, 60.0, 252.340535869662], [79.0, 1.0, 1.0, 30.0, 259.21978013724924], [107.0, 2.0, 2.0, 60.0, 266.7588257904633], [53.0, 2.0, 2.0, 60.0, 293.3082397692622], [55.0, 3.0, 1.0, 30.0, 303.841540943146], [17.0, 1.0, 1.0, 30.0, 312.06587014562393], [46.0, 3.0, 2.0, 60.0, 317.28332755550696], [84.0, 1.0, 1.0, 30.0, 320.2459485503109], [29.0, 3.0, 1.0, 30.0, 320.46821633167013], [93.0, 2.0, 2.0, 60.0, 325.25123026577114], [10.0, 1.0, 1.0, 30.0, 328.35814570323583], [72.0, 3.0, 1.0, 30.0, 335.8979525787838], [105.0, 1.0, 2.0, 60.0, 346.037960484565], [9.0, 3.0, 1.0, 30.0, 347.69830455805135], [66.0, 2.0, 1.0, 30.0, 347.94705816407], [12.0, 2.0, 2.0, 60.0, 352.5711693396838], [64.0, 1.0, 2.0, 60.0, 365.3382663386541], [134.0, 3.0, 2.0, 60.0, 369.44362432169635], [99.0, 2.0, 2.0, 60.0, 380.09833875091823], [28.0, 1.0, 1.0, 30.0, 383.8634124776174], [86.0, 2.0, 2.0, 60.0, 390.4333827158369], [100.0, 3.0, 3.0, 120.0, 391.8772976892559], [111.0, 1.0, 1.0, 30.0, 392.54938394344936], [19.0, 1.0, 1.0, 30.0, 393.26178810715084], [100.0, 3.0, 3.0, 120.0, 393.85019969752625], [47.0, 2.0, 2.0, 60.0, 394.1235652920939], [100.0, 2.0, 3.0, 120.0, 402.7065312495663], [272.0, 1.0, 1.0, 30.0, 404.9496062434009], [40.0, 2.0, 2.0, 60.0, 406.8802625567264], [81.0, 1.0, 2.0, 60.0, 411.5550592296831], [13.0, 2.0, 2.0, 60.0, 412.491396507024], [60.0, 2.0, 2.0, 60.0, 422.0828587162822], [92.0, 2.0, 2.0, 60.0, 428.54263891348444], [5.0, 1.0, 1.0, 30.0, 430.18884989348794], [32.0, 2.0, 2.0, 60.0, 431.1918089653501], [115.0, 3.0, 1.0, 30.0, 433.84690701169285]]","[85, 87]","[[0], [0], [2, 0, 2, 1, 0]]","[2, 2]",200,10
104,294.7907550295195,0.008273367087046306,0.2,7.166094877177145,4.880352692849073,21.423338918771982,0.0,767.6083963892079,751.0549722554706,11,0.24500000000000008,0.8687212463394045,4.479677918737264e-16,"[0, 0, 1]","[29.69963453011153, 13.849676923728847, 9.59248564148318]",6,6000,"[[ 0.          8.38203489 10.71166946  9.23953873  8.41093414]
 [ 8.38203489  0.          2.49176309  1.42459905  0.74770371]
 [10.71166946  2.49176309  0.          2.64071888  3.23946679]
 [ 9.23953873  1.42459905  2.64071888  0.          1.48857846]
 [ 8.41093414  0.74770371  3.23946679  1.48857846  0.        ]]","[[20.0, 2.0, 2.0, 60.0, 0.0], [45.0, 1.0, 2.0, 60.0, 0.0], [100.0, 2.0, 2.0, 60.0, 0.0], [46.0, 2.0, 1.0, 30.0, 0.0], [29.0, 3.0, 1.0, 30.0, 0.0], [89.0, 2.0, 2.0, 60.0, 0.0], [21.0, 1.0, 2.0, 60.0, 0.0], [110.0, 1.0, 1.0, 30.0, 0.0], [30.0, 2.0, 2.0, 60.0, 0.0], [53.0, 2.0, 2.0, 60.0, 0.0], [35.0, 3.0, 1.0, 30.0, 0.0], [29.0, 3.0, 1.0, 30.0, 0.0], [85.0, 3.0, 2.0, 60.0, 0.0], [21.0, 3.0, 2.0, 60.0, 0.0], [48.0, 2.0, 2.0, 60.0, 0.0], [45.0, 2.0, 2.0, 60.0, 0.0], [88.0, 3.0, 3.0, 120.0, 0.0], [58.0, 2.0, 2.0, 60.0, 0.0], [141.0, 1.0, 2.0, 60.0, 0.0], [445.0, 1.0, 1.0, 30.0, 0.0], [55.0, 2.0, 2.0, 60.0, 0.0], [100.0, 1.0, 3.0, 120.0, 0.0], [25.0, 2.0, 2.0, 60.0, 0.0], [4.0, 1.0, 1.0, 30.0, 0.0], [73.0, 3.0, 2.0, 60.0, 12.021043019829973], [11.0, 1.0, 2.0, 60.0, 23.70199129895224], [24.0, 2.0, 2.0, 60.0, 35.625796298323515], [80.0, 2.0, 2.0, 60.0, 37.02476774758143], [16.0, 2.0, 1.0, 30.0, 37.456954746073315], [45.0, 2.0, 2.0, 60.0, 44.72025732460407], [47.0, 2.0, 2.0, 60.0, 51.770060795891936], [104.0, 2.0, 2.0, 60.0, 67.39154057863942], [79.0, 2.0, 2.0, 60.0, 67.78801156455697], [65.0, 2.0, 2.0, 60.0, 73.02081579727279], [10.0, 3.0, 1.0, 30.0, 73.37299733126183], [92.0, 2.0, 2.0, 60.0, 78.81811547138163], [34.0, 2.0, 2.0, 60.0, 87.47475223580068], [23.0, 1.0, 1.0, 30.0, 89.40922635875023], [55.0, 2.0, 2.0, 60.0, 95.5671546720581], [184.0, 3.0, 2.0, 60.0, 96.33602094118923], [121.0, 3.0, 2.0, 60.0, 96.7939072781402], [61.0, 2.0, 2.0, 60.0, 98.36980328880216], [90.0, 2.0, 2.0, 60.0, 102.87579966565295], [18.0, 1.0, 1.0, 30.0, 104.9407263143454], [13.0, 1.0, 1.0, 30.0, 111.17765606341352], [184.0, 2.0, 2.0, 60.0, 112.29553792447513], [59.0, 3.0, 2.0, 60.0, 121.48538924519744], [87.0, 3.0, 1.0, 30.0, 127.62081856126873], [76.0, 1.0, 1.0, 30.0, 130.89979933108373], [64.0, 2.0, 2.0, 60.0, 132.98523286264282], [79.0, 1.0, 1.0, 30.0, 135.25183130913413], [74.0, 1.0, 1.0, 30.0, 135.6372170444124], [132.0, 1.0, 1.0, 30.0, 136.53537831628518], [13.0, 1.0, 1.0, 30.0, 139.96198057430644], [37.0, 1.0, 1.0, 30.0, 141.90538175510554], [3.0, 1.0, 2.0, 60.0, 148.22641604293108], [105.0, 1.0, 1.0, 30.0, 151.7688691800117], [19.0, 2.0, 2.0, 60.0, 152.9585189515018], [17.0, 2.0, 2.0, 60.0, 155.26396063278915], [45.0, 3.0, 2.0, 60.0, 158.4717443187417], [41.0, 2.0, 2.0, 60.0, 160.19091112593068], [14.0, 3.0, 2.0, 60.0, 161.80046723046223], [40.0, 2.0, 2.0, 60.0, 166.19504064142495], [119.0, 2.0, 2.0, 60.0, 167.67977668606895], [52.0, 2.0, 2.0, 60.0, 174.34828881122837], [52.0, 2.0, 2.0, 60.0, 181.30260874245792], [445.0, 2.0, 1.0, 30.0, 186.72302338228388], [68.0, 2.0, 2.0, 60.0, 187.08816512218607], [55.0, 2.0, 2.0, 60.0, 192.75850263079985], [27.0, 2.0, 2.0, 60.0, 199.5301925701257], [129.0, 1.0, 1.0, 30.0, 205.14039082741283], [45.0, 2.0, 2.0, 60.0, 206.54063642859495], [22.0, 2.0, 1.0, 30.0, 208.1453173837751], [17.0, 1.0, 1.0, 30.0, 208.9739969202831], [24.0, 3.0, 1.0, 30.0, 210.74581448374042], [18.0, 1.0, 1.0, 30.0, 210.85151326578935], [59.0, 2.0, 3.0, 120.0, 211.68829524636791], [58.0, 2.0, 2.0, 60.0, 218.2635794691037], [79.0, 2.0, 2.0, 60.0, 238.24236082502787], [79.0, 1.0, 2.0, 60.0, 241.06005128697106], [91.0, 1.0, 1.0, 30.0, 242.4802497949752], [62.0, 2.0, 2.0, 60.0, 244.4690310645114], [134.0, 3.0, 2.0, 60.0, 246.27574217918595], [80.0, 2.0, 2.0, 60.0, 246.92391019530396], [22.0, 2.0, 2.0, 60.0, 252.340535869662], [79.0, 1.0, 1.0, 30.0, 259.21978013724924], [107.0, 2.0, 2.0, 60.0, 266.7588257904633], [53.0, 2.0, 2.0, 60.0, 293.3082397692622], [55.0, 3.0, 1.0, 30.0, 303.841540943146], [17.0, 1.0, 1.0, 30.0, 312.06587014562393], [46.0, 3.0, 2.0, 60.0, 317.28332755550696], [84.0, 1.0, 1.0, 30.0, 320.2459485503109], [29.0, 3.0, 1.0, 30.0, 320.46821633167013], [93.0, 2.0, 2.0, 60.0, 325.25123026577114], [10.0, 1.0, 1.0, 30.0, 328.35814570323583], [72.0, 3.0, 1.0, 30.0, 335.8979525787838], [105.0, 1.0, 2.0, 60.0, 346.037960484565], [9.0, 3.0, 1.0, 30.0, 347.69830455805135], [66.0, 2.0, 1.0, 30.0, 347.94705816407], [12.0, 2.0, 2.0, 60.0, 352.5711693396838], [64.0, 1.0, 2.0, 60.0, 365.3382663386541], [134.0, 3.0, 2.0, 60.0, 369.44362432169635], [99.0, 2.0, 2.0, 60.0, 380.09833875091823], [28.0, 1.0, 1.0, 30.0, 383.8634124776174], [86.0, 2.0, 2.0, 60.0, 390.4333827158369], [100.0, 3.0, 3.0, 120.0, 391.8772976892559], [111.0, 1.0, 1.0, 30.0, 392.54938394344936], [19.0, 1.0, 1.0, 30.0, 393.26178810715084], [100.0, 3.0, 3.0, 120.0, 393.85019969752625], [47.0, 2.0, 2.0, 60.0, 394.1235652920939], [100.0, 2.0, 3.0, 120.0, 402.7065312495663], [272.0, 1.0, 1.0, 30.0, 404.9496062434009], [40.0, 2.0, 2.0, 60.0, 406.8802625567264], [81.0, 1.0, 2.0, 60.0, 411.5550592296831], [13.0, 2.0, 2.0, 60.0, 412.491396507024], [60.0, 2.0, 2.0, 60.0, 422.0828587162822], [92.0, 2.0, 2.0, 60.0, 428.54263891348444], [5.0, 1.0, 1.0, 30.0, 430.18884989348794], [32.0, 2.0, 2.0, 60.0, 431.1918089653501], [115.0, 3.0, 1.0, 30.0, 433.84690701169285]]",[87],"[[0, 2, 0], [0], [1, 0]]",[0],200,10
105,295.79902839660656,0.019739882151285807,0.22265847065354202,0.31732175277870645,0.12958464055087676,23.85043939973138,0.0,33.990457280385016,0.5148143463552145,89,0.0,0.0,1.1501093352224639e-15,"[0, 0, 1]","[18.996238437812586, 14.857950290815893, 1.2104507480141056]",6,6000,"[[ 0.          8.38203489 10.71166946  9.23953873  8.41093414]
 [ 8.38203489  0.          2.49176309  1.42459905  0.74770371]
 [10.71166946  2.49176309  0.          2.64071888  3.23946679]
 [ 9.23953873  1.42459905  2.64071888  0.          1.48857846]
 [ 8.41093414  0.74770371  3.23946679  1.48857846  0.        ]]","[[20.0, 2.0, 2.0, 60.0, 0.0], [45.0, 1.0, 2.0, 60.0, 0.0], [100.0, 2.0, 2.0, 60.0, 0.0], [46.0, 2.0, 1.0, 30.0, 0.0], [29.0, 3.0, 1.0, 30.0, 0.0], [89.0, 2.0, 2.0, 60.0, 0.0], [21.0, 1.0, 2.0, 60.0, 0.0], [110.0, 1.0, 1.0, 30.0, 0.0], [30.0, 2.0, 2.0, 60.0, 0.0], [53.0, 2.0, 2.0, 60.0, 0.0], [35.0, 3.0, 1.0, 30.0, 0.0], [29.0, 3.0, 1.0, 30.0, 0.0], [85.0, 3.0, 2.0, 60.0, 0.0], [21.0, 3.0, 2.0, 60.0, 0.0], [48.0, 2.0, 2.0, 60.0, 0.0], [45.0, 2.0, 2.0, 60.0, 0.0], [88.0, 3.0, 3.0, 120.0, 0.0], [58.0, 2.0, 2.0, 60.0, 0.0], [141.0, 1.0, 2.0, 60.0, 0.0], [445.0, 1.0, 1.0, 30.0, 0.0], [55.0, 2.0, 2.0, 60.0, 0.0], [100.0, 1.0, 3.0, 120.0, 0.0], [25.0, 2.0, 2.0, 60.0, 0.0], [4.0, 1.0, 1.0, 30.0, 0.0], [73.0, 3.0, 2.0, 60.0, 12.021043019829973], [11.0, 1.0, 2.0, 60.0, 23.70199129895224], [24.0, 2.0, 2.0, 60.0, 35.625796298323515], [80.0, 2.0, 2.0, 60.0, 37.02476774758143], [16.0, 2.0, 1.0, 30.0, 37.456954746073315], [45.0, 2.0, 2.0, 60.0, 44.72025732460407], [47.0, 2.0, 2.0, 60.0, 51.770060795891936], [104.0, 2.0, 2.0, 60.0, 67.39154057863942], [79.0, 2.0, 2.0, 60.0, 67.78801156455697], [65.0, 2.0, 2.0, 60.0, 73.02081579727279], [10.0, 3.0, 1.0, 30.0, 73.37299733126183], [92.0, 2.0, 2.0, 60.0, 78.81811547138163], [34.0, 2.0, 2.0, 60.0, 87.47475223580068], [23.0, 1.0, 1.0, 30.0, 89.40922635875023], [55.0, 2.0, 2.0, 60.0, 95.5671546720581], [184.0, 3.0, 2.0, 60.0, 96.33602094118923], [121.0, 3.0, 2.0, 60.0, 96.7939072781402], [61.0, 2.0, 2.0, 60.0, 98.36980328880216], [90.0, 2.0, 2.0, 60.0, 102.87579966565295], [18.0, 1.0, 1.0, 30.0, 104.9407263143454], [13.0, 1.0, 1.0, 30.0, 111.17765606341352], [184.0, 2.0, 2.0, 60.0, 112.29553792447513], [59.0, 3.0, 2.0, 60.0, 121.48538924519744], [87.0, 3.0, 1.0, 30.0, 127.62081856126873], [76.0, 1.0, 1.0, 30.0, 130.89979933108373], [64.0, 2.0, 2.0, 60.0, 132.98523286264282], [79.0, 1.0, 1.0, 30.0, 135.25183130913413], [74.0, 1.0, 1.0, 30.0, 135.6372170444124], [132.0, 1.0, 1.0, 30.0, 136.53537831628518], [13.0, 1.0, 1.0, 30.0, 139.96198057430644], [37.0, 1.0, 1.0, 30.0, 141.90538175510554], [3.0, 1.0, 2.0, 60.0, 148.22641604293108], [105.0, 1.0, 1.0, 30.0, 151.7688691800117], [19.0, 2.0, 2.0, 60.0, 152.9585189515018], [17.0, 2.0, 2.0, 60.0, 155.26396063278915], [45.0, 3.0, 2.0, 60.0, 158.4717443187417], [41.0, 2.0, 2.0, 60.0, 160.19091112593068], [14.0, 3.0, 2.0, 60.0, 161.80046723046223], [40.0, 2.0, 2.0, 60.0, 166.19504064142495], [119.0, 2.0, 2.0, 60.0, 167.67977668606895], [52.0, 2.0, 2.0, 60.0, 174.34828881122837], [52.0, 2.0, 2.0, 60.0, 181.30260874245792], [445.0, 2.0, 1.0, 30.0, 186.72302338228388], [68.0, 2.0, 2.0, 60.0, 187.08816512218607], [55.0, 2.0, 2.0, 60.0, 192.75850263079985], [27.0, 2.0, 2.0, 60.0, 199.5301925701257], [129.0, 1.0, 1.0, 30.0, 205.14039082741283], [45.0, 2.0, 2.0, 60.0, 206.54063642859495], [22.0, 2.0, 1.0, 30.0, 208.1453173837751], [17.0, 1.0, 1.0, 30.0, 208.9739969202831], [24.0, 3.0, 1.0, 30.0, 210.74581448374042], [18.0, 1.0, 1.0, 30.0, 210.85151326578935], [59.0, 2.0, 3.0, 120.0, 211.68829524636791], [58.0, 2.0, 2.0, 60.0, 218.2635794691037], [79.0, 2.0, 2.0, 60.0, 238.24236082502787], [79.0, 1.0, 2.0, 60.0, 241.06005128697106], [91.0, 1.0, 1.0, 30.0, 242.4802497949752], [62.0, 2.0, 2.0, 60.0, 244.4690310645114], [134.0, 3.0, 2.0, 60.0, 246.27574217918595], [80.0, 2.0, 2.0, 60.0, 246.92391019530396], [22.0, 2.0, 2.0, 60.0, 252.340535869662], [79.0, 1.0, 1.0, 30.0, 259.21978013724924], [107.0, 2.0, 2.0, 60.0, 266.7588257904633], [53.0, 2.0, 2.0, 60.0, 293.3082397692622], [55.0, 3.0, 1.0, 30.0, 303.841540943146], [17.0, 1.0, 1.0, 30.0, 312.06587014562393], [46.0, 3.0, 2.0, 60.0, 317.28332755550696], [84.0, 1.0, 1.0, 30.0, 320.2459485503109], [29.0, 3.0, 1.0, 30.0, 320.46821633167013], [93.0, 2.0, 2.0, 60.0, 325.25123026577114], [10.0, 1.0, 1.0, 30.0, 328.35814570323583], [72.0, 3.0, 1.0, 30.0, 335.8979525787838], [105.0, 1.0, 2.0, 60.0, 346.037960484565], [9.0, 3.0, 1.0, 30.0, 347.69830455805135], [66.0, 2.0, 1.0, 30.0, 347.94705816407], [12.0, 2.0, 2.0, 60.0, 352.5711693396838], [64.0, 1.0, 2.0, 60.0, 365.3382663386541], [134.0, 3.0, 2.0, 60.0, 369.44362432169635], [99.0, 2.0, 2.0, 60.0, 380.09833875091823], [28.0, 1.0, 1.0, 30.0, 383.8634124776174], [86.0, 2.0, 2.0, 60.0, 390.4333827158369], [100.0, 3.0, 3.0, 120.0, 391.8772976892559], [111.0, 1.0, 1.0, 30.0, 392.54938394344936], [19.0, 1.0, 1.0, 30.0, 393.26178810715084], [100.0, 3.0, 3.0, 120.0, 393.85019969752625], [47.0, 2.0, 2.0, 60.0, 394.1235652920939], [100.0, 2.0, 3.0, 120.0, 402.7065312495663], [272.0, 1.0, 1.0, 30.0, 404.9496062434009], [40.0, 2.0, 2.0, 60.0, 406.8802625567264], [81.0, 1.0, 2.0, 60.0, 411.5550592296831], [13.0, 2.0, 2.0, 60.0, 412.491396507024], [60.0, 2.0, 2.0, 60.0, 422.0828587162822], [92.0, 2.0, 2.0, 60.0, 428.54263891348444], [5.0, 1.0, 1.0, 30.0, 430.18884989348794], [32.0, 2.0, 2.0, 60.0, 431.1918089653501], [115.0, 3.0, 1.0, 30.0, 433.84690701169285]]",[87],"[[0, 2, 0], [0], [1, 0]]",[0],200,10
106,300.81876827875783,0.020810961723327637,0.23546719525478685,0.3225940321959531,0.11928002876759962,27.186013100971216,0.0,37.245296849460075,1.401479398988692,89,0.0,0.0,1.1501093352224639e-15,"[0, 0, 1]","[18.996238437812586, 19.877690172967178, 1.2104507480141056]",6,6000,"[[ 0.          9.33669429 11.54556288 10.08870594  9.26010135]
 [ 9.33669429  0.          2.2088686   1.41346215  0.7365668 ]
 [11.54556288  2.2088686   0.          2.64071888  2.9454354 ]
 [10.08870594  1.41346215  2.64071888  0.          1.48857846]
 [ 9.26010135  0.7365668   2.9454354   1.48857846  0.        ]]","[[20.0, 2.0, 2.0, 60.0, 0.0], [45.0, 1.0, 2.0, 60.0, 0.0], [100.0, 2.0, 2.0, 60.0, 0.0], [46.0, 2.0, 1.0, 30.0, 0.0], [29.0, 3.0, 1.0, 30.0, 0.0], [89.0, 2.0, 2.0, 60.0, 0.0], [21.0, 1.0, 2.0, 60.0, 0.0], [110.0, 1.0, 1.0, 30.0, 0.0], [30.0, 2.0, 2.0, 60.0, 0.0], [53.0, 2.0, 2.0, 60.0, 0.0], [35.0, 3.0, 1.0, 30.0, 0.0], [29.0, 3.0, 1.0, 30.0, 0.0], [85.0, 3.0, 2.0, 60.0, 0.0], [21.0, 3.0, 2.0, 60.0, 0.0], [48.0, 2.0, 2.0, 60.0, 0.0], [45.0, 2.0, 2.0, 60.0, 0.0], [88.0, 3.0, 3.0, 120.0, 0.0], [58.0, 2.0, 2.0, 60.0, 0.0], [141.0, 1.0, 2.0, 60.0, 0.0], [445.0, 1.0, 1.0, 30.0, 0.0], [55.0, 2.0, 2.0, 60.0, 0.0], [100.0, 1.0, 3.0, 120.0, 0.0], [25.0, 2.0, 2.0, 60.0, 0.0], [4.0, 1.0, 1.0, 30.0, 0.0], [73.0, 3.0, 2.0, 60.0, 12.021043019829973], [11.0, 1.0, 2.0, 60.0, 23.70199129895224], [24.0, 2.0, 2.0, 60.0, 35.625796298323515], [80.0, 2.0, 2.0, 60.0, 37.02476774758143], [16.0, 2.0, 1.0, 30.0, 37.456954746073315], [45.0, 2.0, 2.0, 60.0, 44.72025732460407], [47.0, 2.0, 2.0, 60.0, 51.770060795891936], [104.0, 2.0, 2.0, 60.0, 67.39154057863942], [79.0, 2.0, 2.0, 60.0, 67.78801156455697], [65.0, 2.0, 2.0, 60.0, 73.02081579727279], [10.0, 3.0, 1.0, 30.0, 73.37299733126183], [92.0, 2.0, 2.0, 60.0, 78.81811547138163], [34.0, 2.0, 2.0, 60.0, 87.47475223580068], [23.0, 1.0, 1.0, 30.0, 89.40922635875023], [55.0, 2.0, 2.0, 60.0, 95.5671546720581], [184.0, 3.0, 2.0, 60.0, 96.33602094118923], [121.0, 3.0, 2.0, 60.0, 96.7939072781402], [61.0, 2.0, 2.0, 60.0, 98.36980328880216], [90.0, 2.0, 2.0, 60.0, 102.87579966565295], [18.0, 1.0, 1.0, 30.0, 104.9407263143454], [13.0, 1.0, 1.0, 30.0, 111.17765606341352], [184.0, 2.0, 2.0, 60.0, 112.29553792447513], [59.0, 3.0, 2.0, 60.0, 121.48538924519744], [87.0, 3.0, 1.0, 30.0, 127.62081856126873], [76.0, 1.0, 1.0, 30.0, 130.89979933108373], [64.0, 2.0, 2.0, 60.0, 132.98523286264282], [79.0, 1.0, 1.0, 30.0, 135.25183130913413], [74.0, 1.0, 1.0, 30.0, 135.6372170444124], [132.0, 1.0, 1.0, 30.0, 136.53537831628518], [13.0, 1.0, 1.0, 30.0, 139.96198057430644], [37.0, 1.0, 1.0, 30.0, 141.90538175510554], [3.0, 1.0, 2.0, 60.0, 148.22641604293108], [105.0, 1.0, 1.0, 30.0, 151.7688691800117], [19.0, 2.0, 2.0, 60.0, 152.9585189515018], [17.0, 2.0, 2.0, 60.0, 155.26396063278915], [45.0, 3.0, 2.0, 60.0, 158.4717443187417], [41.0, 2.0, 2.0, 60.0, 160.19091112593068], [14.0, 3.0, 2.0, 60.0, 161.80046723046223], [40.0, 2.0, 2.0, 60.0, 166.19504064142495], [119.0, 2.0, 2.0, 60.0, 167.67977668606895], [52.0, 2.0, 2.0, 60.0, 174.34828881122837], [52.0, 2.0, 2.0, 60.0, 181.30260874245792], [445.0, 2.0, 1.0, 30.0, 186.72302338228388], [68.0, 2.0, 2.0, 60.0, 187.08816512218607], [55.0, 2.0, 2.0, 60.0, 192.75850263079985], [27.0, 2.0, 2.0, 60.0, 199.5301925701257], [129.0, 1.0, 1.0, 30.0, 205.14039082741283], [45.0, 2.0, 2.0, 60.0, 206.54063642859495], [22.0, 2.0, 1.0, 30.0, 208.1453173837751], [17.0, 1.0, 1.0, 30.0, 208.9739969202831], [24.0, 3.0, 1.0, 30.0, 210.74581448374042], [18.0, 1.0, 1.0, 30.0, 210.85151326578935], [59.0, 2.0, 3.0, 120.0, 211.68829524636791], [58.0, 2.0, 2.0, 60.0, 218.2635794691037], [79.0, 2.0, 2.0, 60.0, 238.24236082502787], [79.0, 1.0, 2.0, 60.0, 241.06005128697106], [91.0, 1.0, 1.0, 30.0, 242.4802497949752], [62.0, 2.0, 2.0, 60.0, 244.4690310645114], [134.0, 3.0, 2.0, 60.0, 246.27574217918595], [80.0, 2.0, 2.0, 60.0, 246.92391019530396], [22.0, 2.0, 2.0, 60.0, 252.340535869662], [79.0, 1.0, 1.0, 30.0, 259.21978013724924], [107.0, 2.0, 2.0, 60.0, 266.7588257904633], [53.0, 2.0, 2.0, 60.0, 293.3082397692622], [55.0, 3.0, 1.0, 30.0, 303.841540943146], [17.0, 1.0, 1.0, 30.0, 312.06587014562393], [46.0, 3.0, 2.0, 60.0, 317.28332755550696], [84.0, 1.0, 1.0, 30.0, 320.2459485503109], [29.0, 3.0, 1.0, 30.0, 320.46821633167013], [93.0, 2.0, 2.0, 60.0, 325.25123026577114], [10.0, 1.0, 1.0, 30.0, 328.35814570323583], [72.0, 3.0, 1.0, 30.0, 335.8979525787838], [105.0, 1.0, 2.0, 60.0, 346.037960484565], [9.0, 3.0, 1.0, 30.0, 347.69830455805135], [66.0, 2.0, 1.0, 30.0, 347.94705816407], [12.0, 2.0, 2.0, 60.0, 352.5711693396838], [64.0, 1.0, 2.0, 60.0, 365.3382663386541], [134.0, 3.0, 2.0, 60.0, 369.44362432169635], [99.0, 2.0, 2.0, 60.0, 380.09833875091823], [28.0, 1.0, 1.0, 30.0, 383.8634124776174], [86.0, 2.0, 2.0, 60.0, 390.4333827158369], [100.0, 3.0, 3.0, 120.0, 391.8772976892559], [111.0, 1.0, 1.0, 30.0, 392.54938394344936], [19.0, 1.0, 1.0, 30.0, 393.26178810715084], [100.0, 3.0, 3.0, 120.0, 393.85019969752625], [47.0, 2.0, 2.0, 60.0, 394.1235652920939], [100.0, 2.0, 3.0, 120.0, 402.7065312495663], [272.0, 1.0, 1.0, 30.0, 404.9496062434009], [40.0, 2.0, 2.0, 60.0, 406.8802625567264], [81.0, 1.0, 2.0, 60.0, 411.5550592296831], [13.0, 2.0, 2.0, 60.0, 412.491396507024], [60.0, 2.0, 2.0, 60.0, 422.0828587162822], [92.0, 2.0, 2.0, 60.0, 428.54263891348444], [5.0, 1.0, 1.0, 30.0, 430.18884989348794], [32.0, 2.0, 2.0, 60.0, 431.1918089653501], [115.0, 3.0, 1.0, 30.0, 433.84690701169285]]",[87],"[[0, 2, 0], [0], [1, 0]]",[0],200,10
107,304.83957924048116,0.010813558101654052,0.2550639805496352,7.392235309605077,4.545211302642019,29.543633593714638,0.0,856.2302327238751,851.2557266777317,10,0.2054166666666667,0.5375194606879311,0.14372215578673728,"[0, 0, 0]","[18.996238437812586, 23.898501134690505, 1.868966698419646]",6,6000,"[[ 0.          9.17981489 11.58283248  9.93182654  9.10322196]
 [ 9.17981489  0.          2.4030176   1.41346215  0.7365668 ]
 [11.58283248  2.4030176   0.          2.75527699  3.1395844 ]
 [ 9.93182654  1.41346215  2.75527699  0.          1.48857846]
 [ 9.10322196  0.7365668   3.1395844   1.48857846  0.        ]]","[[20.0, 2.0, 2.0, 60.0, 0.0], [45.0, 1.0, 2.0, 60.0, 0.0], [100.0, 2.0, 2.0, 60.0, 0.0], [46.0, 2.0, 1.0, 30.0, 0.0], [29.0, 3.0, 1.0, 30.0, 0.0], [89.0, 2.0, 2.0, 60.0, 0.0], [21.0, 1.0, 2.0, 60.0, 0.0], [110.0, 1.0, 1.0, 30.0, 0.0], [30.0, 2.0, 2.0, 60.0, 0.0], [53.0, 2.0, 2.0, 60.0, 0.0], [35.0, 3.0, 1.0, 30.0, 0.0], [29.0, 3.0, 1.0, 30.0, 0.0], [85.0, 3.0, 2.0, 60.0, 0.0], [21.0, 3.0, 2.0, 60.0, 0.0], [48.0, 2.0, 2.0, 60.0, 0.0], [45.0, 2.0, 2.0, 60.0, 0.0], [88.0, 3.0, 3.0, 120.0, 0.0], [58.0, 2.0, 2.0, 60.0, 0.0], [141.0, 1.0, 2.0, 60.0, 0.0], [445.0, 1.0, 1.0, 30.0, 0.0], [55.0, 2.0, 2.0, 60.0, 0.0], [100.0, 1.0, 3.0, 120.0, 0.0], [25.0, 2.0, 2.0, 60.0, 0.0], [4.0, 1.0, 1.0, 30.0, 0.0], [73.0, 3.0, 2.0, 60.0, 12.021043019829973], [11.0, 1.0, 2.0, 60.0, 23.70199129895224], [24.0, 2.0, 2.0, 60.0, 35.625796298323515], [80.0, 2.0, 2.0, 60.0, 37.02476774758143], [16.0, 2.0, 1.0, 30.0, 37.456954746073315], [45.0, 2.0, 2.0, 60.0, 44.72025732460407], [47.0, 2.0, 2.0, 60.0, 51.770060795891936], [104.0, 2.0, 2.0, 60.0, 67.39154057863942], [79.0, 2.0, 2.0, 60.0, 67.78801156455697], [65.0, 2.0, 2.0, 60.0, 73.02081579727279], [10.0, 3.0, 1.0, 30.0, 73.37299733126183], [92.0, 2.0, 2.0, 60.0, 78.81811547138163], [34.0, 2.0, 2.0, 60.0, 87.47475223580068], [23.0, 1.0, 1.0, 30.0, 89.40922635875023], [55.0, 2.0, 2.0, 60.0, 95.5671546720581], [184.0, 3.0, 2.0, 60.0, 96.33602094118923], [121.0, 3.0, 2.0, 60.0, 96.7939072781402], [61.0, 2.0, 2.0, 60.0, 98.36980328880216], [90.0, 2.0, 2.0, 60.0, 102.87579966565295], [18.0, 1.0, 1.0, 30.0, 104.9407263143454], [13.0, 1.0, 1.0, 30.0, 111.17765606341352], [184.0, 2.0, 2.0, 60.0, 112.29553792447513], [59.0, 3.0, 2.0, 60.0, 121.48538924519744], [87.0, 3.0, 1.0, 30.0, 127.62081856126873], [76.0, 1.0, 1.0, 30.0, 130.89979933108373], [64.0, 2.0, 2.0, 60.0, 132.98523286264282], [79.0, 1.0, 1.0, 30.0, 135.25183130913413], [74.0, 1.0, 1.0, 30.0, 135.6372170444124], [132.0, 1.0, 1.0, 30.0, 136.53537831628518], [13.0, 1.0, 1.0, 30.0, 139.96198057430644], [37.0, 1.0, 1.0, 30.0, 141.90538175510554], [3.0, 1.0, 2.0, 60.0, 148.22641604293108], [105.0, 1.0, 1.0, 30.0, 151.7688691800117], [19.0, 2.0, 2.0, 60.0, 152.9585189515018], [17.0, 2.0, 2.0, 60.0, 155.26396063278915], [45.0, 3.0, 2.0, 60.0, 158.4717443187417], [41.0, 2.0, 2.0, 60.0, 160.19091112593068], [14.0, 3.0, 2.0, 60.0, 161.80046723046223], [40.0, 2.0, 2.0, 60.0, 166.19504064142495], [119.0, 2.0, 2.0, 60.0, 167.67977668606895], [52.0, 2.0, 2.0, 60.0, 174.34828881122837], [52.0, 2.0, 2.0, 60.0, 181.30260874245792], [445.0, 2.0, 1.0, 30.0, 186.72302338228388], [68.0, 2.0, 2.0, 60.0, 187.08816512218607], [55.0, 2.0, 2.0, 60.0, 192.75850263079985], [27.0, 2.0, 2.0, 60.0, 199.5301925701257], [129.0, 1.0, 1.0, 30.0, 205.14039082741283], [45.0, 2.0, 2.0, 60.0, 206.54063642859495], [22.0, 2.0, 1.0, 30.0, 208.1453173837751], [17.0, 1.0, 1.0, 30.0, 208.9739969202831], [24.0, 3.0, 1.0, 30.0, 210.74581448374042], [18.0, 1.0, 1.0, 30.0, 210.85151326578935], [59.0, 2.0, 3.0, 120.0, 211.68829524636791], [58.0, 2.0, 2.0, 60.0, 218.2635794691037], [79.0, 2.0, 2.0, 60.0, 238.24236082502787], [79.0, 1.0, 2.0, 60.0, 241.06005128697106], [91.0, 1.0, 1.0, 30.0, 242.4802497949752], [62.0, 2.0, 2.0, 60.0, 244.4690310645114], [134.0, 3.0, 2.0, 60.0, 246.27574217918595], [80.0, 2.0, 2.0, 60.0, 246.92391019530396], [22.0, 2.0, 2.0, 60.0, 252.340535869662], [79.0, 1.0, 1.0, 30.0, 259.21978013724924], [107.0, 2.0, 2.0, 60.0, 266.7588257904633], [53.0, 2.0, 2.0, 60.0, 293.3082397692622], [55.0, 3.0, 1.0, 30.0, 303.841540943146], [17.0, 1.0, 1.0, 30.0, 312.06587014562393], [46.0, 3.0, 2.0, 60.0, 317.28332755550696], [84.0, 1.0, 1.0, 30.0, 320.2459485503109], [29.0, 3.0, 1.0, 30.0, 320.46821633167013], [93.0, 2.0, 2.0, 60.0, 325.25123026577114], [10.0, 1.0, 1.0, 30.0, 328.35814570323583], [72.0, 3.0, 1.0, 30.0, 335.8979525787838], [105.0, 1.0, 2.0, 60.0, 346.037960484565], [9.0, 3.0, 1.0, 30.0, 347.69830455805135], [66.0, 2.0, 1.0, 30.0, 347.94705816407], [12.0, 2.0, 2.0, 60.0, 352.5711693396838], [64.0, 1.0, 2.0, 60.0, 365.3382663386541], [134.0, 3.0, 2.0, 60.0, 369.44362432169635], [99.0, 2.0, 2.0, 60.0, 380.09833875091823], [28.0, 1.0, 1.0, 30.0, 383.8634124776174], [86.0, 2.0, 2.0, 60.0, 390.4333827158369], [100.0, 3.0, 3.0, 120.0, 391.8772976892559], [111.0, 1.0, 1.0, 30.0, 392.54938394344936], [19.0, 1.0, 1.0, 30.0, 393.26178810715084], [100.0, 3.0, 3.0, 120.0, 393.85019969752625], [47.0, 2.0, 2.0, 60.0, 394.1235652920939], [100.0, 2.0, 3.0, 120.0, 402.7065312495663], [272.0, 1.0, 1.0, 30.0, 404.9496062434009], [40.0, 2.0, 2.0, 60.0, 406.8802625567264], [81.0, 1.0, 2.0, 60.0, 411.5550592296831], [13.0, 2.0, 2.0, 60.0, 412.491396507024], [60.0, 2.0, 2.0, 60.0, 422.0828587162822], [92.0, 2.0, 2.0, 60.0, 428.54263891348444], [5.0, 1.0, 1.0, 30.0, 430.18884989348794], [32.0, 2.0, 2.0, 60.0, 431.1918089653501], [115.0, 3.0, 1.0, 30.0, 433.84690701169285]]","[87, 88]","[[0, 2, 3, 0], [0], [0]]","[0, 0]",200,10
108,305.8503927985828,0.011900893847147624,0.2332383847941633,7.252908752864472,4.681526117067946,26.568775823689272,0.0,826.1972269041033,813.3763253767523,5,0.23416666666666672,0.5654263659090677,0.15588224447851817,"[0, 0, 0]","[18.996238437812586, 24.909314692792158, 2.8797802565213]",6,6000,"[[ 0.          9.17981489 11.39125357  9.93182654  9.10322196]
 [ 9.17981489  0.          2.21143868  1.41346215  0.7365668 ]
 [11.39125357  2.21143868  0.          2.56369807  2.94800548]
 [ 9.93182654  1.41346215  2.56369807  0.          1.48857846]
 [ 9.10322196  0.7365668   2.94800548  1.48857846  0.        ]]","[[20.0, 2.0, 2.0, 60.0, 0.0], [45.0, 1.0, 2.0, 60.0, 0.0], [100.0, 2.0, 2.0, 60.0, 0.0], [46.0, 2.0, 1.0, 30.0, 0.0], [29.0, 3.0, 1.0, 30.0, 0.0], [89.0, 2.0, 2.0, 60.0, 0.0], [21.0, 1.0, 2.0, 60.0, 0.0], [110.0, 1.0, 1.0, 30.0, 0.0], [30.0, 2.0, 2.0, 60.0, 0.0], [53.0, 2.0, 2.0, 60.0, 0.0], [35.0, 3.0, 1.0, 30.0, 0.0], [29.0, 3.0, 1.0, 30.0, 0.0], [85.0, 3.0, 2.0, 60.0, 0.0], [21.0, 3.0, 2.0, 60.0, 0.0], [48.0, 2.0, 2.0, 60.0, 0.0], [45.0, 2.0, 2.0, 60.0, 0.0], [88.0, 3.0, 3.0, 120.0, 0.0], [58.0, 2.0, 2.0, 60.0, 0.0], [141.0, 1.0, 2.0, 60.0, 0.0], [445.0, 1.0, 1.0, 30.0, 0.0], [55.0, 2.0, 2.0, 60.0, 0.0], [100.0, 1.0, 3.0, 120.0, 0.0], [25.0, 2.0, 2.0, 60.0, 0.0], [4.0, 1.0, 1.0, 30.0, 0.0], [73.0, 3.0, 2.0, 60.0, 12.021043019829973], [11.0, 1.0, 2.0, 60.0, 23.70199129895224], [24.0, 2.0, 2.0, 60.0, 35.625796298323515], [80.0, 2.0, 2.0, 60.0, 37.02476774758143], [16.0, 2.0, 1.0, 30.0, 37.456954746073315], [45.0, 2.0, 2.0, 60.0, 44.72025732460407], [47.0, 2.0, 2.0, 60.0, 51.770060795891936], [104.0, 2.0, 2.0, 60.0, 67.39154057863942], [79.0, 2.0, 2.0, 60.0, 67.78801156455697], [65.0, 2.0, 2.0, 60.0, 73.02081579727279], [10.0, 3.0, 1.0, 30.0, 73.37299733126183], [92.0, 2.0, 2.0, 60.0, 78.81811547138163], [34.0, 2.0, 2.0, 60.0, 87.47475223580068], [23.0, 1.0, 1.0, 30.0, 89.40922635875023], [55.0, 2.0, 2.0, 60.0, 95.5671546720581], [184.0, 3.0, 2.0, 60.0, 96.33602094118923], [121.0, 3.0, 2.0, 60.0, 96.7939072781402], [61.0, 2.0, 2.0, 60.0, 98.36980328880216], [90.0, 2.0, 2.0, 60.0, 102.87579966565295], [18.0, 1.0, 1.0, 30.0, 104.9407263143454], [13.0, 1.0, 1.0, 30.0, 111.17765606341352], [184.0, 2.0, 2.0, 60.0, 112.29553792447513], [59.0, 3.0, 2.0, 60.0, 121.48538924519744], [87.0, 3.0, 1.0, 30.0, 127.62081856126873], [76.0, 1.0, 1.0, 30.0, 130.89979933108373], [64.0, 2.0, 2.0, 60.0, 132.98523286264282], [79.0, 1.0, 1.0, 30.0, 135.25183130913413], [74.0, 1.0, 1.0, 30.0, 135.6372170444124], [132.0, 1.0, 1.0, 30.0, 136.53537831628518], [13.0, 1.0, 1.0, 30.0, 139.96198057430644], [37.0, 1.0, 1.0, 30.0, 141.90538175510554], [3.0, 1.0, 2.0, 60.0, 148.22641604293108], [105.0, 1.0, 1.0, 30.0, 151.7688691800117], [19.0, 2.0, 2.0, 60.0, 152.9585189515018], [17.0, 2.0, 2.0, 60.0, 155.26396063278915], [45.0, 3.0, 2.0, 60.0, 158.4717443187417], [41.0, 2.0, 2.0, 60.0, 160.19091112593068], [14.0, 3.0, 2.0, 60.0, 161.80046723046223], [40.0, 2.0, 2.0, 60.0, 166.19504064142495], [119.0, 2.0, 2.0, 60.0, 167.67977668606895], [52.0, 2.0, 2.0, 60.0, 174.34828881122837], [52.0, 2.0, 2.0, 60.0, 181.30260874245792], [445.0, 2.0, 1.0, 30.0, 186.72302338228388], [68.0, 2.0, 2.0, 60.0, 187.08816512218607], [55.0, 2.0, 2.0, 60.0, 192.75850263079985], [27.0, 2.0, 2.0, 60.0, 199.5301925701257], [129.0, 1.0, 1.0, 30.0, 205.14039082741283], [45.0, 2.0, 2.0, 60.0, 206.54063642859495], [22.0, 2.0, 1.0, 30.0, 208.1453173837751], [17.0, 1.0, 1.0, 30.0, 208.9739969202831], [24.0, 3.0, 1.0, 30.0, 210.74581448374042], [18.0, 1.0, 1.0, 30.0, 210.85151326578935], [59.0, 2.0, 3.0, 120.0, 211.68829524636791], [58.0, 2.0, 2.0, 60.0, 218.2635794691037], [79.0, 2.0, 2.0, 60.0, 238.24236082502787], [79.0, 1.0, 2.0, 60.0, 241.06005128697106], [91.0, 1.0, 1.0, 30.0, 242.4802497949752], [62.0, 2.0, 2.0, 60.0, 244.4690310645114], [134.0, 3.0, 2.0, 60.0, 246.27574217918595], [80.0, 2.0, 2.0, 60.0, 246.92391019530396], [22.0, 2.0, 2.0, 60.0, 252.340535869662], [79.0, 1.0, 1.0, 30.0, 259.21978013724924], [107.0, 2.0, 2.0, 60.0, 266.7588257904633], [53.0, 2.0, 2.0, 60.0, 293.3082397692622], [55.0, 3.0, 1.0, 30.0, 303.841540943146], [17.0, 1.0, 1.0, 30.0, 312.06587014562393], [46.0, 3.0, 2.0, 60.0, 317.28332755550696], [84.0, 1.0, 1.0, 30.0, 320.2459485503109], [29.0, 3.0, 1.0, 30.0, 320.46821633167013], [93.0, 2.0, 2.0, 60.0, 325.25123026577114], [10.0, 1.0, 1.0, 30.0, 328.35814570323583], [72.0, 3.0, 1.0, 30.0, 335.8979525787838], [105.0, 1.0, 2.0, 60.0, 346.037960484565], [9.0, 3.0, 1.0, 30.0, 347.69830455805135], [66.0, 2.0, 1.0, 30.0, 347.94705816407], [12.0, 2.0, 2.0, 60.0, 352.5711693396838], [64.0, 1.0, 2.0, 60.0, 365.3382663386541], [134.0, 3.0, 2.0, 60.0, 369.44362432169635], [99.0, 2.0, 2.0, 60.0, 380.09833875091823], [28.0, 1.0, 1.0, 30.0, 383.8634124776174], [86.0, 2.0, 2.0, 60.0, 390.4333827158369], [100.0, 3.0, 3.0, 120.0, 391.8772976892559], [111.0, 1.0, 1.0, 30.0, 392.54938394344936], [19.0, 1.0, 1.0, 30.0, 393.26178810715084], [100.0, 3.0, 3.0, 120.0, 393.85019969752625], [47.0, 2.0, 2.0, 60.0, 394.1235652920939], [100.0, 2.0, 3.0, 120.0, 402.7065312495663], [272.0, 1.0, 1.0, 30.0, 404.9496062434009], [40.0, 2.0, 2.0, 60.0, 406.8802625567264], [81.0, 1.0, 2.0, 60.0, 411.5550592296831], [13.0, 2.0, 2.0, 60.0, 412.491396507024], [60.0, 2.0, 2.0, 60.0, 422.0828587162822], [92.0, 2.0, 2.0, 60.0, 428.54263891348444], [5.0, 1.0, 1.0, 30.0, 430.18884989348794], [32.0, 2.0, 2.0, 60.0, 431.1918089653501], [115.0, 3.0, 1.0, 30.0, 433.84690701169285]]","[87, 88]","[[0, 2, 0], [0, 3, 0], [0]]","[0, 1]",200,10
109,306.86229369242994,0.026807427406311035,0.21716588934826433,0.3311365925066766,0.1422619012445056,24.737917113163498,0.0,37.72060890017962,20.895782259461793,86,0.0,0.0,1.1501093352224639e-15,"[2, 0, 0]","[18.996238437812586, 14.989389046678745, 3.8916811503684476]",6,6000,"[[ 0.          9.17981489 11.39125357  9.93182654  9.10322196]
 [ 9.17981489  0.          2.21143868  1.41346215  0.7365668 ]
 [11.39125357  2.21143868  0.          2.56369807  2.94800548]
 [ 9.93182654  1.41346215  2.56369807  0.          1.48857846]
 [ 9.10322196  0.7365668   2.94800548  1.48857846  0.        ]]","[[20.0, 2.0, 2.0, 60.0, 0.0], [45.0, 1.0, 2.0, 60.0, 0.0], [100.0, 2.0, 2.0, 60.0, 0.0], [46.0, 2.0, 1.0, 30.0, 0.0], [29.0, 3.0, 1.0, 30.0, 0.0], [89.0, 2.0, 2.0, 60.0, 0.0], [21.0, 1.0, 2.0, 60.0, 0.0], [110.0, 1.0, 1.0, 30.0, 0.0], [30.0, 2.0, 2.0, 60.0, 0.0], [53.0, 2.0, 2.0, 60.0, 0.0], [35.0, 3.0, 1.0, 30.0, 0.0], [29.0, 3.0, 1.0, 30.0, 0.0], [85.0, 3.0, 2.0, 60.0, 0.0], [21.0, 3.0, 2.0, 60.0, 0.0], [48.0, 2.0, 2.0, 60.0, 0.0], [45.0, 2.0, 2.0, 60.0, 0.0], [88.0, 3.0, 3.0, 120.0, 0.0], [58.0, 2.0, 2.0, 60.0, 0.0], [141.0, 1.0, 2.0, 60.0, 0.0], [445.0, 1.0, 1.0, 30.0, 0.0], [55.0, 2.0, 2.0, 60.0, 0.0], [100.0, 1.0, 3.0, 120.0, 0.0], [25.0, 2.0, 2.0, 60.0, 0.0], [4.0, 1.0, 1.0, 30.0, 0.0], [73.0, 3.0, 2.0, 60.0, 12.021043019829973], [11.0, 1.0, 2.0, 60.0, 23.70199129895224], [24.0, 2.0, 2.0, 60.0, 35.625796298323515], [80.0, 2.0, 2.0, 60.0, 37.02476774758143], [16.0, 2.0, 1.0, 30.0, 37.456954746073315], [45.0, 2.0, 2.0, 60.0, 44.72025732460407], [47.0, 2.0, 2.0, 60.0, 51.770060795891936], [104.0, 2.0, 2.0, 60.0, 67.39154057863942], [79.0, 2.0, 2.0, 60.0, 67.78801156455697], [65.0, 2.0, 2.0, 60.0, 73.02081579727279], [10.0, 3.0, 1.0, 30.0, 73.37299733126183], [92.0, 2.0, 2.0, 60.0, 78.81811547138163], [34.0, 2.0, 2.0, 60.0, 87.47475223580068], [23.0, 1.0, 1.0, 30.0, 89.40922635875023], [55.0, 2.0, 2.0, 60.0, 95.5671546720581], [184.0, 3.0, 2.0, 60.0, 96.33602094118923], [121.0, 3.0, 2.0, 60.0, 96.7939072781402], [61.0, 2.0, 2.0, 60.0, 98.36980328880216], [90.0, 2.0, 2.0, 60.0, 102.87579966565295], [18.0, 1.0, 1.0, 30.0, 104.9407263143454], [13.0, 1.0, 1.0, 30.0, 111.17765606341352], [184.0, 2.0, 2.0, 60.0, 112.29553792447513], [59.0, 3.0, 2.0, 60.0, 121.48538924519744], [87.0, 3.0, 1.0, 30.0, 127.62081856126873], [76.0, 1.0, 1.0, 30.0, 130.89979933108373], [64.0, 2.0, 2.0, 60.0, 132.98523286264282], [79.0, 1.0, 1.0, 30.0, 135.25183130913413], [74.0, 1.0, 1.0, 30.0, 135.6372170444124], [132.0, 1.0, 1.0, 30.0, 136.53537831628518], [13.0, 1.0, 1.0, 30.0, 139.96198057430644], [37.0, 1.0, 1.0, 30.0, 141.90538175510554], [3.0, 1.0, 2.0, 60.0, 148.22641604293108], [105.0, 1.0, 1.0, 30.0, 151.7688691800117], [19.0, 2.0, 2.0, 60.0, 152.9585189515018], [17.0, 2.0, 2.0, 60.0, 155.26396063278915], [45.0, 3.0, 2.0, 60.0, 158.4717443187417], [41.0, 2.0, 2.0, 60.0, 160.19091112593068], [14.0, 3.0, 2.0, 60.0, 161.80046723046223], [40.0, 2.0, 2.0, 60.0, 166.19504064142495], [119.0, 2.0, 2.0, 60.0, 167.67977668606895], [52.0, 2.0, 2.0, 60.0, 174.34828881122837], [52.0, 2.0, 2.0, 60.0, 181.30260874245792], [445.0, 2.0, 1.0, 30.0, 186.72302338228388], [68.0, 2.0, 2.0, 60.0, 187.08816512218607], [55.0, 2.0, 2.0, 60.0, 192.75850263079985], [27.0, 2.0, 2.0, 60.0, 199.5301925701257], [129.0, 1.0, 1.0, 30.0, 205.14039082741283], [45.0, 2.0, 2.0, 60.0, 206.54063642859495], [22.0, 2.0, 1.0, 30.0, 208.1453173837751], [17.0, 1.0, 1.0, 30.0, 208.9739969202831], [24.0, 3.0, 1.0, 30.0, 210.74581448374042], [18.0, 1.0, 1.0, 30.0, 210.85151326578935], [59.0, 2.0, 3.0, 120.0, 211.68829524636791], [58.0, 2.0, 2.0, 60.0, 218.2635794691037], [79.0, 2.0, 2.0, 60.0, 238.24236082502787], [79.0, 1.0, 2.0, 60.0, 241.06005128697106], [91.0, 1.0, 1.0, 30.0, 242.4802497949752], [62.0, 2.0, 2.0, 60.0, 244.4690310645114], [134.0, 3.0, 2.0, 60.0, 246.27574217918595], [80.0, 2.0, 2.0, 60.0, 246.92391019530396], [22.0, 2.0, 2.0, 60.0, 252.340535869662], [79.0, 1.0, 1.0, 30.0, 259.21978013724924], [107.0, 2.0, 2.0, 60.0, 266.7588257904633], [53.0, 2.0, 2.0, 60.0, 293.3082397692622], [55.0, 3.0, 1.0, 30.0, 303.841540943146], [17.0, 1.0, 1.0, 30.0, 312.06587014562393], [46.0, 3.0, 2.0, 60.0, 317.28332755550696], [84.0, 1.0, 1.0, 30.0, 320.2459485503109], [29.0, 3.0, 1.0, 30.0, 320.46821633167013], [93.0, 2.0, 2.0, 60.0, 325.25123026577114], [10.0, 1.0, 1.0, 30.0, 328.35814570323583], [72.0, 3.0, 1.0, 30.0, 335.8979525787838], [105.0, 1.0, 2.0, 60.0, 346.037960484565], [9.0, 3.0, 1.0, 30.0, 347.69830455805135], [66.0, 2.0, 1.0, 30.0, 347.94705816407], [12.0, 2.0, 2.0, 60.0, 352.5711693396838], [64.0, 1.0, 2.0, 60.0, 365.3382663386541], [134.0, 3.0, 2.0, 60.0, 369.44362432169635], [99.0, 2.0, 2.0, 60.0, 380.09833875091823], [28.0, 1.0, 1.0, 30.0, 383.8634124776174], [86.0, 2.0, 2.0, 60.0, 390.4333827158369], [100.0, 3.0, 3.0, 120.0, 391.8772976892559], [111.0, 1.0, 1.0, 30.0, 392.54938394344936], [19.0, 1.0, 1.0, 30.0, 393.26178810715084], [100.0, 3.0, 3.0, 120.0, 393.85019969752625], [47.0, 2.0, 2.0, 60.0, 394.1235652920939], [100.0, 2.0, 3.0, 120.0, 402.7065312495663], [272.0, 1.0, 1.0, 30.0, 404.9496062434009], [40.0, 2.0, 2.0, 60.0, 406.8802625567264], [81.0, 1.0, 2.0, 60.0, 411.5550592296831], [13.0, 2.0, 2.0, 60.0, 412.491396507024], [60.0, 2.0, 2.0, 60.0, 422.0828587162822], [92.0, 2.0, 2.0, 60.0, 428.54263891348444], [5.0, 1.0, 1.0, 30.0, 430.18884989348794], [32.0, 2.0, 2.0, 60.0, 431.1918089653501], [115.0, 3.0, 1.0, 30.0, 433.84690701169285]]",[88],"[[2, 0], [0, 3, 0], [0]]",[1],200,10
110,310.88910111983625,0.030354571342468262,0.2038593023357072,0.3208580243646526,0.1460423238941247,22.72369040859258,0.0,35.76524753708992,24.28455659063467,86,0.0,0.0,1.1501093352224639e-15,"[2, 0, 0]","[8.330354896030295, 14.989389046678745, 7.918488577774759]",6,6000,"[[ 0.          8.80219185 11.14675178  9.42826986  8.59966528]
 [ 8.80219185  0.          2.45579614  1.56815298  0.89125763]
 [11.14675178  2.45579614  0.          2.65494248  3.34705377]
 [ 9.42826986  1.56815298  2.65494248  0.          1.48857846]
 [ 8.59966528  0.89125763  3.34705377  1.48857846  0.        ]]","[[20.0, 2.0, 2.0, 60.0, 0.0], [45.0, 1.0, 2.0, 60.0, 0.0], [100.0, 2.0, 2.0, 60.0, 0.0], [46.0, 2.0, 1.0, 30.0, 0.0], [29.0, 3.0, 1.0, 30.0, 0.0], [89.0, 2.0, 2.0, 60.0, 0.0], [21.0, 1.0, 2.0, 60.0, 0.0], [110.0, 1.0, 1.0, 30.0, 0.0], [30.0, 2.0, 2.0, 60.0, 0.0], [53.0, 2.0, 2.0, 60.0, 0.0], [35.0, 3.0, 1.0, 30.0, 0.0], [29.0, 3.0, 1.0, 30.0, 0.0], [85.0, 3.0, 2.0, 60.0, 0.0], [21.0, 3.0, 2.0, 60.0, 0.0], [48.0, 2.0, 2.0, 60.0, 0.0], [45.0, 2.0, 2.0, 60.0, 0.0], [88.0, 3.0, 3.0, 120.0, 0.0], [58.0, 2.0, 2.0, 60.0, 0.0], [141.0, 1.0, 2.0, 60.0, 0.0], [445.0, 1.0, 1.0, 30.0, 0.0], [55.0, 2.0, 2.0, 60.0, 0.0], [100.0, 1.0, 3.0, 120.0, 0.0], [25.0, 2.0, 2.0, 60.0, 0.0], [4.0, 1.0, 1.0, 30.0, 0.0], [73.0, 3.0, 2.0, 60.0, 12.021043019829973], [11.0, 1.0, 2.0, 60.0, 23.70199129895224], [24.0, 2.0, 2.0, 60.0, 35.625796298323515], [80.0, 2.0, 2.0, 60.0, 37.02476774758143], [16.0, 2.0, 1.0, 30.0, 37.456954746073315], [45.0, 2.0, 2.0, 60.0, 44.72025732460407], [47.0, 2.0, 2.0, 60.0, 51.770060795891936], [104.0, 2.0, 2.0, 60.0, 67.39154057863942], [79.0, 2.0, 2.0, 60.0, 67.78801156455697], [65.0, 2.0, 2.0, 60.0, 73.02081579727279], [10.0, 3.0, 1.0, 30.0, 73.37299733126183], [92.0, 2.0, 2.0, 60.0, 78.81811547138163], [34.0, 2.0, 2.0, 60.0, 87.47475223580068], [23.0, 1.0, 1.0, 30.0, 89.40922635875023], [55.0, 2.0, 2.0, 60.0, 95.5671546720581], [184.0, 3.0, 2.0, 60.0, 96.33602094118923], [121.0, 3.0, 2.0, 60.0, 96.7939072781402], [61.0, 2.0, 2.0, 60.0, 98.36980328880216], [90.0, 2.0, 2.0, 60.0, 102.87579966565295], [18.0, 1.0, 1.0, 30.0, 104.9407263143454], [13.0, 1.0, 1.0, 30.0, 111.17765606341352], [184.0, 2.0, 2.0, 60.0, 112.29553792447513], [59.0, 3.0, 2.0, 60.0, 121.48538924519744], [87.0, 3.0, 1.0, 30.0, 127.62081856126873], [76.0, 1.0, 1.0, 30.0, 130.89979933108373], [64.0, 2.0, 2.0, 60.0, 132.98523286264282], [79.0, 1.0, 1.0, 30.0, 135.25183130913413], [74.0, 1.0, 1.0, 30.0, 135.6372170444124], [132.0, 1.0, 1.0, 30.0, 136.53537831628518], [13.0, 1.0, 1.0, 30.0, 139.96198057430644], [37.0, 1.0, 1.0, 30.0, 141.90538175510554], [3.0, 1.0, 2.0, 60.0, 148.22641604293108], [105.0, 1.0, 1.0, 30.0, 151.7688691800117], [19.0, 2.0, 2.0, 60.0, 152.9585189515018], [17.0, 2.0, 2.0, 60.0, 155.26396063278915], [45.0, 3.0, 2.0, 60.0, 158.4717443187417], [41.0, 2.0, 2.0, 60.0, 160.19091112593068], [14.0, 3.0, 2.0, 60.0, 161.80046723046223], [40.0, 2.0, 2.0, 60.0, 166.19504064142495], [119.0, 2.0, 2.0, 60.0, 167.67977668606895], [52.0, 2.0, 2.0, 60.0, 174.34828881122837], [52.0, 2.0, 2.0, 60.0, 181.30260874245792], [445.0, 2.0, 1.0, 30.0, 186.72302338228388], [68.0, 2.0, 2.0, 60.0, 187.08816512218607], [55.0, 2.0, 2.0, 60.0, 192.75850263079985], [27.0, 2.0, 2.0, 60.0, 199.5301925701257], [129.0, 1.0, 1.0, 30.0, 205.14039082741283], [45.0, 2.0, 2.0, 60.0, 206.54063642859495], [22.0, 2.0, 1.0, 30.0, 208.1453173837751], [17.0, 1.0, 1.0, 30.0, 208.9739969202831], [24.0, 3.0, 1.0, 30.0, 210.74581448374042], [18.0, 1.0, 1.0, 30.0, 210.85151326578935], [59.0, 2.0, 3.0, 120.0, 211.68829524636791], [58.0, 2.0, 2.0, 60.0, 218.2635794691037], [79.0, 2.0, 2.0, 60.0, 238.24236082502787], [79.0, 1.0, 2.0, 60.0, 241.06005128697106], [91.0, 1.0, 1.0, 30.0, 242.4802497949752], [62.0, 2.0, 2.0, 60.0, 244.4690310645114], [134.0, 3.0, 2.0, 60.0, 246.27574217918595], [80.0, 2.0, 2.0, 60.0, 246.92391019530396], [22.0, 2.0, 2.0, 60.0, 252.340535869662], [79.0, 1.0, 1.0, 30.0, 259.21978013724924], [107.0, 2.0, 2.0, 60.0, 266.7588257904633], [53.0, 2.0, 2.0, 60.0, 293.3082397692622], [55.0, 3.0, 1.0, 30.0, 303.841540943146], [17.0, 1.0, 1.0, 30.0, 312.06587014562393], [46.0, 3.0, 2.0, 60.0, 317.28332755550696], [84.0, 1.0, 1.0, 30.0, 320.2459485503109], [29.0, 3.0, 1.0, 30.0, 320.46821633167013], [93.0, 2.0, 2.0, 60.0, 325.25123026577114], [10.0, 1.0, 1.0, 30.0, 328.35814570323583], [72.0, 3.0, 1.0, 30.0, 335.8979525787838], [105.0, 1.0, 2.0, 60.0, 346.037960484565], [9.0, 3.0, 1.0, 30.0, 347.69830455805135], [66.0, 2.0, 1.0, 30.0, 347.94705816407], [12.0, 2.0, 2.0, 60.0, 352.5711693396838], [64.0, 1.0, 2.0, 60.0, 365.3382663386541], [134.0, 3.0, 2.0, 60.0, 369.44362432169635], [99.0, 2.0, 2.0, 60.0, 380.09833875091823], [28.0, 1.0, 1.0, 30.0, 383.8634124776174], [86.0, 2.0, 2.0, 60.0, 390.4333827158369], [100.0, 3.0, 3.0, 120.0, 391.8772976892559], [111.0, 1.0, 1.0, 30.0, 392.54938394344936], [19.0, 1.0, 1.0, 30.0, 393.26178810715084], [100.0, 3.0, 3.0, 120.0, 393.85019969752625], [47.0, 2.0, 2.0, 60.0, 394.1235652920939], [100.0, 2.0, 3.0, 120.0, 402.7065312495663], [272.0, 1.0, 1.0, 30.0, 404.9496062434009], [40.0, 2.0, 2.0, 60.0, 406.8802625567264], [81.0, 1.0, 2.0, 60.0, 411.5550592296831], [13.0, 2.0, 2.0, 60.0, 412.491396507024], [60.0, 2.0, 2.0, 60.0, 422.0828587162822], [92.0, 2.0, 2.0, 60.0, 428.54263891348444], [5.0, 1.0, 1.0, 30.0, 430.18884989348794], [32.0, 2.0, 2.0, 60.0, 431.1918089653501], [115.0, 3.0, 1.0, 30.0, 433.84690701169285]]",[88],"[[2, 0], [0, 3, 0], [0]]",[1],200,10
111,312.9194556911787,0.01141419808069865,0.218508491804761,7.2645380760603215,4.83683473533918,24.476937379491815,0.0,813.7607930475319,819.0428689665989,20,0.198,0.6609681744230196,7.65679285162265e-12,"[2, 0, 0]","[8.330354896030295, 14.989389046678745, 9.948843149117227]",6,6000,"[[ 0.          8.74602818 11.20182432  9.5840605   8.66174758]
 [ 8.74602818  0.          2.45579614  1.40307453  0.63852819]
 [11.20182432  2.45579614  0.          2.65494248  3.09432433]
 [ 9.5840605   1.40307453  2.65494248  0.          1.4765605 ]
 [ 8.66174758  0.63852819  3.09432433  1.4765605   0.        ]]","[[20.0, 2.0, 2.0, 60.0, 0.0], [45.0, 1.0, 2.0, 60.0, 0.0], [100.0, 2.0, 2.0, 60.0, 0.0], [46.0, 2.0, 1.0, 30.0, 0.0], [29.0, 3.0, 1.0, 30.0, 0.0], [89.0, 2.0, 2.0, 60.0, 0.0], [21.0, 1.0, 2.0, 60.0, 0.0], [110.0, 1.0, 1.0, 30.0, 0.0], [30.0, 2.0, 2.0, 60.0, 0.0], [53.0, 2.0, 2.0, 60.0, 0.0], [35.0, 3.0, 1.0, 30.0, 0.0], [29.0, 3.0, 1.0, 30.0, 0.0], [85.0, 3.0, 2.0, 60.0, 0.0], [21.0, 3.0, 2.0, 60.0, 0.0], [48.0, 2.0, 2.0, 60.0, 0.0], [45.0, 2.0, 2.0, 60.0, 0.0], [88.0, 3.0, 3.0, 120.0, 0.0], [58.0, 2.0, 2.0, 60.0, 0.0], [141.0, 1.0, 2.0, 60.0, 0.0], [445.0, 1.0, 1.0, 30.0, 0.0], [55.0, 2.0, 2.0, 60.0, 0.0], [100.0, 1.0, 3.0, 120.0, 0.0], [25.0, 2.0, 2.0, 60.0, 0.0], [4.0, 1.0, 1.0, 30.0, 0.0], [73.0, 3.0, 2.0, 60.0, 12.021043019829973], [11.0, 1.0, 2.0, 60.0, 23.70199129895224], [24.0, 2.0, 2.0, 60.0, 35.625796298323515], [80.0, 2.0, 2.0, 60.0, 37.02476774758143], [16.0, 2.0, 1.0, 30.0, 37.456954746073315], [45.0, 2.0, 2.0, 60.0, 44.72025732460407], [47.0, 2.0, 2.0, 60.0, 51.770060795891936], [104.0, 2.0, 2.0, 60.0, 67.39154057863942], [79.0, 2.0, 2.0, 60.0, 67.78801156455697], [65.0, 2.0, 2.0, 60.0, 73.02081579727279], [10.0, 3.0, 1.0, 30.0, 73.37299733126183], [92.0, 2.0, 2.0, 60.0, 78.81811547138163], [34.0, 2.0, 2.0, 60.0, 87.47475223580068], [23.0, 1.0, 1.0, 30.0, 89.40922635875023], [55.0, 2.0, 2.0, 60.0, 95.5671546720581], [184.0, 3.0, 2.0, 60.0, 96.33602094118923], [121.0, 3.0, 2.0, 60.0, 96.7939072781402], [61.0, 2.0, 2.0, 60.0, 98.36980328880216], [90.0, 2.0, 2.0, 60.0, 102.87579966565295], [18.0, 1.0, 1.0, 30.0, 104.9407263143454], [13.0, 1.0, 1.0, 30.0, 111.17765606341352], [184.0, 2.0, 2.0, 60.0, 112.29553792447513], [59.0, 3.0, 2.0, 60.0, 121.48538924519744], [87.0, 3.0, 1.0, 30.0, 127.62081856126873], [76.0, 1.0, 1.0, 30.0, 130.89979933108373], [64.0, 2.0, 2.0, 60.0, 132.98523286264282], [79.0, 1.0, 1.0, 30.0, 135.25183130913413], [74.0, 1.0, 1.0, 30.0, 135.6372170444124], [132.0, 1.0, 1.0, 30.0, 136.53537831628518], [13.0, 1.0, 1.0, 30.0, 139.96198057430644], [37.0, 1.0, 1.0, 30.0, 141.90538175510554], [3.0, 1.0, 2.0, 60.0, 148.22641604293108], [105.0, 1.0, 1.0, 30.0, 151.7688691800117], [19.0, 2.0, 2.0, 60.0, 152.9585189515018], [17.0, 2.0, 2.0, 60.0, 155.26396063278915], [45.0, 3.0, 2.0, 60.0, 158.4717443187417], [41.0, 2.0, 2.0, 60.0, 160.19091112593068], [14.0, 3.0, 2.0, 60.0, 161.80046723046223], [40.0, 2.0, 2.0, 60.0, 166.19504064142495], [119.0, 2.0, 2.0, 60.0, 167.67977668606895], [52.0, 2.0, 2.0, 60.0, 174.34828881122837], [52.0, 2.0, 2.0, 60.0, 181.30260874245792], [445.0, 2.0, 1.0, 30.0, 186.72302338228388], [68.0, 2.0, 2.0, 60.0, 187.08816512218607], [55.0, 2.0, 2.0, 60.0, 192.75850263079985], [27.0, 2.0, 2.0, 60.0, 199.5301925701257], [129.0, 1.0, 1.0, 30.0, 205.14039082741283], [45.0, 2.0, 2.0, 60.0, 206.54063642859495], [22.0, 2.0, 1.0, 30.0, 208.1453173837751], [17.0, 1.0, 1.0, 30.0, 208.9739969202831], [24.0, 3.0, 1.0, 30.0, 210.74581448374042], [18.0, 1.0, 1.0, 30.0, 210.85151326578935], [59.0, 2.0, 3.0, 120.0, 211.68829524636791], [58.0, 2.0, 2.0, 60.0, 218.2635794691037], [79.0, 2.0, 2.0, 60.0, 238.24236082502787], [79.0, 1.0, 2.0, 60.0, 241.06005128697106], [91.0, 1.0, 1.0, 30.0, 242.4802497949752], [62.0, 2.0, 2.0, 60.0, 244.4690310645114], [134.0, 3.0, 2.0, 60.0, 246.27574217918595], [80.0, 2.0, 2.0, 60.0, 246.92391019530396], [22.0, 2.0, 2.0, 60.0, 252.340535869662], [79.0, 1.0, 1.0, 30.0, 259.21978013724924], [107.0, 2.0, 2.0, 60.0, 266.7588257904633], [53.0, 2.0, 2.0, 60.0, 293.3082397692622], [55.0, 3.0, 1.0, 30.0, 303.841540943146], [17.0, 1.0, 1.0, 30.0, 312.06587014562393], [46.0, 3.0, 2.0, 60.0, 317.28332755550696], [84.0, 1.0, 1.0, 30.0, 320.2459485503109], [29.0, 3.0, 1.0, 30.0, 320.46821633167013], [93.0, 2.0, 2.0, 60.0, 325.25123026577114], [10.0, 1.0, 1.0, 30.0, 328.35814570323583], [72.0, 3.0, 1.0, 30.0, 335.8979525787838], [105.0, 1.0, 2.0, 60.0, 346.037960484565], [9.0, 3.0, 1.0, 30.0, 347.69830455805135], [66.0, 2.0, 1.0, 30.0, 347.94705816407], [12.0, 2.0, 2.0, 60.0, 352.5711693396838], [64.0, 1.0, 2.0, 60.0, 365.3382663386541], [134.0, 3.0, 2.0, 60.0, 369.44362432169635], [99.0, 2.0, 2.0, 60.0, 380.09833875091823], [28.0, 1.0, 1.0, 30.0, 383.8634124776174], [86.0, 2.0, 2.0, 60.0, 390.4333827158369], [100.0, 3.0, 3.0, 120.0, 391.8772976892559], [111.0, 1.0, 1.0, 30.0, 392.54938394344936], [19.0, 1.0, 1.0, 30.0, 393.26178810715084], [100.0, 3.0, 3.0, 120.0, 393.85019969752625], [47.0, 2.0, 2.0, 60.0, 394.1235652920939], [100.0, 2.0, 3.0, 120.0, 402.7065312495663], [272.0, 1.0, 1.0, 30.0, 404.9496062434009], [40.0, 2.0, 2.0, 60.0, 406.8802625567264], [81.0, 1.0, 2.0, 60.0, 411.5550592296831], [13.0, 2.0, 2.0, 60.0, 412.491396507024], [60.0, 2.0, 2.0, 60.0, 422.0828587162822], [92.0, 2.0, 2.0, 60.0, 428.54263891348444], [5.0, 1.0, 1.0, 30.0, 430.18884989348794], [32.0, 2.0, 2.0, 60.0, 431.1918089653501], [115.0, 3.0, 1.0, 30.0, 433.84690701169285]]","[88, 89]","[[2, 0], [0, 1, 3, 0], [0]]","[1, 1]",200,10
112,315.9308698892594,0.01016246477762858,0.21069933231172958,7.682039635887829,4.847328937743279,23.065492524356777,0.0,840.9615059018346,881.5462051379328,11,0.22124999999999997,0.6410472162928567,7.581679542684914e-12,"[2, 0, 0]","[8.330354896030295, 14.989389046678745, 12.960257347197926]",6,6000,"[[ 0.          8.60255237 10.9471123   9.15388709  8.53821434]
 [ 8.60255237  0.          2.45579614  1.27100132  0.85939779]
 [10.9471123   2.45579614  0.          2.65823592  3.02821663]
 [ 9.15388709  1.27100132  2.65823592  0.          1.16992033]
 [ 8.53821434  0.85939779  3.02821663  1.16992033  0.        ]]","[[20.0, 2.0, 2.0, 60.0, 0.0], [45.0, 1.0, 2.0, 60.0, 0.0], [100.0, 2.0, 2.0, 60.0, 0.0], [46.0, 2.0, 1.0, 30.0, 0.0], [29.0, 3.0, 1.0, 30.0, 0.0], [89.0, 2.0, 2.0, 60.0, 0.0], [21.0, 1.0, 2.0, 60.0, 0.0], [110.0, 1.0, 1.0, 30.0, 0.0], [30.0, 2.0, 2.0, 60.0, 0.0], [53.0, 2.0, 2.0, 60.0, 0.0], [35.0, 3.0, 1.0, 30.0, 0.0], [29.0, 3.0, 1.0, 30.0, 0.0], [85.0, 3.0, 2.0, 60.0, 0.0], [21.0, 3.0, 2.0, 60.0, 0.0], [48.0, 2.0, 2.0, 60.0, 0.0], [45.0, 2.0, 2.0, 60.0, 0.0], [88.0, 3.0, 3.0, 120.0, 0.0], [58.0, 2.0, 2.0, 60.0, 0.0], [141.0, 1.0, 2.0, 60.0, 0.0], [445.0, 1.0, 1.0, 30.0, 0.0], [55.0, 2.0, 2.0, 60.0, 0.0], [100.0, 1.0, 3.0, 120.0, 0.0], [25.0, 2.0, 2.0, 60.0, 0.0], [4.0, 1.0, 1.0, 30.0, 0.0], [73.0, 3.0, 2.0, 60.0, 12.021043019829973], [11.0, 1.0, 2.0, 60.0, 23.70199129895224], [24.0, 2.0, 2.0, 60.0, 35.625796298323515], [80.0, 2.0, 2.0, 60.0, 37.02476774758143], [16.0, 2.0, 1.0, 30.0, 37.456954746073315], [45.0, 2.0, 2.0, 60.0, 44.72025732460407], [47.0, 2.0, 2.0, 60.0, 51.770060795891936], [104.0, 2.0, 2.0, 60.0, 67.39154057863942], [79.0, 2.0, 2.0, 60.0, 67.78801156455697], [65.0, 2.0, 2.0, 60.0, 73.02081579727279], [10.0, 3.0, 1.0, 30.0, 73.37299733126183], [92.0, 2.0, 2.0, 60.0, 78.81811547138163], [34.0, 2.0, 2.0, 60.0, 87.47475223580068], [23.0, 1.0, 1.0, 30.0, 89.40922635875023], [55.0, 2.0, 2.0, 60.0, 95.5671546720581], [184.0, 3.0, 2.0, 60.0, 96.33602094118923], [121.0, 3.0, 2.0, 60.0, 96.7939072781402], [61.0, 2.0, 2.0, 60.0, 98.36980328880216], [90.0, 2.0, 2.0, 60.0, 102.87579966565295], [18.0, 1.0, 1.0, 30.0, 104.9407263143454], [13.0, 1.0, 1.0, 30.0, 111.17765606341352], [184.0, 2.0, 2.0, 60.0, 112.29553792447513], [59.0, 3.0, 2.0, 60.0, 121.48538924519744], [87.0, 3.0, 1.0, 30.0, 127.62081856126873], [76.0, 1.0, 1.0, 30.0, 130.89979933108373], [64.0, 2.0, 2.0, 60.0, 132.98523286264282], [79.0, 1.0, 1.0, 30.0, 135.25183130913413], [74.0, 1.0, 1.0, 30.0, 135.6372170444124], [132.0, 1.0, 1.0, 30.0, 136.53537831628518], [13.0, 1.0, 1.0, 30.0, 139.96198057430644], [37.0, 1.0, 1.0, 30.0, 141.90538175510554], [3.0, 1.0, 2.0, 60.0, 148.22641604293108], [105.0, 1.0, 1.0, 30.0, 151.7688691800117], [19.0, 2.0, 2.0, 60.0, 152.9585189515018], [17.0, 2.0, 2.0, 60.0, 155.26396063278915], [45.0, 3.0, 2.0, 60.0, 158.4717443187417], [41.0, 2.0, 2.0, 60.0, 160.19091112593068], [14.0, 3.0, 2.0, 60.0, 161.80046723046223], [40.0, 2.0, 2.0, 60.0, 166.19504064142495], [119.0, 2.0, 2.0, 60.0, 167.67977668606895], [52.0, 2.0, 2.0, 60.0, 174.34828881122837], [52.0, 2.0, 2.0, 60.0, 181.30260874245792], [445.0, 2.0, 1.0, 30.0, 186.72302338228388], [68.0, 2.0, 2.0, 60.0, 187.08816512218607], [55.0, 2.0, 2.0, 60.0, 192.75850263079985], [27.0, 2.0, 2.0, 60.0, 199.5301925701257], [129.0, 1.0, 1.0, 30.0, 205.14039082741283], [45.0, 2.0, 2.0, 60.0, 206.54063642859495], [22.0, 2.0, 1.0, 30.0, 208.1453173837751], [17.0, 1.0, 1.0, 30.0, 208.9739969202831], [24.0, 3.0, 1.0, 30.0, 210.74581448374042], [18.0, 1.0, 1.0, 30.0, 210.85151326578935], [59.0, 2.0, 3.0, 120.0, 211.68829524636791], [58.0, 2.0, 2.0, 60.0, 218.2635794691037], [79.0, 2.0, 2.0, 60.0, 238.24236082502787], [79.0, 1.0, 2.0, 60.0, 241.06005128697106], [91.0, 1.0, 1.0, 30.0, 242.4802497949752], [62.0, 2.0, 2.0, 60.0, 244.4690310645114], [134.0, 3.0, 2.0, 60.0, 246.27574217918595], [80.0, 2.0, 2.0, 60.0, 246.92391019530396], [22.0, 2.0, 2.0, 60.0, 252.340535869662], [79.0, 1.0, 1.0, 30.0, 259.21978013724924], [107.0, 2.0, 2.0, 60.0, 266.7588257904633], [53.0, 2.0, 2.0, 60.0, 293.3082397692622], [55.0, 3.0, 1.0, 30.0, 303.841540943146], [17.0, 1.0, 1.0, 30.0, 312.06587014562393], [46.0, 3.0, 2.0, 60.0, 317.28332755550696], [84.0, 1.0, 1.0, 30.0, 320.2459485503109], [29.0, 3.0, 1.0, 30.0, 320.46821633167013], [93.0, 2.0, 2.0, 60.0, 325.25123026577114], [10.0, 1.0, 1.0, 30.0, 328.35814570323583], [72.0, 3.0, 1.0, 30.0, 335.8979525787838], [105.0, 1.0, 2.0, 60.0, 346.037960484565], [9.0, 3.0, 1.0, 30.0, 347.69830455805135], [66.0, 2.0, 1.0, 30.0, 347.94705816407], [12.0, 2.0, 2.0, 60.0, 352.5711693396838], [64.0, 1.0, 2.0, 60.0, 365.3382663386541], [134.0, 3.0, 2.0, 60.0, 369.44362432169635], [99.0, 2.0, 2.0, 60.0, 380.09833875091823], [28.0, 1.0, 1.0, 30.0, 383.8634124776174], [86.0, 2.0, 2.0, 60.0, 390.4333827158369], [100.0, 3.0, 3.0, 120.0, 391.8772976892559], [111.0, 1.0, 1.0, 30.0, 392.54938394344936], [19.0, 1.0, 1.0, 30.0, 393.26178810715084], [100.0, 3.0, 3.0, 120.0, 393.85019969752625], [47.0, 2.0, 2.0, 60.0, 394.1235652920939], [100.0, 2.0, 3.0, 120.0, 402.7065312495663], [272.0, 1.0, 1.0, 30.0, 404.9496062434009], [40.0, 2.0, 2.0, 60.0, 406.8802625567264], [81.0, 1.0, 2.0, 60.0, 411.5550592296831], [13.0, 2.0, 2.0, 60.0, 412.491396507024], [60.0, 2.0, 2.0, 60.0, 422.0828587162822], [92.0, 2.0, 2.0, 60.0, 428.54263891348444], [5.0, 1.0, 1.0, 30.0, 430.18884989348794], [32.0, 2.0, 2.0, 60.0, 431.1918089653501], [115.0, 3.0, 1.0, 30.0, 433.84690701169285]]","[88, 89]","[[2, 0], [0, 1, 3, 0], [0]]","[1, 1]",200,10
113,316.941032354037,0.008054705460866292,0.1902378194189087,7.522790154622255,4.314586345082157,21.175399973465566,0.0,837.3628909706775,886.5508883525687,1,0.27875,0.8485481782946158,4.1083376077743305e-16,"[2, 3, 0]","[8.330354896030295, 14.989389046678745, 13.970419811975555]",6,6000,"[[ 0.          8.78645495 11.13101487  9.33778966  8.72211692]
 [ 8.78645495  0.          2.45579614  1.27100132  0.85939779]
 [11.13101487  2.45579614  0.          2.65823592  3.02821663]
 [ 9.33778966  1.27100132  2.65823592  0.          1.16992033]
 [ 8.72211692  0.85939779  3.02821663  1.16992033  0.        ]]","[[20.0, 2.0, 2.0, 60.0, 0.0], [45.0, 1.0, 2.0, 60.0, 0.0], [100.0, 2.0, 2.0, 60.0, 0.0], [46.0, 2.0, 1.0, 30.0, 0.0], [29.0, 3.0, 1.0, 30.0, 0.0], [89.0, 2.0, 2.0, 60.0, 0.0], [21.0, 1.0, 2.0, 60.0, 0.0], [110.0, 1.0, 1.0, 30.0, 0.0], [30.0, 2.0, 2.0, 60.0, 0.0], [53.0, 2.0, 2.0, 60.0, 0.0], [35.0, 3.0, 1.0, 30.0, 0.0], [29.0, 3.0, 1.0, 30.0, 0.0], [85.0, 3.0, 2.0, 60.0, 0.0], [21.0, 3.0, 2.0, 60.0, 0.0], [48.0, 2.0, 2.0, 60.0, 0.0], [45.0, 2.0, 2.0, 60.0, 0.0], [88.0, 3.0, 3.0, 120.0, 0.0], [58.0, 2.0, 2.0, 60.0, 0.0], [141.0, 1.0, 2.0, 60.0, 0.0], [445.0, 1.0, 1.0, 30.0, 0.0], [55.0, 2.0, 2.0, 60.0, 0.0], [100.0, 1.0, 3.0, 120.0, 0.0], [25.0, 2.0, 2.0, 60.0, 0.0], [4.0, 1.0, 1.0, 30.0, 0.0], [73.0, 3.0, 2.0, 60.0, 12.021043019829973], [11.0, 1.0, 2.0, 60.0, 23.70199129895224], [24.0, 2.0, 2.0, 60.0, 35.625796298323515], [80.0, 2.0, 2.0, 60.0, 37.02476774758143], [16.0, 2.0, 1.0, 30.0, 37.456954746073315], [45.0, 2.0, 2.0, 60.0, 44.72025732460407], [47.0, 2.0, 2.0, 60.0, 51.770060795891936], [104.0, 2.0, 2.0, 60.0, 67.39154057863942], [79.0, 2.0, 2.0, 60.0, 67.78801156455697], [65.0, 2.0, 2.0, 60.0, 73.02081579727279], [10.0, 3.0, 1.0, 30.0, 73.37299733126183], [92.0, 2.0, 2.0, 60.0, 78.81811547138163], [34.0, 2.0, 2.0, 60.0, 87.47475223580068], [23.0, 1.0, 1.0, 30.0, 89.40922635875023], [55.0, 2.0, 2.0, 60.0, 95.5671546720581], [184.0, 3.0, 2.0, 60.0, 96.33602094118923], [121.0, 3.0, 2.0, 60.0, 96.7939072781402], [61.0, 2.0, 2.0, 60.0, 98.36980328880216], [90.0, 2.0, 2.0, 60.0, 102.87579966565295], [18.0, 1.0, 1.0, 30.0, 104.9407263143454], [13.0, 1.0, 1.0, 30.0, 111.17765606341352], [184.0, 2.0, 2.0, 60.0, 112.29553792447513], [59.0, 3.0, 2.0, 60.0, 121.48538924519744], [87.0, 3.0, 1.0, 30.0, 127.62081856126873], [76.0, 1.0, 1.0, 30.0, 130.89979933108373], [64.0, 2.0, 2.0, 60.0, 132.98523286264282], [79.0, 1.0, 1.0, 30.0, 135.25183130913413], [74.0, 1.0, 1.0, 30.0, 135.6372170444124], [132.0, 1.0, 1.0, 30.0, 136.53537831628518], [13.0, 1.0, 1.0, 30.0, 139.96198057430644], [37.0, 1.0, 1.0, 30.0, 141.90538175510554], [3.0, 1.0, 2.0, 60.0, 148.22641604293108], [105.0, 1.0, 1.0, 30.0, 151.7688691800117], [19.0, 2.0, 2.0, 60.0, 152.9585189515018], [17.0, 2.0, 2.0, 60.0, 155.26396063278915], [45.0, 3.0, 2.0, 60.0, 158.4717443187417], [41.0, 2.0, 2.0, 60.0, 160.19091112593068], [14.0, 3.0, 2.0, 60.0, 161.80046723046223], [40.0, 2.0, 2.0, 60.0, 166.19504064142495], [119.0, 2.0, 2.0, 60.0, 167.67977668606895], [52.0, 2.0, 2.0, 60.0, 174.34828881122837], [52.0, 2.0, 2.0, 60.0, 181.30260874245792], [445.0, 2.0, 1.0, 30.0, 186.72302338228388], [68.0, 2.0, 2.0, 60.0, 187.08816512218607], [55.0, 2.0, 2.0, 60.0, 192.75850263079985], [27.0, 2.0, 2.0, 60.0, 199.5301925701257], [129.0, 1.0, 1.0, 30.0, 205.14039082741283], [45.0, 2.0, 2.0, 60.0, 206.54063642859495], [22.0, 2.0, 1.0, 30.0, 208.1453173837751], [17.0, 1.0, 1.0, 30.0, 208.9739969202831], [24.0, 3.0, 1.0, 30.0, 210.74581448374042], [18.0, 1.0, 1.0, 30.0, 210.85151326578935], [59.0, 2.0, 3.0, 120.0, 211.68829524636791], [58.0, 2.0, 2.0, 60.0, 218.2635794691037], [79.0, 2.0, 2.0, 60.0, 238.24236082502787], [79.0, 1.0, 2.0, 60.0, 241.06005128697106], [91.0, 1.0, 1.0, 30.0, 242.4802497949752], [62.0, 2.0, 2.0, 60.0, 244.4690310645114], [134.0, 3.0, 2.0, 60.0, 246.27574217918595], [80.0, 2.0, 2.0, 60.0, 246.92391019530396], [22.0, 2.0, 2.0, 60.0, 252.340535869662], [79.0, 1.0, 1.0, 30.0, 259.21978013724924], [107.0, 2.0, 2.0, 60.0, 266.7588257904633], [53.0, 2.0, 2.0, 60.0, 293.3082397692622], [55.0, 3.0, 1.0, 30.0, 303.841540943146], [17.0, 1.0, 1.0, 30.0, 312.06587014562393], [46.0, 3.0, 2.0, 60.0, 317.28332755550696], [84.0, 1.0, 1.0, 30.0, 320.2459485503109], [29.0, 3.0, 1.0, 30.0, 320.46821633167013], [93.0, 2.0, 2.0, 60.0, 325.25123026577114], [10.0, 1.0, 1.0, 30.0, 328.35814570323583], [72.0, 3.0, 1.0, 30.0, 335.8979525787838], [105.0, 1.0, 2.0, 60.0, 346.037960484565], [9.0, 3.0, 1.0, 30.0, 347.69830455805135], [66.0, 2.0, 1.0, 30.0, 347.94705816407], [12.0, 2.0, 2.0, 60.0, 352.5711693396838], [64.0, 1.0, 2.0, 60.0, 365.3382663386541], [134.0, 3.0, 2.0, 60.0, 369.44362432169635], [99.0, 2.0, 2.0, 60.0, 380.09833875091823], [28.0, 1.0, 1.0, 30.0, 383.8634124776174], [86.0, 2.0, 2.0, 60.0, 390.4333827158369], [100.0, 3.0, 3.0, 120.0, 391.8772976892559], [111.0, 1.0, 1.0, 30.0, 392.54938394344936], [19.0, 1.0, 1.0, 30.0, 393.26178810715084], [100.0, 3.0, 3.0, 120.0, 393.85019969752625], [47.0, 2.0, 2.0, 60.0, 394.1235652920939], [100.0, 2.0, 3.0, 120.0, 402.7065312495663], [272.0, 1.0, 1.0, 30.0, 404.9496062434009], [40.0, 2.0, 2.0, 60.0, 406.8802625567264], [81.0, 1.0, 2.0, 60.0, 411.5550592296831], [13.0, 2.0, 2.0, 60.0, 412.491396507024], [60.0, 2.0, 2.0, 60.0, 422.0828587162822], [92.0, 2.0, 2.0, 60.0, 428.54263891348444], [5.0, 1.0, 1.0, 30.0, 430.18884989348794], [32.0, 2.0, 2.0, 60.0, 431.1918089653501], [115.0, 3.0, 1.0, 30.0, 433.84690701169285]]",[89],"[[2, 0], [3, 0], [0, 1, 0]]",[2],200,10
114,317.9490870594979,0.010487651824951172,0.25005412525585313,4.785615707481063,5.018244631134978,27.122164129755557,0.0,519.0726389633896,557.6368855728101,1,0.1275,0.336872893902297,0.15651673211604708,"[2, 3, 0]","[8.330354896030295, 5.936096887719124, 14.978474517436421]",6,6000,"[[ 0.          8.50195744 10.84651737  9.05329216  8.43761941]
 [ 8.50195744  0.          2.45579614  1.27100132  0.85939779]
 [10.84651737  2.45579614  0.          2.65823592  3.02821663]
 [ 9.05329216  1.27100132  2.65823592  0.          1.16992033]
 [ 8.43761941  0.85939779  3.02821663  1.16992033  0.        ]]","[[20.0, 2.0, 2.0, 60.0, 0.0], [45.0, 1.0, 2.0, 60.0, 0.0], [100.0, 2.0, 2.0, 60.0, 0.0], [46.0, 2.0, 1.0, 30.0, 0.0], [29.0, 3.0, 1.0, 30.0, 0.0], [89.0, 2.0, 2.0, 60.0, 0.0], [21.0, 1.0, 2.0, 60.0, 0.0], [110.0, 1.0, 1.0, 30.0, 0.0], [30.0, 2.0, 2.0, 60.0, 0.0], [53.0, 2.0, 2.0, 60.0, 0.0], [35.0, 3.0, 1.0, 30.0, 0.0], [29.0, 3.0, 1.0, 30.0, 0.0], [85.0, 3.0, 2.0, 60.0, 0.0], [21.0, 3.0, 2.0, 60.0, 0.0], [48.0, 2.0, 2.0, 60.0, 0.0], [45.0, 2.0, 2.0, 60.0, 0.0], [88.0, 3.0, 3.0, 120.0, 0.0], [58.0, 2.0, 2.0, 60.0, 0.0], [141.0, 1.0, 2.0, 60.0, 0.0], [445.0, 1.0, 1.0, 30.0, 0.0], [55.0, 2.0, 2.0, 60.0, 0.0], [100.0, 1.0, 3.0, 120.0, 0.0], [25.0, 2.0, 2.0, 60.0, 0.0], [4.0, 1.0, 1.0, 30.0, 0.0], [73.0, 3.0, 2.0, 60.0, 12.021043019829973], [11.0, 1.0, 2.0, 60.0, 23.70199129895224], [24.0, 2.0, 2.0, 60.0, 35.625796298323515], [80.0, 2.0, 2.0, 60.0, 37.02476774758143], [16.0, 2.0, 1.0, 30.0, 37.456954746073315], [45.0, 2.0, 2.0, 60.0, 44.72025732460407], [47.0, 2.0, 2.0, 60.0, 51.770060795891936], [104.0, 2.0, 2.0, 60.0, 67.39154057863942], [79.0, 2.0, 2.0, 60.0, 67.78801156455697], [65.0, 2.0, 2.0, 60.0, 73.02081579727279], [10.0, 3.0, 1.0, 30.0, 73.37299733126183], [92.0, 2.0, 2.0, 60.0, 78.81811547138163], [34.0, 2.0, 2.0, 60.0, 87.47475223580068], [23.0, 1.0, 1.0, 30.0, 89.40922635875023], [55.0, 2.0, 2.0, 60.0, 95.5671546720581], [184.0, 3.0, 2.0, 60.0, 96.33602094118923], [121.0, 3.0, 2.0, 60.0, 96.7939072781402], [61.0, 2.0, 2.0, 60.0, 98.36980328880216], [90.0, 2.0, 2.0, 60.0, 102.87579966565295], [18.0, 1.0, 1.0, 30.0, 104.9407263143454], [13.0, 1.0, 1.0, 30.0, 111.17765606341352], [184.0, 2.0, 2.0, 60.0, 112.29553792447513], [59.0, 3.0, 2.0, 60.0, 121.48538924519744], [87.0, 3.0, 1.0, 30.0, 127.62081856126873], [76.0, 1.0, 1.0, 30.0, 130.89979933108373], [64.0, 2.0, 2.0, 60.0, 132.98523286264282], [79.0, 1.0, 1.0, 30.0, 135.25183130913413], [74.0, 1.0, 1.0, 30.0, 135.6372170444124], [132.0, 1.0, 1.0, 30.0, 136.53537831628518], [13.0, 1.0, 1.0, 30.0, 139.96198057430644], [37.0, 1.0, 1.0, 30.0, 141.90538175510554], [3.0, 1.0, 2.0, 60.0, 148.22641604293108], [105.0, 1.0, 1.0, 30.0, 151.7688691800117], [19.0, 2.0, 2.0, 60.0, 152.9585189515018], [17.0, 2.0, 2.0, 60.0, 155.26396063278915], [45.0, 3.0, 2.0, 60.0, 158.4717443187417], [41.0, 2.0, 2.0, 60.0, 160.19091112593068], [14.0, 3.0, 2.0, 60.0, 161.80046723046223], [40.0, 2.0, 2.0, 60.0, 166.19504064142495], [119.0, 2.0, 2.0, 60.0, 167.67977668606895], [52.0, 2.0, 2.0, 60.0, 174.34828881122837], [52.0, 2.0, 2.0, 60.0, 181.30260874245792], [445.0, 2.0, 1.0, 30.0, 186.72302338228388], [68.0, 2.0, 2.0, 60.0, 187.08816512218607], [55.0, 2.0, 2.0, 60.0, 192.75850263079985], [27.0, 2.0, 2.0, 60.0, 199.5301925701257], [129.0, 1.0, 1.0, 30.0, 205.14039082741283], [45.0, 2.0, 2.0, 60.0, 206.54063642859495], [22.0, 2.0, 1.0, 30.0, 208.1453173837751], [17.0, 1.0, 1.0, 30.0, 208.9739969202831], [24.0, 3.0, 1.0, 30.0, 210.74581448374042], [18.0, 1.0, 1.0, 30.0, 210.85151326578935], [59.0, 2.0, 3.0, 120.0, 211.68829524636791], [58.0, 2.0, 2.0, 60.0, 218.2635794691037], [79.0, 2.0, 2.0, 60.0, 238.24236082502787], [79.0, 1.0, 2.0, 60.0, 241.06005128697106], [91.0, 1.0, 1.0, 30.0, 242.4802497949752], [62.0, 2.0, 2.0, 60.0, 244.4690310645114], [134.0, 3.0, 2.0, 60.0, 246.27574217918595], [80.0, 2.0, 2.0, 60.0, 246.92391019530396], [22.0, 2.0, 2.0, 60.0, 252.340535869662], [79.0, 1.0, 1.0, 30.0, 259.21978013724924], [107.0, 2.0, 2.0, 60.0, 266.7588257904633], [53.0, 2.0, 2.0, 60.0, 293.3082397692622], [55.0, 3.0, 1.0, 30.0, 303.841540943146], [17.0, 1.0, 1.0, 30.0, 312.06587014562393], [46.0, 3.0, 2.0, 60.0, 317.28332755550696], [84.0, 1.0, 1.0, 30.0, 320.2459485503109], [29.0, 3.0, 1.0, 30.0, 320.46821633167013], [93.0, 2.0, 2.0, 60.0, 325.25123026577114], [10.0, 1.0, 1.0, 30.0, 328.35814570323583], [72.0, 3.0, 1.0, 30.0, 335.8979525787838], [105.0, 1.0, 2.0, 60.0, 346.037960484565], [9.0, 3.0, 1.0, 30.0, 347.69830455805135], [66.0, 2.0, 1.0, 30.0, 347.94705816407], [12.0, 2.0, 2.0, 60.0, 352.5711693396838], [64.0, 1.0, 2.0, 60.0, 365.3382663386541], [134.0, 3.0, 2.0, 60.0, 369.44362432169635], [99.0, 2.0, 2.0, 60.0, 380.09833875091823], [28.0, 1.0, 1.0, 30.0, 383.8634124776174], [86.0, 2.0, 2.0, 60.0, 390.4333827158369], [100.0, 3.0, 3.0, 120.0, 391.8772976892559], [111.0, 1.0, 1.0, 30.0, 392.54938394344936], [19.0, 1.0, 1.0, 30.0, 393.26178810715084], [100.0, 3.0, 3.0, 120.0, 393.85019969752625], [47.0, 2.0, 2.0, 60.0, 394.1235652920939], [100.0, 2.0, 3.0, 120.0, 402.7065312495663], [272.0, 1.0, 1.0, 30.0, 404.9496062434009], [40.0, 2.0, 2.0, 60.0, 406.8802625567264], [81.0, 1.0, 2.0, 60.0, 411.5550592296831], [13.0, 2.0, 2.0, 60.0, 412.491396507024], [60.0, 2.0, 2.0, 60.0, 422.0828587162822], [92.0, 2.0, 2.0, 60.0, 428.54263891348444], [5.0, 1.0, 1.0, 30.0, 430.18884989348794], [32.0, 2.0, 2.0, 60.0, 431.1918089653501], [115.0, 3.0, 1.0, 30.0, 433.84690701169285]]","[89, 90]","[[2, 0], [3, 0], [0, 3, 1, 0]]","[2, 2]",200,10
115,320.9595747113229,0.013541905085245769,0.18799666382804722,7.495535854133175,7.269284615024243,20.391090796737117,0.0,813.0045983774824,981.08405264591,12,0.15625,0.23827254749376203,0.05766446712226097,"[0, 3, 0]","[10.734944945734618, 5.936096887719124, 17.98896216926137]",6,6000,"[[ 0.          8.50195744 10.84651737  9.24076122  8.36020197]
 [ 8.50195744  0.          2.45579614  1.44730782  0.7245272 ]
 [10.84651737  2.45579614  0.          2.65040566  3.17028872]
 [ 9.24076122  1.44730782  2.65040566  0.          1.33279246]
 [ 8.36020197  0.7245272   3.17028872  1.33279246  0.        ]]","[[20.0, 2.0, 2.0, 60.0, 0.0], [45.0, 1.0, 2.0, 60.0, 0.0], [100.0, 2.0, 2.0, 60.0, 0.0], [46.0, 2.0, 1.0, 30.0, 0.0], [29.0, 3.0, 1.0, 30.0, 0.0], [89.0, 2.0, 2.0, 60.0, 0.0], [21.0, 1.0, 2.0, 60.0, 0.0], [110.0, 1.0, 1.0, 30.0, 0.0], [30.0, 2.0, 2.0, 60.0, 0.0], [53.0, 2.0, 2.0, 60.0, 0.0], [35.0, 3.0, 1.0, 30.0, 0.0], [29.0, 3.0, 1.0, 30.0, 0.0], [85.0, 3.0, 2.0, 60.0, 0.0], [21.0, 3.0, 2.0, 60.0, 0.0], [48.0, 2.0, 2.0, 60.0, 0.0], [45.0, 2.0, 2.0, 60.0, 0.0], [88.0, 3.0, 3.0, 120.0, 0.0], [58.0, 2.0, 2.0, 60.0, 0.0], [141.0, 1.0, 2.0, 60.0, 0.0], [445.0, 1.0, 1.0, 30.0, 0.0], [55.0, 2.0, 2.0, 60.0, 0.0], [100.0, 1.0, 3.0, 120.0, 0.0], [25.0, 2.0, 2.0, 60.0, 0.0], [4.0, 1.0, 1.0, 30.0, 0.0], [73.0, 3.0, 2.0, 60.0, 12.021043019829973], [11.0, 1.0, 2.0, 60.0, 23.70199129895224], [24.0, 2.0, 2.0, 60.0, 35.625796298323515], [80.0, 2.0, 2.0, 60.0, 37.02476774758143], [16.0, 2.0, 1.0, 30.0, 37.456954746073315], [45.0, 2.0, 2.0, 60.0, 44.72025732460407], [47.0, 2.0, 2.0, 60.0, 51.770060795891936], [104.0, 2.0, 2.0, 60.0, 67.39154057863942], [79.0, 2.0, 2.0, 60.0, 67.78801156455697], [65.0, 2.0, 2.0, 60.0, 73.02081579727279], [10.0, 3.0, 1.0, 30.0, 73.37299733126183], [92.0, 2.0, 2.0, 60.0, 78.81811547138163], [34.0, 2.0, 2.0, 60.0, 87.47475223580068], [23.0, 1.0, 1.0, 30.0, 89.40922635875023], [55.0, 2.0, 2.0, 60.0, 95.5671546720581], [184.0, 3.0, 2.0, 60.0, 96.33602094118923], [121.0, 3.0, 2.0, 60.0, 96.7939072781402], [61.0, 2.0, 2.0, 60.0, 98.36980328880216], [90.0, 2.0, 2.0, 60.0, 102.87579966565295], [18.0, 1.0, 1.0, 30.0, 104.9407263143454], [13.0, 1.0, 1.0, 30.0, 111.17765606341352], [184.0, 2.0, 2.0, 60.0, 112.29553792447513], [59.0, 3.0, 2.0, 60.0, 121.48538924519744], [87.0, 3.0, 1.0, 30.0, 127.62081856126873], [76.0, 1.0, 1.0, 30.0, 130.89979933108373], [64.0, 2.0, 2.0, 60.0, 132.98523286264282], [79.0, 1.0, 1.0, 30.0, 135.25183130913413], [74.0, 1.0, 1.0, 30.0, 135.6372170444124], [132.0, 1.0, 1.0, 30.0, 136.53537831628518], [13.0, 1.0, 1.0, 30.0, 139.96198057430644], [37.0, 1.0, 1.0, 30.0, 141.90538175510554], [3.0, 1.0, 2.0, 60.0, 148.22641604293108], [105.0, 1.0, 1.0, 30.0, 151.7688691800117], [19.0, 2.0, 2.0, 60.0, 152.9585189515018], [17.0, 2.0, 2.0, 60.0, 155.26396063278915], [45.0, 3.0, 2.0, 60.0, 158.4717443187417], [41.0, 2.0, 2.0, 60.0, 160.19091112593068], [14.0, 3.0, 2.0, 60.0, 161.80046723046223], [40.0, 2.0, 2.0, 60.0, 166.19504064142495], [119.0, 2.0, 2.0, 60.0, 167.67977668606895], [52.0, 2.0, 2.0, 60.0, 174.34828881122837], [52.0, 2.0, 2.0, 60.0, 181.30260874245792], [445.0, 2.0, 1.0, 30.0, 186.72302338228388], [68.0, 2.0, 2.0, 60.0, 187.08816512218607], [55.0, 2.0, 2.0, 60.0, 192.75850263079985], [27.0, 2.0, 2.0, 60.0, 199.5301925701257], [129.0, 1.0, 1.0, 30.0, 205.14039082741283], [45.0, 2.0, 2.0, 60.0, 206.54063642859495], [22.0, 2.0, 1.0, 30.0, 208.1453173837751], [17.0, 1.0, 1.0, 30.0, 208.9739969202831], [24.0, 3.0, 1.0, 30.0, 210.74581448374042], [18.0, 1.0, 1.0, 30.0, 210.85151326578935], [59.0, 2.0, 3.0, 120.0, 211.68829524636791], [58.0, 2.0, 2.0, 60.0, 218.2635794691037], [79.0, 2.0, 2.0, 60.0, 238.24236082502787], [79.0, 1.0, 2.0, 60.0, 241.06005128697106], [91.0, 1.0, 1.0, 30.0, 242.4802497949752], [62.0, 2.0, 2.0, 60.0, 244.4690310645114], [134.0, 3.0, 2.0, 60.0, 246.27574217918595], [80.0, 2.0, 2.0, 60.0, 246.92391019530396], [22.0, 2.0, 2.0, 60.0, 252.340535869662], [79.0, 1.0, 1.0, 30.0, 259.21978013724924], [107.0, 2.0, 2.0, 60.0, 266.7588257904633], [53.0, 2.0, 2.0, 60.0, 293.3082397692622], [55.0, 3.0, 1.0, 30.0, 303.841540943146], [17.0, 1.0, 1.0, 30.0, 312.06587014562393], [46.0, 3.0, 2.0, 60.0, 317.28332755550696], [84.0, 1.0, 1.0, 30.0, 320.2459485503109], [29.0, 3.0, 1.0, 30.0, 320.46821633167013], [93.0, 2.0, 2.0, 60.0, 325.25123026577114], [10.0, 1.0, 1.0, 30.0, 328.35814570323583], [72.0, 3.0, 1.0, 30.0, 335.8979525787838], [105.0, 1.0, 2.0, 60.0, 346.037960484565], [9.0, 3.0, 1.0, 30.0, 347.69830455805135], [66.0, 2.0, 1.0, 30.0, 347.94705816407], [12.0, 2.0, 2.0, 60.0, 352.5711693396838], [64.0, 1.0, 2.0, 60.0, 365.3382663386541], [134.0, 3.0, 2.0, 60.0, 369.44362432169635], [99.0, 2.0, 2.0, 60.0, 380.09833875091823], [28.0, 1.0, 1.0, 30.0, 383.8634124776174], [86.0, 2.0, 2.0, 60.0, 390.4333827158369], [100.0, 3.0, 3.0, 120.0, 391.8772976892559], [111.0, 1.0, 1.0, 30.0, 392.54938394344936], [19.0, 1.0, 1.0, 30.0, 393.26178810715084], [100.0, 3.0, 3.0, 120.0, 393.85019969752625], [47.0, 2.0, 2.0, 60.0, 394.1235652920939], [100.0, 2.0, 3.0, 120.0, 402.7065312495663], [272.0, 1.0, 1.0, 30.0, 404.9496062434009], [40.0, 2.0, 2.0, 60.0, 406.8802625567264], [81.0, 1.0, 2.0, 60.0, 411.5550592296831], [13.0, 2.0, 2.0, 60.0, 412.491396507024], [60.0, 2.0, 2.0, 60.0, 422.0828587162822], [92.0, 2.0, 2.0, 60.0, 428.54263891348444], [5.0, 1.0, 1.0, 30.0, 430.18884989348794], [32.0, 2.0, 2.0, 60.0, 431.1918089653501], [115.0, 3.0, 1.0, 30.0, 433.84690701169285]]","[89, 90, 91, 92]","[[0], [3, 0], [0, 1, 3, 0]]","[2, 2, 2, 2]",200,10
116,325.9731166164081,0.012755668163299561,0.3132205104446225,6.4019009138749245,5.361379847169021,34.414771638875,34.05298492592868,703.4020782769376,901.0369118565962,7,0.22163095238095246,0.489353627208705,0.04970010565755963,"[0, 3, 0]","[15.748486850819864, 5.936096887719124, 11.240088154547722]",6,6000,"[[ 0.          8.55648142 10.98739402  9.16474668  8.28418743]
 [ 8.55648142  0.          2.45579614  1.44730782  0.7245272 ]
 [10.98739402  2.45579614  0.          2.65040566  3.17028872]
 [ 9.16474668  1.44730782  2.65040566  0.          1.33279246]
 [ 8.28418743  0.7245272   3.17028872  1.33279246  0.        ]]","[[20.0, 2.0, 2.0, 60.0, 0.0], [45.0, 1.0, 2.0, 60.0, 0.0], [100.0, 2.0, 2.0, 60.0, 0.0], [46.0, 2.0, 1.0, 30.0, 0.0], [29.0, 3.0, 1.0, 30.0, 0.0], [89.0, 2.0, 2.0, 60.0, 0.0], [21.0, 1.0, 2.0, 60.0, 0.0], [110.0, 1.0, 1.0, 30.0, 0.0], [30.0, 2.0, 2.0, 60.0, 0.0], [53.0, 2.0, 2.0, 60.0, 0.0], [35.0, 3.0, 1.0, 30.0, 0.0], [29.0, 3.0, 1.0, 30.0, 0.0], [85.0, 3.0, 2.0, 60.0, 0.0], [21.0, 3.0, 2.0, 60.0, 0.0], [48.0, 2.0, 2.0, 60.0, 0.0], [45.0, 2.0, 2.0, 60.0, 0.0], [88.0, 3.0, 3.0, 120.0, 0.0], [58.0, 2.0, 2.0, 60.0, 0.0], [141.0, 1.0, 2.0, 60.0, 0.0], [445.0, 1.0, 1.0, 30.0, 0.0], [55.0, 2.0, 2.0, 60.0, 0.0], [100.0, 1.0, 3.0, 120.0, 0.0], [25.0, 2.0, 2.0, 60.0, 0.0], [4.0, 1.0, 1.0, 30.0, 0.0], [73.0, 3.0, 2.0, 60.0, 12.021043019829973], [11.0, 1.0, 2.0, 60.0, 23.70199129895224], [24.0, 2.0, 2.0, 60.0, 35.625796298323515], [80.0, 2.0, 2.0, 60.0, 37.02476774758143], [16.0, 2.0, 1.0, 30.0, 37.456954746073315], [45.0, 2.0, 2.0, 60.0, 44.72025732460407], [47.0, 2.0, 2.0, 60.0, 51.770060795891936], [104.0, 2.0, 2.0, 60.0, 67.39154057863942], [79.0, 2.0, 2.0, 60.0, 67.78801156455697], [65.0, 2.0, 2.0, 60.0, 73.02081579727279], [10.0, 3.0, 1.0, 30.0, 73.37299733126183], [92.0, 2.0, 2.0, 60.0, 78.81811547138163], [34.0, 2.0, 2.0, 60.0, 87.47475223580068], [23.0, 1.0, 1.0, 30.0, 89.40922635875023], [55.0, 2.0, 2.0, 60.0, 95.5671546720581], [184.0, 3.0, 2.0, 60.0, 96.33602094118923], [121.0, 3.0, 2.0, 60.0, 96.7939072781402], [61.0, 2.0, 2.0, 60.0, 98.36980328880216], [90.0, 2.0, 2.0, 60.0, 102.87579966565295], [18.0, 1.0, 1.0, 30.0, 104.9407263143454], [13.0, 1.0, 1.0, 30.0, 111.17765606341352], [184.0, 2.0, 2.0, 60.0, 112.29553792447513], [59.0, 3.0, 2.0, 60.0, 121.48538924519744], [87.0, 3.0, 1.0, 30.0, 127.62081856126873], [76.0, 1.0, 1.0, 30.0, 130.89979933108373], [64.0, 2.0, 2.0, 60.0, 132.98523286264282], [79.0, 1.0, 1.0, 30.0, 135.25183130913413], [74.0, 1.0, 1.0, 30.0, 135.6372170444124], [132.0, 1.0, 1.0, 30.0, 136.53537831628518], [13.0, 1.0, 1.0, 30.0, 139.96198057430644], [37.0, 1.0, 1.0, 30.0, 141.90538175510554], [3.0, 1.0, 2.0, 60.0, 148.22641604293108], [105.0, 1.0, 1.0, 30.0, 151.7688691800117], [19.0, 2.0, 2.0, 60.0, 152.9585189515018], [17.0, 2.0, 2.0, 60.0, 155.26396063278915], [45.0, 3.0, 2.0, 60.0, 158.4717443187417], [41.0, 2.0, 2.0, 60.0, 160.19091112593068], [14.0, 3.0, 2.0, 60.0, 161.80046723046223], [40.0, 2.0, 2.0, 60.0, 166.19504064142495], [119.0, 2.0, 2.0, 60.0, 167.67977668606895], [52.0, 2.0, 2.0, 60.0, 174.34828881122837], [52.0, 2.0, 2.0, 60.0, 181.30260874245792], [445.0, 2.0, 1.0, 30.0, 186.72302338228388], [68.0, 2.0, 2.0, 60.0, 187.08816512218607], [55.0, 2.0, 2.0, 60.0, 192.75850263079985], [27.0, 2.0, 2.0, 60.0, 199.5301925701257], [129.0, 1.0, 1.0, 30.0, 205.14039082741283], [45.0, 2.0, 2.0, 60.0, 206.54063642859495], [22.0, 2.0, 1.0, 30.0, 208.1453173837751], [17.0, 1.0, 1.0, 30.0, 208.9739969202831], [24.0, 3.0, 1.0, 30.0, 210.74581448374042], [18.0, 1.0, 1.0, 30.0, 210.85151326578935], [59.0, 2.0, 3.0, 120.0, 211.68829524636791], [58.0, 2.0, 2.0, 60.0, 218.2635794691037], [79.0, 2.0, 2.0, 60.0, 238.24236082502787], [79.0, 1.0, 2.0, 60.0, 241.06005128697106], [91.0, 1.0, 1.0, 30.0, 242.4802497949752], [62.0, 2.0, 2.0, 60.0, 244.4690310645114], [134.0, 3.0, 2.0, 60.0, 246.27574217918595], [80.0, 2.0, 2.0, 60.0, 246.92391019530396], [22.0, 2.0, 2.0, 60.0, 252.340535869662], [79.0, 1.0, 1.0, 30.0, 259.21978013724924], [107.0, 2.0, 2.0, 60.0, 266.7588257904633], [53.0, 2.0, 2.0, 60.0, 293.3082397692622], [55.0, 3.0, 1.0, 30.0, 303.841540943146], [17.0, 1.0, 1.0, 30.0, 312.06587014562393], [46.0, 3.0, 2.0, 60.0, 317.28332755550696], [84.0, 1.0, 1.0, 30.0, 320.2459485503109], [29.0, 3.0, 1.0, 30.0, 320.46821633167013], [93.0, 2.0, 2.0, 60.0, 325.25123026577114], [10.0, 1.0, 1.0, 30.0, 328.35814570323583], [72.0, 3.0, 1.0, 30.0, 335.8979525787838], [105.0, 1.0, 2.0, 60.0, 346.037960484565], [9.0, 3.0, 1.0, 30.0, 347.69830455805135], [66.0, 2.0, 1.0, 30.0, 347.94705816407], [12.0, 2.0, 2.0, 60.0, 352.5711693396838], [64.0, 1.0, 2.0, 60.0, 365.3382663386541], [134.0, 3.0, 2.0, 60.0, 369.44362432169635], [99.0, 2.0, 2.0, 60.0, 380.09833875091823], [28.0, 1.0, 1.0, 30.0, 383.8634124776174], [86.0, 2.0, 2.0, 60.0, 390.4333827158369], [100.0, 3.0, 3.0, 120.0, 391.8772976892559], [111.0, 1.0, 1.0, 30.0, 392.54938394344936], [19.0, 1.0, 1.0, 30.0, 393.26178810715084], [100.0, 3.0, 3.0, 120.0, 393.85019969752625], [47.0, 2.0, 2.0, 60.0, 394.1235652920939], [100.0, 2.0, 3.0, 120.0, 402.7065312495663], [272.0, 1.0, 1.0, 30.0, 404.9496062434009], [40.0, 2.0, 2.0, 60.0, 406.8802625567264], [81.0, 1.0, 2.0, 60.0, 411.5550592296831], [13.0, 2.0, 2.0, 60.0, 412.491396507024], [60.0, 2.0, 2.0, 60.0, 422.0828587162822], [92.0, 2.0, 2.0, 60.0, 428.54263891348444], [5.0, 1.0, 1.0, 30.0, 430.18884989348794], [32.0, 2.0, 2.0, 60.0, 431.1918089653501], [115.0, 3.0, 1.0, 30.0, 433.84690701169285]]","[89, 90, 91, 92, 93]","[[0], [3, 0], [0, 3, 2, 1, 0]]","[2, 2, 2, 2, 2]",200,10
117,328.9858722845714,0.013121688365936279,0.3393724825140629,12.166815668545555,6.869582641604353,38.149447540696706,81.23950753768685,1367.6927859502332,1673.4367777957307,4,0.19519047619047616,0.4244102472319091,0.04743141825658911,"[0, 0, 0]","[18.761242518983163, 7.919589953832999, 11.240088154547722]",6,6000,"[[ 0.          8.89661298 11.2411729   9.55049099  8.66993174]
 [ 8.89661298  0.          2.45579614  1.44730782  0.7245272 ]
 [11.2411729   2.45579614  0.          2.65040566  3.17028872]
 [ 9.55049099  1.44730782  2.65040566  0.          1.33279246]
 [ 8.66993174  0.7245272   3.17028872  1.33279246  0.        ]]","[[20.0, 2.0, 2.0, 60.0, 0.0], [45.0, 1.0, 2.0, 60.0, 0.0], [100.0, 2.0, 2.0, 60.0, 0.0], [46.0, 2.0, 1.0, 30.0, 0.0], [29.0, 3.0, 1.0, 30.0, 0.0], [89.0, 2.0, 2.0, 60.0, 0.0], [21.0, 1.0, 2.0, 60.0, 0.0], [110.0, 1.0, 1.0, 30.0, 0.0], [30.0, 2.0, 2.0, 60.0, 0.0], [53.0, 2.0, 2.0, 60.0, 0.0], [35.0, 3.0, 1.0, 30.0, 0.0], [29.0, 3.0, 1.0, 30.0, 0.0], [85.0, 3.0, 2.0, 60.0, 0.0], [21.0, 3.0, 2.0, 60.0, 0.0], [48.0, 2.0, 2.0, 60.0, 0.0], [45.0, 2.0, 2.0, 60.0, 0.0], [88.0, 3.0, 3.0, 120.0, 0.0], [58.0, 2.0, 2.0, 60.0, 0.0], [141.0, 1.0, 2.0, 60.0, 0.0], [445.0, 1.0, 1.0, 30.0, 0.0], [55.0, 2.0, 2.0, 60.0, 0.0], [100.0, 1.0, 3.0, 120.0, 0.0], [25.0, 2.0, 2.0, 60.0, 0.0], [4.0, 1.0, 1.0, 30.0, 0.0], [73.0, 3.0, 2.0, 60.0, 12.021043019829973], [11.0, 1.0, 2.0, 60.0, 23.70199129895224], [24.0, 2.0, 2.0, 60.0, 35.625796298323515], [80.0, 2.0, 2.0, 60.0, 37.02476774758143], [16.0, 2.0, 1.0, 30.0, 37.456954746073315], [45.0, 2.0, 2.0, 60.0, 44.72025732460407], [47.0, 2.0, 2.0, 60.0, 51.770060795891936], [104.0, 2.0, 2.0, 60.0, 67.39154057863942], [79.0, 2.0, 2.0, 60.0, 67.78801156455697], [65.0, 2.0, 2.0, 60.0, 73.02081579727279], [10.0, 3.0, 1.0, 30.0, 73.37299733126183], [92.0, 2.0, 2.0, 60.0, 78.81811547138163], [34.0, 2.0, 2.0, 60.0, 87.47475223580068], [23.0, 1.0, 1.0, 30.0, 89.40922635875023], [55.0, 2.0, 2.0, 60.0, 95.5671546720581], [184.0, 3.0, 2.0, 60.0, 96.33602094118923], [121.0, 3.0, 2.0, 60.0, 96.7939072781402], [61.0, 2.0, 2.0, 60.0, 98.36980328880216], [90.0, 2.0, 2.0, 60.0, 102.87579966565295], [18.0, 1.0, 1.0, 30.0, 104.9407263143454], [13.0, 1.0, 1.0, 30.0, 111.17765606341352], [184.0, 2.0, 2.0, 60.0, 112.29553792447513], [59.0, 3.0, 2.0, 60.0, 121.48538924519744], [87.0, 3.0, 1.0, 30.0, 127.62081856126873], [76.0, 1.0, 1.0, 30.0, 130.89979933108373], [64.0, 2.0, 2.0, 60.0, 132.98523286264282], [79.0, 1.0, 1.0, 30.0, 135.25183130913413], [74.0, 1.0, 1.0, 30.0, 135.6372170444124], [132.0, 1.0, 1.0, 30.0, 136.53537831628518], [13.0, 1.0, 1.0, 30.0, 139.96198057430644], [37.0, 1.0, 1.0, 30.0, 141.90538175510554], [3.0, 1.0, 2.0, 60.0, 148.22641604293108], [105.0, 1.0, 1.0, 30.0, 151.7688691800117], [19.0, 2.0, 2.0, 60.0, 152.9585189515018], [17.0, 2.0, 2.0, 60.0, 155.26396063278915], [45.0, 3.0, 2.0, 60.0, 158.4717443187417], [41.0, 2.0, 2.0, 60.0, 160.19091112593068], [14.0, 3.0, 2.0, 60.0, 161.80046723046223], [40.0, 2.0, 2.0, 60.0, 166.19504064142495], [119.0, 2.0, 2.0, 60.0, 167.67977668606895], [52.0, 2.0, 2.0, 60.0, 174.34828881122837], [52.0, 2.0, 2.0, 60.0, 181.30260874245792], [445.0, 2.0, 1.0, 30.0, 186.72302338228388], [68.0, 2.0, 2.0, 60.0, 187.08816512218607], [55.0, 2.0, 2.0, 60.0, 192.75850263079985], [27.0, 2.0, 2.0, 60.0, 199.5301925701257], [129.0, 1.0, 1.0, 30.0, 205.14039082741283], [45.0, 2.0, 2.0, 60.0, 206.54063642859495], [22.0, 2.0, 1.0, 30.0, 208.1453173837751], [17.0, 1.0, 1.0, 30.0, 208.9739969202831], [24.0, 3.0, 1.0, 30.0, 210.74581448374042], [18.0, 1.0, 1.0, 30.0, 210.85151326578935], [59.0, 2.0, 3.0, 120.0, 211.68829524636791], [58.0, 2.0, 2.0, 60.0, 218.2635794691037], [79.0, 2.0, 2.0, 60.0, 238.24236082502787], [79.0, 1.0, 2.0, 60.0, 241.06005128697106], [91.0, 1.0, 1.0, 30.0, 242.4802497949752], [62.0, 2.0, 2.0, 60.0, 244.4690310645114], [134.0, 3.0, 2.0, 60.0, 246.27574217918595], [80.0, 2.0, 2.0, 60.0, 246.92391019530396], [22.0, 2.0, 2.0, 60.0, 252.340535869662], [79.0, 1.0, 1.0, 30.0, 259.21978013724924], [107.0, 2.0, 2.0, 60.0, 266.7588257904633], [53.0, 2.0, 2.0, 60.0, 293.3082397692622], [55.0, 3.0, 1.0, 30.0, 303.841540943146], [17.0, 1.0, 1.0, 30.0, 312.06587014562393], [46.0, 3.0, 2.0, 60.0, 317.28332755550696], [84.0, 1.0, 1.0, 30.0, 320.2459485503109], [29.0, 3.0, 1.0, 30.0, 320.46821633167013], [93.0, 2.0, 2.0, 60.0, 325.25123026577114], [10.0, 1.0, 1.0, 30.0, 328.35814570323583], [72.0, 3.0, 1.0, 30.0, 335.8979525787838], [105.0, 1.0, 2.0, 60.0, 346.037960484565], [9.0, 3.0, 1.0, 30.0, 347.69830455805135], [66.0, 2.0, 1.0, 30.0, 347.94705816407], [12.0, 2.0, 2.0, 60.0, 352.5711693396838], [64.0, 1.0, 2.0, 60.0, 365.3382663386541], [134.0, 3.0, 2.0, 60.0, 369.44362432169635], [99.0, 2.0, 2.0, 60.0, 380.09833875091823], [28.0, 1.0, 1.0, 30.0, 383.8634124776174], [86.0, 2.0, 2.0, 60.0, 390.4333827158369], [100.0, 3.0, 3.0, 120.0, 391.8772976892559], [111.0, 1.0, 1.0, 30.0, 392.54938394344936], [19.0, 1.0, 1.0, 30.0, 393.26178810715084], [100.0, 3.0, 3.0, 120.0, 393.85019969752625], [47.0, 2.0, 2.0, 60.0, 394.1235652920939], [100.0, 2.0, 3.0, 120.0, 402.7065312495663], [272.0, 1.0, 1.0, 30.0, 404.9496062434009], [40.0, 2.0, 2.0, 60.0, 406.8802625567264], [81.0, 1.0, 2.0, 60.0, 411.5550592296831], [13.0, 2.0, 2.0, 60.0, 412.491396507024], [60.0, 2.0, 2.0, 60.0, 422.0828587162822], [92.0, 2.0, 2.0, 60.0, 428.54263891348444], [5.0, 1.0, 1.0, 30.0, 430.18884989348794], [32.0, 2.0, 2.0, 60.0, 431.1918089653501], [115.0, 3.0, 1.0, 30.0, 433.84690701169285]]","[89, 90, 91, 92, 93, 94]","[[0], [0], [0, 2, 1, 3, 0]]","[2, 2, 2, 2, 2, 2]",200,10
118,330.99899397293734,0.013501584529876709,0.31163989977801326,12.292938780240757,8.537537595006553,35.031979965189564,18.275941857546457,1381.8705030050803,1807.9914978179318,1,0.24663095238095237,0.4879264026188248,0.05240156547895645,"[0, 0, 0]","[20.774364207349098, 9.932711642198935, 11.240088154547722]",6,6000,"[[ 0.          8.89661298 11.2411729   9.44398421  8.73318145]
 [ 8.89661298  0.          2.45579614  1.16173478  0.64284676]
 [11.2411729   2.45579614  0.          2.65040566  3.01413224]
 [ 9.44398421  1.16173478  2.65040566  0.          1.17663598]
 [ 8.73318145  0.64284676  3.01413224  1.17663598  0.        ]]","[[20.0, 2.0, 2.0, 60.0, 0.0], [45.0, 1.0, 2.0, 60.0, 0.0], [100.0, 2.0, 2.0, 60.0, 0.0], [46.0, 2.0, 1.0, 30.0, 0.0], [29.0, 3.0, 1.0, 30.0, 0.0], [89.0, 2.0, 2.0, 60.0, 0.0], [21.0, 1.0, 2.0, 60.0, 0.0], [110.0, 1.0, 1.0, 30.0, 0.0], [30.0, 2.0, 2.0, 60.0, 0.0], [53.0, 2.0, 2.0, 60.0, 0.0], [35.0, 3.0, 1.0, 30.0, 0.0], [29.0, 3.0, 1.0, 30.0, 0.0], [85.0, 3.0, 2.0, 60.0, 0.0], [21.0, 3.0, 2.0, 60.0, 0.0], [48.0, 2.0, 2.0, 60.0, 0.0], [45.0, 2.0, 2.0, 60.0, 0.0], [88.0, 3.0, 3.0, 120.0, 0.0], [58.0, 2.0, 2.0, 60.0, 0.0], [141.0, 1.0, 2.0, 60.0, 0.0], [445.0, 1.0, 1.0, 30.0, 0.0], [55.0, 2.0, 2.0, 60.0, 0.0], [100.0, 1.0, 3.0, 120.0, 0.0], [25.0, 2.0, 2.0, 60.0, 0.0], [4.0, 1.0, 1.0, 30.0, 0.0], [73.0, 3.0, 2.0, 60.0, 12.021043019829973], [11.0, 1.0, 2.0, 60.0, 23.70199129895224], [24.0, 2.0, 2.0, 60.0, 35.625796298323515], [80.0, 2.0, 2.0, 60.0, 37.02476774758143], [16.0, 2.0, 1.0, 30.0, 37.456954746073315], [45.0, 2.0, 2.0, 60.0, 44.72025732460407], [47.0, 2.0, 2.0, 60.0, 51.770060795891936], [104.0, 2.0, 2.0, 60.0, 67.39154057863942], [79.0, 2.0, 2.0, 60.0, 67.78801156455697], [65.0, 2.0, 2.0, 60.0, 73.02081579727279], [10.0, 3.0, 1.0, 30.0, 73.37299733126183], [92.0, 2.0, 2.0, 60.0, 78.81811547138163], [34.0, 2.0, 2.0, 60.0, 87.47475223580068], [23.0, 1.0, 1.0, 30.0, 89.40922635875023], [55.0, 2.0, 2.0, 60.0, 95.5671546720581], [184.0, 3.0, 2.0, 60.0, 96.33602094118923], [121.0, 3.0, 2.0, 60.0, 96.7939072781402], [61.0, 2.0, 2.0, 60.0, 98.36980328880216], [90.0, 2.0, 2.0, 60.0, 102.87579966565295], [18.0, 1.0, 1.0, 30.0, 104.9407263143454], [13.0, 1.0, 1.0, 30.0, 111.17765606341352], [184.0, 2.0, 2.0, 60.0, 112.29553792447513], [59.0, 3.0, 2.0, 60.0, 121.48538924519744], [87.0, 3.0, 1.0, 30.0, 127.62081856126873], [76.0, 1.0, 1.0, 30.0, 130.89979933108373], [64.0, 2.0, 2.0, 60.0, 132.98523286264282], [79.0, 1.0, 1.0, 30.0, 135.25183130913413], [74.0, 1.0, 1.0, 30.0, 135.6372170444124], [132.0, 1.0, 1.0, 30.0, 136.53537831628518], [13.0, 1.0, 1.0, 30.0, 139.96198057430644], [37.0, 1.0, 1.0, 30.0, 141.90538175510554], [3.0, 1.0, 2.0, 60.0, 148.22641604293108], [105.0, 1.0, 1.0, 30.0, 151.7688691800117], [19.0, 2.0, 2.0, 60.0, 152.9585189515018], [17.0, 2.0, 2.0, 60.0, 155.26396063278915], [45.0, 3.0, 2.0, 60.0, 158.4717443187417], [41.0, 2.0, 2.0, 60.0, 160.19091112593068], [14.0, 3.0, 2.0, 60.0, 161.80046723046223], [40.0, 2.0, 2.0, 60.0, 166.19504064142495], [119.0, 2.0, 2.0, 60.0, 167.67977668606895], [52.0, 2.0, 2.0, 60.0, 174.34828881122837], [52.0, 2.0, 2.0, 60.0, 181.30260874245792], [445.0, 2.0, 1.0, 30.0, 186.72302338228388], [68.0, 2.0, 2.0, 60.0, 187.08816512218607], [55.0, 2.0, 2.0, 60.0, 192.75850263079985], [27.0, 2.0, 2.0, 60.0, 199.5301925701257], [129.0, 1.0, 1.0, 30.0, 205.14039082741283], [45.0, 2.0, 2.0, 60.0, 206.54063642859495], [22.0, 2.0, 1.0, 30.0, 208.1453173837751], [17.0, 1.0, 1.0, 30.0, 208.9739969202831], [24.0, 3.0, 1.0, 30.0, 210.74581448374042], [18.0, 1.0, 1.0, 30.0, 210.85151326578935], [59.0, 2.0, 3.0, 120.0, 211.68829524636791], [58.0, 2.0, 2.0, 60.0, 218.2635794691037], [79.0, 2.0, 2.0, 60.0, 238.24236082502787], [79.0, 1.0, 2.0, 60.0, 241.06005128697106], [91.0, 1.0, 1.0, 30.0, 242.4802497949752], [62.0, 2.0, 2.0, 60.0, 244.4690310645114], [134.0, 3.0, 2.0, 60.0, 246.27574217918595], [80.0, 2.0, 2.0, 60.0, 246.92391019530396], [22.0, 2.0, 2.0, 60.0, 252.340535869662], [79.0, 1.0, 1.0, 30.0, 259.21978013724924], [107.0, 2.0, 2.0, 60.0, 266.7588257904633], [53.0, 2.0, 2.0, 60.0, 293.3082397692622], [55.0, 3.0, 1.0, 30.0, 303.841540943146], [17.0, 1.0, 1.0, 30.0, 312.06587014562393], [46.0, 3.0, 2.0, 60.0, 317.28332755550696], [84.0, 1.0, 1.0, 30.0, 320.2459485503109], [29.0, 3.0, 1.0, 30.0, 320.46821633167013], [93.0, 2.0, 2.0, 60.0, 325.25123026577114], [10.0, 1.0, 1.0, 30.0, 328.35814570323583], [72.0, 3.0, 1.0, 30.0, 335.8979525787838], [105.0, 1.0, 2.0, 60.0, 346.037960484565], [9.0, 3.0, 1.0, 30.0, 347.69830455805135], [66.0, 2.0, 1.0, 30.0, 347.94705816407], [12.0, 2.0, 2.0, 60.0, 352.5711693396838], [64.0, 1.0, 2.0, 60.0, 365.3382663386541], [134.0, 3.0, 2.0, 60.0, 369.44362432169635], [99.0, 2.0, 2.0, 60.0, 380.09833875091823], [28.0, 1.0, 1.0, 30.0, 383.8634124776174], [86.0, 2.0, 2.0, 60.0, 390.4333827158369], [100.0, 3.0, 3.0, 120.0, 391.8772976892559], [111.0, 1.0, 1.0, 30.0, 392.54938394344936], [19.0, 1.0, 1.0, 30.0, 393.26178810715084], [100.0, 3.0, 3.0, 120.0, 393.85019969752625], [47.0, 2.0, 2.0, 60.0, 394.1235652920939], [100.0, 2.0, 3.0, 120.0, 402.7065312495663], [272.0, 1.0, 1.0, 30.0, 404.9496062434009], [40.0, 2.0, 2.0, 60.0, 406.8802625567264], [81.0, 1.0, 2.0, 60.0, 411.5550592296831], [13.0, 2.0, 2.0, 60.0, 412.491396507024], [60.0, 2.0, 2.0, 60.0, 422.0828587162822], [92.0, 2.0, 2.0, 60.0, 428.54263891348444], [5.0, 1.0, 1.0, 30.0, 430.18884989348794], [32.0, 2.0, 2.0, 60.0, 431.1918089653501], [115.0, 3.0, 1.0, 30.0, 433.84690701169285]]","[89, 90, 91, 92, 93, 94]","[[0], [0, 2, 0], [0, 1, 3, 0]]","[2, 2, 2, 2, 1, 2]",200,10
119,333.0124955574672,0.011920384565989177,0.292536365455776,5.105404056327748,5.0306989735166425,32.51985486186781,0.0,567.5431109711677,884.7773197618851,2,0.10608333333333332,0.3684973687570603,0.05514645576682519,"[0, 0, 1]","[22.787865791878975, 11.946213226728812, 11.240088154547722]",6,6000,"[[ 0.          8.87576775 11.11651702  9.44398421  8.73318145]
 [ 8.87576775  0.          2.24074927  1.12730755  0.60841952]
 [11.11651702  2.24074927  0.          2.65040566  2.84916879]
 [ 9.44398421  1.12730755  2.65040566  0.          1.17663598]
 [ 8.73318145  0.60841952  2.84916879  1.17663598  0.        ]]","[[20.0, 2.0, 2.0, 60.0, 0.0], [45.0, 1.0, 2.0, 60.0, 0.0], [100.0, 2.0, 2.0, 60.0, 0.0], [46.0, 2.0, 1.0, 30.0, 0.0], [29.0, 3.0, 1.0, 30.0, 0.0], [89.0, 2.0, 2.0, 60.0, 0.0], [21.0, 1.0, 2.0, 60.0, 0.0], [110.0, 1.0, 1.0, 30.0, 0.0], [30.0, 2.0, 2.0, 60.0, 0.0], [53.0, 2.0, 2.0, 60.0, 0.0], [35.0, 3.0, 1.0, 30.0, 0.0], [29.0, 3.0, 1.0, 30.0, 0.0], [85.0, 3.0, 2.0, 60.0, 0.0], [21.0, 3.0, 2.0, 60.0, 0.0], [48.0, 2.0, 2.0, 60.0, 0.0], [45.0, 2.0, 2.0, 60.0, 0.0], [88.0, 3.0, 3.0, 120.0, 0.0], [58.0, 2.0, 2.0, 60.0, 0.0], [141.0, 1.0, 2.0, 60.0, 0.0], [445.0, 1.0, 1.0, 30.0, 0.0], [55.0, 2.0, 2.0, 60.0, 0.0], [100.0, 1.0, 3.0, 120.0, 0.0], [25.0, 2.0, 2.0, 60.0, 0.0], [4.0, 1.0, 1.0, 30.0, 0.0], [73.0, 3.0, 2.0, 60.0, 12.021043019829973], [11.0, 1.0, 2.0, 60.0, 23.70199129895224], [24.0, 2.0, 2.0, 60.0, 35.625796298323515], [80.0, 2.0, 2.0, 60.0, 37.02476774758143], [16.0, 2.0, 1.0, 30.0, 37.456954746073315], [45.0, 2.0, 2.0, 60.0, 44.72025732460407], [47.0, 2.0, 2.0, 60.0, 51.770060795891936], [104.0, 2.0, 2.0, 60.0, 67.39154057863942], [79.0, 2.0, 2.0, 60.0, 67.78801156455697], [65.0, 2.0, 2.0, 60.0, 73.02081579727279], [10.0, 3.0, 1.0, 30.0, 73.37299733126183], [92.0, 2.0, 2.0, 60.0, 78.81811547138163], [34.0, 2.0, 2.0, 60.0, 87.47475223580068], [23.0, 1.0, 1.0, 30.0, 89.40922635875023], [55.0, 2.0, 2.0, 60.0, 95.5671546720581], [184.0, 3.0, 2.0, 60.0, 96.33602094118923], [121.0, 3.0, 2.0, 60.0, 96.7939072781402], [61.0, 2.0, 2.0, 60.0, 98.36980328880216], [90.0, 2.0, 2.0, 60.0, 102.87579966565295], [18.0, 1.0, 1.0, 30.0, 104.9407263143454], [13.0, 1.0, 1.0, 30.0, 111.17765606341352], [184.0, 2.0, 2.0, 60.0, 112.29553792447513], [59.0, 3.0, 2.0, 60.0, 121.48538924519744], [87.0, 3.0, 1.0, 30.0, 127.62081856126873], [76.0, 1.0, 1.0, 30.0, 130.89979933108373], [64.0, 2.0, 2.0, 60.0, 132.98523286264282], [79.0, 1.0, 1.0, 30.0, 135.25183130913413], [74.0, 1.0, 1.0, 30.0, 135.6372170444124], [132.0, 1.0, 1.0, 30.0, 136.53537831628518], [13.0, 1.0, 1.0, 30.0, 139.96198057430644], [37.0, 1.0, 1.0, 30.0, 141.90538175510554], [3.0, 1.0, 2.0, 60.0, 148.22641604293108], [105.0, 1.0, 1.0, 30.0, 151.7688691800117], [19.0, 2.0, 2.0, 60.0, 152.9585189515018], [17.0, 2.0, 2.0, 60.0, 155.26396063278915], [45.0, 3.0, 2.0, 60.0, 158.4717443187417], [41.0, 2.0, 2.0, 60.0, 160.19091112593068], [14.0, 3.0, 2.0, 60.0, 161.80046723046223], [40.0, 2.0, 2.0, 60.0, 166.19504064142495], [119.0, 2.0, 2.0, 60.0, 167.67977668606895], [52.0, 2.0, 2.0, 60.0, 174.34828881122837], [52.0, 2.0, 2.0, 60.0, 181.30260874245792], [445.0, 2.0, 1.0, 30.0, 186.72302338228388], [68.0, 2.0, 2.0, 60.0, 187.08816512218607], [55.0, 2.0, 2.0, 60.0, 192.75850263079985], [27.0, 2.0, 2.0, 60.0, 199.5301925701257], [129.0, 1.0, 1.0, 30.0, 205.14039082741283], [45.0, 2.0, 2.0, 60.0, 206.54063642859495], [22.0, 2.0, 1.0, 30.0, 208.1453173837751], [17.0, 1.0, 1.0, 30.0, 208.9739969202831], [24.0, 3.0, 1.0, 30.0, 210.74581448374042], [18.0, 1.0, 1.0, 30.0, 210.85151326578935], [59.0, 2.0, 3.0, 120.0, 211.68829524636791], [58.0, 2.0, 2.0, 60.0, 218.2635794691037], [79.0, 2.0, 2.0, 60.0, 238.24236082502787], [79.0, 1.0, 2.0, 60.0, 241.06005128697106], [91.0, 1.0, 1.0, 30.0, 242.4802497949752], [62.0, 2.0, 2.0, 60.0, 244.4690310645114], [134.0, 3.0, 2.0, 60.0, 246.27574217918595], [80.0, 2.0, 2.0, 60.0, 246.92391019530396], [22.0, 2.0, 2.0, 60.0, 252.340535869662], [79.0, 1.0, 1.0, 30.0, 259.21978013724924], [107.0, 2.0, 2.0, 60.0, 266.7588257904633], [53.0, 2.0, 2.0, 60.0, 293.3082397692622], [55.0, 3.0, 1.0, 30.0, 303.841540943146], [17.0, 1.0, 1.0, 30.0, 312.06587014562393], [46.0, 3.0, 2.0, 60.0, 317.28332755550696], [84.0, 1.0, 1.0, 30.0, 320.2459485503109], [29.0, 3.0, 1.0, 30.0, 320.46821633167013], [93.0, 2.0, 2.0, 60.0, 325.25123026577114], [10.0, 1.0, 1.0, 30.0, 328.35814570323583], [72.0, 3.0, 1.0, 30.0, 335.8979525787838], [105.0, 1.0, 2.0, 60.0, 346.037960484565], [9.0, 3.0, 1.0, 30.0, 347.69830455805135], [66.0, 2.0, 1.0, 30.0, 347.94705816407], [12.0, 2.0, 2.0, 60.0, 352.5711693396838], [64.0, 1.0, 2.0, 60.0, 365.3382663386541], [134.0, 3.0, 2.0, 60.0, 369.44362432169635], [99.0, 2.0, 2.0, 60.0, 380.09833875091823], [28.0, 1.0, 1.0, 30.0, 383.8634124776174], [86.0, 2.0, 2.0, 60.0, 390.4333827158369], [100.0, 3.0, 3.0, 120.0, 391.8772976892559], [111.0, 1.0, 1.0, 30.0, 392.54938394344936], [19.0, 1.0, 1.0, 30.0, 393.26178810715084], [100.0, 3.0, 3.0, 120.0, 393.85019969752625], [47.0, 2.0, 2.0, 60.0, 394.1235652920939], [100.0, 2.0, 3.0, 120.0, 402.7065312495663], [272.0, 1.0, 1.0, 30.0, 404.9496062434009], [40.0, 2.0, 2.0, 60.0, 406.8802625567264], [81.0, 1.0, 2.0, 60.0, 411.5550592296831], [13.0, 2.0, 2.0, 60.0, 412.491396507024], [60.0, 2.0, 2.0, 60.0, 422.0828587162822], [92.0, 2.0, 2.0, 60.0, 428.54263891348444], [5.0, 1.0, 1.0, 30.0, 430.18884989348794], [32.0, 2.0, 2.0, 60.0, 431.1918089653501], [115.0, 3.0, 1.0, 30.0, 433.84690701169285]]","[90, 92, 93, 94]","[[0], [0, 1, 2, 0], [1, 3, 0]]","[2, 2, 1, 1]",200,10
120,336.0244159420332,0.01285866896311442,0.38153732905913174,4.6554611425229835,4.912762654485452,42.88927084462641,40.05938421085648,523.3284364093162,633.5904042250694,2,0.10633333333333331,0.22056635504000455,0.05546894420972006,"[0, 0, 3]","[25.799786176444965, 14.958133611294802, 10.112780609378701]",6,6000,"[[ 0.          8.95554881 11.2411729   9.4973702   8.73318145]
 [ 8.95554881  0.          2.35637752  1.22340682  0.69724243]
 [11.2411729   2.35637752  0.          2.74355234  3.05361994]
 [ 9.4973702   1.22340682  2.74355234  0.          1.23002197]
 [ 8.73318145  0.69724243  3.05361994  1.23002197  0.        ]]","[[20.0, 2.0, 2.0, 60.0, 0.0], [45.0, 1.0, 2.0, 60.0, 0.0], [100.0, 2.0, 2.0, 60.0, 0.0], [46.0, 2.0, 1.0, 30.0, 0.0], [29.0, 3.0, 1.0, 30.0, 0.0], [89.0, 2.0, 2.0, 60.0, 0.0], [21.0, 1.0, 2.0, 60.0, 0.0], [110.0, 1.0, 1.0, 30.0, 0.0], [30.0, 2.0, 2.0, 60.0, 0.0], [53.0, 2.0, 2.0, 60.0, 0.0], [35.0, 3.0, 1.0, 30.0, 0.0], [29.0, 3.0, 1.0, 30.0, 0.0], [85.0, 3.0, 2.0, 60.0, 0.0], [21.0, 3.0, 2.0, 60.0, 0.0], [48.0, 2.0, 2.0, 60.0, 0.0], [45.0, 2.0, 2.0, 60.0, 0.0], [88.0, 3.0, 3.0, 120.0, 0.0], [58.0, 2.0, 2.0, 60.0, 0.0], [141.0, 1.0, 2.0, 60.0, 0.0], [445.0, 1.0, 1.0, 30.0, 0.0], [55.0, 2.0, 2.0, 60.0, 0.0], [100.0, 1.0, 3.0, 120.0, 0.0], [25.0, 2.0, 2.0, 60.0, 0.0], [4.0, 1.0, 1.0, 30.0, 0.0], [73.0, 3.0, 2.0, 60.0, 12.021043019829973], [11.0, 1.0, 2.0, 60.0, 23.70199129895224], [24.0, 2.0, 2.0, 60.0, 35.625796298323515], [80.0, 2.0, 2.0, 60.0, 37.02476774758143], [16.0, 2.0, 1.0, 30.0, 37.456954746073315], [45.0, 2.0, 2.0, 60.0, 44.72025732460407], [47.0, 2.0, 2.0, 60.0, 51.770060795891936], [104.0, 2.0, 2.0, 60.0, 67.39154057863942], [79.0, 2.0, 2.0, 60.0, 67.78801156455697], [65.0, 2.0, 2.0, 60.0, 73.02081579727279], [10.0, 3.0, 1.0, 30.0, 73.37299733126183], [92.0, 2.0, 2.0, 60.0, 78.81811547138163], [34.0, 2.0, 2.0, 60.0, 87.47475223580068], [23.0, 1.0, 1.0, 30.0, 89.40922635875023], [55.0, 2.0, 2.0, 60.0, 95.5671546720581], [184.0, 3.0, 2.0, 60.0, 96.33602094118923], [121.0, 3.0, 2.0, 60.0, 96.7939072781402], [61.0, 2.0, 2.0, 60.0, 98.36980328880216], [90.0, 2.0, 2.0, 60.0, 102.87579966565295], [18.0, 1.0, 1.0, 30.0, 104.9407263143454], [13.0, 1.0, 1.0, 30.0, 111.17765606341352], [184.0, 2.0, 2.0, 60.0, 112.29553792447513], [59.0, 3.0, 2.0, 60.0, 121.48538924519744], [87.0, 3.0, 1.0, 30.0, 127.62081856126873], [76.0, 1.0, 1.0, 30.0, 130.89979933108373], [64.0, 2.0, 2.0, 60.0, 132.98523286264282], [79.0, 1.0, 1.0, 30.0, 135.25183130913413], [74.0, 1.0, 1.0, 30.0, 135.6372170444124], [132.0, 1.0, 1.0, 30.0, 136.53537831628518], [13.0, 1.0, 1.0, 30.0, 139.96198057430644], [37.0, 1.0, 1.0, 30.0, 141.90538175510554], [3.0, 1.0, 2.0, 60.0, 148.22641604293108], [105.0, 1.0, 1.0, 30.0, 151.7688691800117], [19.0, 2.0, 2.0, 60.0, 152.9585189515018], [17.0, 2.0, 2.0, 60.0, 155.26396063278915], [45.0, 3.0, 2.0, 60.0, 158.4717443187417], [41.0, 2.0, 2.0, 60.0, 160.19091112593068], [14.0, 3.0, 2.0, 60.0, 161.80046723046223], [40.0, 2.0, 2.0, 60.0, 166.19504064142495], [119.0, 2.0, 2.0, 60.0, 167.67977668606895], [52.0, 2.0, 2.0, 60.0, 174.34828881122837], [52.0, 2.0, 2.0, 60.0, 181.30260874245792], [445.0, 2.0, 1.0, 30.0, 186.72302338228388], [68.0, 2.0, 2.0, 60.0, 187.08816512218607], [55.0, 2.0, 2.0, 60.0, 192.75850263079985], [27.0, 2.0, 2.0, 60.0, 199.5301925701257], [129.0, 1.0, 1.0, 30.0, 205.14039082741283], [45.0, 2.0, 2.0, 60.0, 206.54063642859495], [22.0, 2.0, 1.0, 30.0, 208.1453173837751], [17.0, 1.0, 1.0, 30.0, 208.9739969202831], [24.0, 3.0, 1.0, 30.0, 210.74581448374042], [18.0, 1.0, 1.0, 30.0, 210.85151326578935], [59.0, 2.0, 3.0, 120.0, 211.68829524636791], [58.0, 2.0, 2.0, 60.0, 218.2635794691037], [79.0, 2.0, 2.0, 60.0, 238.24236082502787], [79.0, 1.0, 2.0, 60.0, 241.06005128697106], [91.0, 1.0, 1.0, 30.0, 242.4802497949752], [62.0, 2.0, 2.0, 60.0, 244.4690310645114], [134.0, 3.0, 2.0, 60.0, 246.27574217918595], [80.0, 2.0, 2.0, 60.0, 246.92391019530396], [22.0, 2.0, 2.0, 60.0, 252.340535869662], [79.0, 1.0, 1.0, 30.0, 259.21978013724924], [107.0, 2.0, 2.0, 60.0, 266.7588257904633], [53.0, 2.0, 2.0, 60.0, 293.3082397692622], [55.0, 3.0, 1.0, 30.0, 303.841540943146], [17.0, 1.0, 1.0, 30.0, 312.06587014562393], [46.0, 3.0, 2.0, 60.0, 317.28332755550696], [84.0, 1.0, 1.0, 30.0, 320.2459485503109], [29.0, 3.0, 1.0, 30.0, 320.46821633167013], [93.0, 2.0, 2.0, 60.0, 325.25123026577114], [10.0, 1.0, 1.0, 30.0, 328.35814570323583], [72.0, 3.0, 1.0, 30.0, 335.8979525787838], [105.0, 1.0, 2.0, 60.0, 346.037960484565], [9.0, 3.0, 1.0, 30.0, 347.69830455805135], [66.0, 2.0, 1.0, 30.0, 347.94705816407], [12.0, 2.0, 2.0, 60.0, 352.5711693396838], [64.0, 1.0, 2.0, 60.0, 365.3382663386541], [134.0, 3.0, 2.0, 60.0, 369.44362432169635], [99.0, 2.0, 2.0, 60.0, 380.09833875091823], [28.0, 1.0, 1.0, 30.0, 383.8634124776174], [86.0, 2.0, 2.0, 60.0, 390.4333827158369], [100.0, 3.0, 3.0, 120.0, 391.8772976892559], [111.0, 1.0, 1.0, 30.0, 392.54938394344936], [19.0, 1.0, 1.0, 30.0, 393.26178810715084], [100.0, 3.0, 3.0, 120.0, 393.85019969752625], [47.0, 2.0, 2.0, 60.0, 394.1235652920939], [100.0, 2.0, 3.0, 120.0, 402.7065312495663], [272.0, 1.0, 1.0, 30.0, 404.9496062434009], [40.0, 2.0, 2.0, 60.0, 406.8802625567264], [81.0, 1.0, 2.0, 60.0, 411.5550592296831], [13.0, 2.0, 2.0, 60.0, 412.491396507024], [60.0, 2.0, 2.0, 60.0, 422.0828587162822], [92.0, 2.0, 2.0, 60.0, 428.54263891348444], [5.0, 1.0, 1.0, 30.0, 430.18884989348794], [32.0, 2.0, 2.0, 60.0, 431.1918089653501], [115.0, 3.0, 1.0, 30.0, 433.84690701169285]]","[93, 94, 95]","[[0], [0, 2, 1, 3, 0], [3, 0]]","[1, 1, 1]",200,10
121,341.03727461099635,0.012874841690063477,0.24233289401557712,0.41175428164425754,0.7181227270336665,27.496062280201627,3.3432423779070177,46.71929255919518,74.82109183785404,9,0.13214285714285712,0.3991924220914623,2.7825225852156385e-16,"[0, 0, 3]","[30.81264484540808, 19.970992280257917, 0.6154104112644827]",6,6000,"[[ 0.          9.06077706 11.34640115  9.68497577  8.8547094 ]
 [ 9.06077706  0.          2.35637752  1.43427687  0.78962643]
 [11.34640115  2.35637752  0.          2.63139693  3.14600395]
 [ 9.68497577  1.43427687  2.63139693  0.          1.34044277]
 [ 8.8547094   0.78962643  3.14600395  1.34044277  0.        ]]","[[20.0, 2.0, 2.0, 60.0, 0.0], [45.0, 1.0, 2.0, 60.0, 0.0], [100.0, 2.0, 2.0, 60.0, 0.0], [46.0, 2.0, 1.0, 30.0, 0.0], [29.0, 3.0, 1.0, 30.0, 0.0], [89.0, 2.0, 2.0, 60.0, 0.0], [21.0, 1.0, 2.0, 60.0, 0.0], [110.0, 1.0, 1.0, 30.0, 0.0], [30.0, 2.0, 2.0, 60.0, 0.0], [53.0, 2.0, 2.0, 60.0, 0.0], [35.0, 3.0, 1.0, 30.0, 0.0], [29.0, 3.0, 1.0, 30.0, 0.0], [85.0, 3.0, 2.0, 60.0, 0.0], [21.0, 3.0, 2.0, 60.0, 0.0], [48.0, 2.0, 2.0, 60.0, 0.0], [45.0, 2.0, 2.0, 60.0, 0.0], [88.0, 3.0, 3.0, 120.0, 0.0], [58.0, 2.0, 2.0, 60.0, 0.0], [141.0, 1.0, 2.0, 60.0, 0.0], [445.0, 1.0, 1.0, 30.0, 0.0], [55.0, 2.0, 2.0, 60.0, 0.0], [100.0, 1.0, 3.0, 120.0, 0.0], [25.0, 2.0, 2.0, 60.0, 0.0], [4.0, 1.0, 1.0, 30.0, 0.0], [73.0, 3.0, 2.0, 60.0, 12.021043019829973], [11.0, 1.0, 2.0, 60.0, 23.70199129895224], [24.0, 2.0, 2.0, 60.0, 35.625796298323515], [80.0, 2.0, 2.0, 60.0, 37.02476774758143], [16.0, 2.0, 1.0, 30.0, 37.456954746073315], [45.0, 2.0, 2.0, 60.0, 44.72025732460407], [47.0, 2.0, 2.0, 60.0, 51.770060795891936], [104.0, 2.0, 2.0, 60.0, 67.39154057863942], [79.0, 2.0, 2.0, 60.0, 67.78801156455697], [65.0, 2.0, 2.0, 60.0, 73.02081579727279], [10.0, 3.0, 1.0, 30.0, 73.37299733126183], [92.0, 2.0, 2.0, 60.0, 78.81811547138163], [34.0, 2.0, 2.0, 60.0, 87.47475223580068], [23.0, 1.0, 1.0, 30.0, 89.40922635875023], [55.0, 2.0, 2.0, 60.0, 95.5671546720581], [184.0, 3.0, 2.0, 60.0, 96.33602094118923], [121.0, 3.0, 2.0, 60.0, 96.7939072781402], [61.0, 2.0, 2.0, 60.0, 98.36980328880216], [90.0, 2.0, 2.0, 60.0, 102.87579966565295], [18.0, 1.0, 1.0, 30.0, 104.9407263143454], [13.0, 1.0, 1.0, 30.0, 111.17765606341352], [184.0, 2.0, 2.0, 60.0, 112.29553792447513], [59.0, 3.0, 2.0, 60.0, 121.48538924519744], [87.0, 3.0, 1.0, 30.0, 127.62081856126873], [76.0, 1.0, 1.0, 30.0, 130.89979933108373], [64.0, 2.0, 2.0, 60.0, 132.98523286264282], [79.0, 1.0, 1.0, 30.0, 135.25183130913413], [74.0, 1.0, 1.0, 30.0, 135.6372170444124], [132.0, 1.0, 1.0, 30.0, 136.53537831628518], [13.0, 1.0, 1.0, 30.0, 139.96198057430644], [37.0, 1.0, 1.0, 30.0, 141.90538175510554], [3.0, 1.0, 2.0, 60.0, 148.22641604293108], [105.0, 1.0, 1.0, 30.0, 151.7688691800117], [19.0, 2.0, 2.0, 60.0, 152.9585189515018], [17.0, 2.0, 2.0, 60.0, 155.26396063278915], [45.0, 3.0, 2.0, 60.0, 158.4717443187417], [41.0, 2.0, 2.0, 60.0, 160.19091112593068], [14.0, 3.0, 2.0, 60.0, 161.80046723046223], [40.0, 2.0, 2.0, 60.0, 166.19504064142495], [119.0, 2.0, 2.0, 60.0, 167.67977668606895], [52.0, 2.0, 2.0, 60.0, 174.34828881122837], [52.0, 2.0, 2.0, 60.0, 181.30260874245792], [445.0, 2.0, 1.0, 30.0, 186.72302338228388], [68.0, 2.0, 2.0, 60.0, 187.08816512218607], [55.0, 2.0, 2.0, 60.0, 192.75850263079985], [27.0, 2.0, 2.0, 60.0, 199.5301925701257], [129.0, 1.0, 1.0, 30.0, 205.14039082741283], [45.0, 2.0, 2.0, 60.0, 206.54063642859495], [22.0, 2.0, 1.0, 30.0, 208.1453173837751], [17.0, 1.0, 1.0, 30.0, 208.9739969202831], [24.0, 3.0, 1.0, 30.0, 210.74581448374042], [18.0, 1.0, 1.0, 30.0, 210.85151326578935], [59.0, 2.0, 3.0, 120.0, 211.68829524636791], [58.0, 2.0, 2.0, 60.0, 218.2635794691037], [79.0, 2.0, 2.0, 60.0, 238.24236082502787], [79.0, 1.0, 2.0, 60.0, 241.06005128697106], [91.0, 1.0, 1.0, 30.0, 242.4802497949752], [62.0, 2.0, 2.0, 60.0, 244.4690310645114], [134.0, 3.0, 2.0, 60.0, 246.27574217918595], [80.0, 2.0, 2.0, 60.0, 246.92391019530396], [22.0, 2.0, 2.0, 60.0, 252.340535869662], [79.0, 1.0, 1.0, 30.0, 259.21978013724924], [107.0, 2.0, 2.0, 60.0, 266.7588257904633], [53.0, 2.0, 2.0, 60.0, 293.3082397692622], [55.0, 3.0, 1.0, 30.0, 303.841540943146], [17.0, 1.0, 1.0, 30.0, 312.06587014562393], [46.0, 3.0, 2.0, 60.0, 317.28332755550696], [84.0, 1.0, 1.0, 30.0, 320.2459485503109], [29.0, 3.0, 1.0, 30.0, 320.46821633167013], [93.0, 2.0, 2.0, 60.0, 325.25123026577114], [10.0, 1.0, 1.0, 30.0, 328.35814570323583], [72.0, 3.0, 1.0, 30.0, 335.8979525787838], [105.0, 1.0, 2.0, 60.0, 346.037960484565], [9.0, 3.0, 1.0, 30.0, 347.69830455805135], [66.0, 2.0, 1.0, 30.0, 347.94705816407], [12.0, 2.0, 2.0, 60.0, 352.5711693396838], [64.0, 1.0, 2.0, 60.0, 365.3382663386541], [134.0, 3.0, 2.0, 60.0, 369.44362432169635], [99.0, 2.0, 2.0, 60.0, 380.09833875091823], [28.0, 1.0, 1.0, 30.0, 383.8634124776174], [86.0, 2.0, 2.0, 60.0, 390.4333827158369], [100.0, 3.0, 3.0, 120.0, 391.8772976892559], [111.0, 1.0, 1.0, 30.0, 392.54938394344936], [19.0, 1.0, 1.0, 30.0, 393.26178810715084], [100.0, 3.0, 3.0, 120.0, 393.85019969752625], [47.0, 2.0, 2.0, 60.0, 394.1235652920939], [100.0, 2.0, 3.0, 120.0, 402.7065312495663], [272.0, 1.0, 1.0, 30.0, 404.9496062434009], [40.0, 2.0, 2.0, 60.0, 406.8802625567264], [81.0, 1.0, 2.0, 60.0, 411.5550592296831], [13.0, 2.0, 2.0, 60.0, 412.491396507024], [60.0, 2.0, 2.0, 60.0, 422.0828587162822], [92.0, 2.0, 2.0, 60.0, 428.54263891348444], [5.0, 1.0, 1.0, 30.0, 430.18884989348794], [32.0, 2.0, 2.0, 60.0, 431.1918089653501], [115.0, 3.0, 1.0, 30.0, 433.84690701169285]]","[93, 94, 95]","[[0], [0, 3, 2, 1, 0], [3, 0]]","[1, 1, 1]",200,10
122,346.0501494526864,0.01277830998102824,0.2099116782987628,5.400548281315009,5.471715270691548,22.040699817552294,4.555020709045436,567.0568902281204,601.4600238216295,9,0.22660714285714284,0.5821332171949245,0.05546894420972007,"[0, 0, 3]","[35.825519687098144, 24.98386712194798, 0.6154104112644827]",6,6000,"[[ 0.          8.21436333 10.49998742  8.83856204  8.00829567]
 [ 8.21436333  0.          2.35637752  1.43427687  0.78962643]
 [10.49998742  2.35637752  0.          2.63139693  3.14600395]
 [ 8.83856204  1.43427687  2.63139693  0.          1.34044277]
 [ 8.00829567  0.78962643  3.14600395  1.34044277  0.        ]]","[[20.0, 2.0, 2.0, 60.0, 0.0], [45.0, 1.0, 2.0, 60.0, 0.0], [100.0, 2.0, 2.0, 60.0, 0.0], [46.0, 2.0, 1.0, 30.0, 0.0], [29.0, 3.0, 1.0, 30.0, 0.0], [89.0, 2.0, 2.0, 60.0, 0.0], [21.0, 1.0, 2.0, 60.0, 0.0], [110.0, 1.0, 1.0, 30.0, 0.0], [30.0, 2.0, 2.0, 60.0, 0.0], [53.0, 2.0, 2.0, 60.0, 0.0], [35.0, 3.0, 1.0, 30.0, 0.0], [29.0, 3.0, 1.0, 30.0, 0.0], [85.0, 3.0, 2.0, 60.0, 0.0], [21.0, 3.0, 2.0, 60.0, 0.0], [48.0, 2.0, 2.0, 60.0, 0.0], [45.0, 2.0, 2.0, 60.0, 0.0], [88.0, 3.0, 3.0, 120.0, 0.0], [58.0, 2.0, 2.0, 60.0, 0.0], [141.0, 1.0, 2.0, 60.0, 0.0], [445.0, 1.0, 1.0, 30.0, 0.0], [55.0, 2.0, 2.0, 60.0, 0.0], [100.0, 1.0, 3.0, 120.0, 0.0], [25.0, 2.0, 2.0, 60.0, 0.0], [4.0, 1.0, 1.0, 30.0, 0.0], [73.0, 3.0, 2.0, 60.0, 12.021043019829973], [11.0, 1.0, 2.0, 60.0, 23.70199129895224], [24.0, 2.0, 2.0, 60.0, 35.625796298323515], [80.0, 2.0, 2.0, 60.0, 37.02476774758143], [16.0, 2.0, 1.0, 30.0, 37.456954746073315], [45.0, 2.0, 2.0, 60.0, 44.72025732460407], [47.0, 2.0, 2.0, 60.0, 51.770060795891936], [104.0, 2.0, 2.0, 60.0, 67.39154057863942], [79.0, 2.0, 2.0, 60.0, 67.78801156455697], [65.0, 2.0, 2.0, 60.0, 73.02081579727279], [10.0, 3.0, 1.0, 30.0, 73.37299733126183], [92.0, 2.0, 2.0, 60.0, 78.81811547138163], [34.0, 2.0, 2.0, 60.0, 87.47475223580068], [23.0, 1.0, 1.0, 30.0, 89.40922635875023], [55.0, 2.0, 2.0, 60.0, 95.5671546720581], [184.0, 3.0, 2.0, 60.0, 96.33602094118923], [121.0, 3.0, 2.0, 60.0, 96.7939072781402], [61.0, 2.0, 2.0, 60.0, 98.36980328880216], [90.0, 2.0, 2.0, 60.0, 102.87579966565295], [18.0, 1.0, 1.0, 30.0, 104.9407263143454], [13.0, 1.0, 1.0, 30.0, 111.17765606341352], [184.0, 2.0, 2.0, 60.0, 112.29553792447513], [59.0, 3.0, 2.0, 60.0, 121.48538924519744], [87.0, 3.0, 1.0, 30.0, 127.62081856126873], [76.0, 1.0, 1.0, 30.0, 130.89979933108373], [64.0, 2.0, 2.0, 60.0, 132.98523286264282], [79.0, 1.0, 1.0, 30.0, 135.25183130913413], [74.0, 1.0, 1.0, 30.0, 135.6372170444124], [132.0, 1.0, 1.0, 30.0, 136.53537831628518], [13.0, 1.0, 1.0, 30.0, 139.96198057430644], [37.0, 1.0, 1.0, 30.0, 141.90538175510554], [3.0, 1.0, 2.0, 60.0, 148.22641604293108], [105.0, 1.0, 1.0, 30.0, 151.7688691800117], [19.0, 2.0, 2.0, 60.0, 152.9585189515018], [17.0, 2.0, 2.0, 60.0, 155.26396063278915], [45.0, 3.0, 2.0, 60.0, 158.4717443187417], [41.0, 2.0, 2.0, 60.0, 160.19091112593068], [14.0, 3.0, 2.0, 60.0, 161.80046723046223], [40.0, 2.0, 2.0, 60.0, 166.19504064142495], [119.0, 2.0, 2.0, 60.0, 167.67977668606895], [52.0, 2.0, 2.0, 60.0, 174.34828881122837], [52.0, 2.0, 2.0, 60.0, 181.30260874245792], [445.0, 2.0, 1.0, 30.0, 186.72302338228388], [68.0, 2.0, 2.0, 60.0, 187.08816512218607], [55.0, 2.0, 2.0, 60.0, 192.75850263079985], [27.0, 2.0, 2.0, 60.0, 199.5301925701257], [129.0, 1.0, 1.0, 30.0, 205.14039082741283], [45.0, 2.0, 2.0, 60.0, 206.54063642859495], [22.0, 2.0, 1.0, 30.0, 208.1453173837751], [17.0, 1.0, 1.0, 30.0, 208.9739969202831], [24.0, 3.0, 1.0, 30.0, 210.74581448374042], [18.0, 1.0, 1.0, 30.0, 210.85151326578935], [59.0, 2.0, 3.0, 120.0, 211.68829524636791], [58.0, 2.0, 2.0, 60.0, 218.2635794691037], [79.0, 2.0, 2.0, 60.0, 238.24236082502787], [79.0, 1.0, 2.0, 60.0, 241.06005128697106], [91.0, 1.0, 1.0, 30.0, 242.4802497949752], [62.0, 2.0, 2.0, 60.0, 244.4690310645114], [134.0, 3.0, 2.0, 60.0, 246.27574217918595], [80.0, 2.0, 2.0, 60.0, 246.92391019530396], [22.0, 2.0, 2.0, 60.0, 252.340535869662], [79.0, 1.0, 1.0, 30.0, 259.21978013724924], [107.0, 2.0, 2.0, 60.0, 266.7588257904633], [53.0, 2.0, 2.0, 60.0, 293.3082397692622], [55.0, 3.0, 1.0, 30.0, 303.841540943146], [17.0, 1.0, 1.0, 30.0, 312.06587014562393], [46.0, 3.0, 2.0, 60.0, 317.28332755550696], [84.0, 1.0, 1.0, 30.0, 320.2459485503109], [29.0, 3.0, 1.0, 30.0, 320.46821633167013], [93.0, 2.0, 2.0, 60.0, 325.25123026577114], [10.0, 1.0, 1.0, 30.0, 328.35814570323583], [72.0, 3.0, 1.0, 30.0, 335.8979525787838], [105.0, 1.0, 2.0, 60.0, 346.037960484565], [9.0, 3.0, 1.0, 30.0, 347.69830455805135], [66.0, 2.0, 1.0, 30.0, 347.94705816407], [12.0, 2.0, 2.0, 60.0, 352.5711693396838], [64.0, 1.0, 2.0, 60.0, 365.3382663386541], [134.0, 3.0, 2.0, 60.0, 369.44362432169635], [99.0, 2.0, 2.0, 60.0, 380.09833875091823], [28.0, 1.0, 1.0, 30.0, 383.8634124776174], [86.0, 2.0, 2.0, 60.0, 390.4333827158369], [100.0, 3.0, 3.0, 120.0, 391.8772976892559], [111.0, 1.0, 1.0, 30.0, 392.54938394344936], [19.0, 1.0, 1.0, 30.0, 393.26178810715084], [100.0, 3.0, 3.0, 120.0, 393.85019969752625], [47.0, 2.0, 2.0, 60.0, 394.1235652920939], [100.0, 2.0, 3.0, 120.0, 402.7065312495663], [272.0, 1.0, 1.0, 30.0, 404.9496062434009], [40.0, 2.0, 2.0, 60.0, 406.8802625567264], [81.0, 1.0, 2.0, 60.0, 411.5550592296831], [13.0, 2.0, 2.0, 60.0, 412.491396507024], [60.0, 2.0, 2.0, 60.0, 422.0828587162822], [92.0, 2.0, 2.0, 60.0, 428.54263891348444], [5.0, 1.0, 1.0, 30.0, 430.18884989348794], [32.0, 2.0, 2.0, 60.0, 431.1918089653501], [115.0, 3.0, 1.0, 30.0, 433.84690701169285]]","[93, 94, 95, 96]","[[0], [0, 3, 2, 1, 0], [3, 0]]","[1, 1, 1, 1]",200,10
123,348.0629277626674,0.013436190287272136,0.27260274050791444,9.702945303424784,7.8917562419371,30.12096860580005,25.04390924026376,1072.1172880496692,1286.6791790957095,5,0.2720238095238095,0.584267666780264,0.03742701813080052,"[0, 0, 0]","[37.838297997079174, 16.15808339202789, 2.143693364821356]",6,6000,"[[ 0.          8.76377642 11.04940051  9.38797513  8.55770876]
 [ 8.76377642  0.          2.35637752  1.43427687  0.78962643]
 [11.04940051  2.35637752  0.          2.63139693  3.14600395]
 [ 9.38797513  1.43427687  2.63139693  0.          1.34044277]
 [ 8.55770876  0.78962643  3.14600395  1.34044277  0.        ]]","[[20.0, 2.0, 2.0, 60.0, 0.0], [45.0, 1.0, 2.0, 60.0, 0.0], [100.0, 2.0, 2.0, 60.0, 0.0], [46.0, 2.0, 1.0, 30.0, 0.0], [29.0, 3.0, 1.0, 30.0, 0.0], [89.0, 2.0, 2.0, 60.0, 0.0], [21.0, 1.0, 2.0, 60.0, 0.0], [110.0, 1.0, 1.0, 30.0, 0.0], [30.0, 2.0, 2.0, 60.0, 0.0], [53.0, 2.0, 2.0, 60.0, 0.0], [35.0, 3.0, 1.0, 30.0, 0.0], [29.0, 3.0, 1.0, 30.0, 0.0], [85.0, 3.0, 2.0, 60.0, 0.0], [21.0, 3.0, 2.0, 60.0, 0.0], [48.0, 2.0, 2.0, 60.0, 0.0], [45.0, 2.0, 2.0, 60.0, 0.0], [88.0, 3.0, 3.0, 120.0, 0.0], [58.0, 2.0, 2.0, 60.0, 0.0], [141.0, 1.0, 2.0, 60.0, 0.0], [445.0, 1.0, 1.0, 30.0, 0.0], [55.0, 2.0, 2.0, 60.0, 0.0], [100.0, 1.0, 3.0, 120.0, 0.0], [25.0, 2.0, 2.0, 60.0, 0.0], [4.0, 1.0, 1.0, 30.0, 0.0], [73.0, 3.0, 2.0, 60.0, 12.021043019829973], [11.0, 1.0, 2.0, 60.0, 23.70199129895224], [24.0, 2.0, 2.0, 60.0, 35.625796298323515], [80.0, 2.0, 2.0, 60.0, 37.02476774758143], [16.0, 2.0, 1.0, 30.0, 37.456954746073315], [45.0, 2.0, 2.0, 60.0, 44.72025732460407], [47.0, 2.0, 2.0, 60.0, 51.770060795891936], [104.0, 2.0, 2.0, 60.0, 67.39154057863942], [79.0, 2.0, 2.0, 60.0, 67.78801156455697], [65.0, 2.0, 2.0, 60.0, 73.02081579727279], [10.0, 3.0, 1.0, 30.0, 73.37299733126183], [92.0, 2.0, 2.0, 60.0, 78.81811547138163], [34.0, 2.0, 2.0, 60.0, 87.47475223580068], [23.0, 1.0, 1.0, 30.0, 89.40922635875023], [55.0, 2.0, 2.0, 60.0, 95.5671546720581], [184.0, 3.0, 2.0, 60.0, 96.33602094118923], [121.0, 3.0, 2.0, 60.0, 96.7939072781402], [61.0, 2.0, 2.0, 60.0, 98.36980328880216], [90.0, 2.0, 2.0, 60.0, 102.87579966565295], [18.0, 1.0, 1.0, 30.0, 104.9407263143454], [13.0, 1.0, 1.0, 30.0, 111.17765606341352], [184.0, 2.0, 2.0, 60.0, 112.29553792447513], [59.0, 3.0, 2.0, 60.0, 121.48538924519744], [87.0, 3.0, 1.0, 30.0, 127.62081856126873], [76.0, 1.0, 1.0, 30.0, 130.89979933108373], [64.0, 2.0, 2.0, 60.0, 132.98523286264282], [79.0, 1.0, 1.0, 30.0, 135.25183130913413], [74.0, 1.0, 1.0, 30.0, 135.6372170444124], [132.0, 1.0, 1.0, 30.0, 136.53537831628518], [13.0, 1.0, 1.0, 30.0, 139.96198057430644], [37.0, 1.0, 1.0, 30.0, 141.90538175510554], [3.0, 1.0, 2.0, 60.0, 148.22641604293108], [105.0, 1.0, 1.0, 30.0, 151.7688691800117], [19.0, 2.0, 2.0, 60.0, 152.9585189515018], [17.0, 2.0, 2.0, 60.0, 155.26396063278915], [45.0, 3.0, 2.0, 60.0, 158.4717443187417], [41.0, 2.0, 2.0, 60.0, 160.19091112593068], [14.0, 3.0, 2.0, 60.0, 161.80046723046223], [40.0, 2.0, 2.0, 60.0, 166.19504064142495], [119.0, 2.0, 2.0, 60.0, 167.67977668606895], [52.0, 2.0, 2.0, 60.0, 174.34828881122837], [52.0, 2.0, 2.0, 60.0, 181.30260874245792], [445.0, 2.0, 1.0, 30.0, 186.72302338228388], [68.0, 2.0, 2.0, 60.0, 187.08816512218607], [55.0, 2.0, 2.0, 60.0, 192.75850263079985], [27.0, 2.0, 2.0, 60.0, 199.5301925701257], [129.0, 1.0, 1.0, 30.0, 205.14039082741283], [45.0, 2.0, 2.0, 60.0, 206.54063642859495], [22.0, 2.0, 1.0, 30.0, 208.1453173837751], [17.0, 1.0, 1.0, 30.0, 208.9739969202831], [24.0, 3.0, 1.0, 30.0, 210.74581448374042], [18.0, 1.0, 1.0, 30.0, 210.85151326578935], [59.0, 2.0, 3.0, 120.0, 211.68829524636791], [58.0, 2.0, 2.0, 60.0, 218.2635794691037], [79.0, 2.0, 2.0, 60.0, 238.24236082502787], [79.0, 1.0, 2.0, 60.0, 241.06005128697106], [91.0, 1.0, 1.0, 30.0, 242.4802497949752], [62.0, 2.0, 2.0, 60.0, 244.4690310645114], [134.0, 3.0, 2.0, 60.0, 246.27574217918595], [80.0, 2.0, 2.0, 60.0, 246.92391019530396], [22.0, 2.0, 2.0, 60.0, 252.340535869662], [79.0, 1.0, 1.0, 30.0, 259.21978013724924], [107.0, 2.0, 2.0, 60.0, 266.7588257904633], [53.0, 2.0, 2.0, 60.0, 293.3082397692622], [55.0, 3.0, 1.0, 30.0, 303.841540943146], [17.0, 1.0, 1.0, 30.0, 312.06587014562393], [46.0, 3.0, 2.0, 60.0, 317.28332755550696], [84.0, 1.0, 1.0, 30.0, 320.2459485503109], [29.0, 3.0, 1.0, 30.0, 320.46821633167013], [93.0, 2.0, 2.0, 60.0, 325.25123026577114], [10.0, 1.0, 1.0, 30.0, 328.35814570323583], [72.0, 3.0, 1.0, 30.0, 335.8979525787838], [105.0, 1.0, 2.0, 60.0, 346.037960484565], [9.0, 3.0, 1.0, 30.0, 347.69830455805135], [66.0, 2.0, 1.0, 30.0, 347.94705816407], [12.0, 2.0, 2.0, 60.0, 352.5711693396838], [64.0, 1.0, 2.0, 60.0, 365.3382663386541], [134.0, 3.0, 2.0, 60.0, 369.44362432169635], [99.0, 2.0, 2.0, 60.0, 380.09833875091823], [28.0, 1.0, 1.0, 30.0, 383.8634124776174], [86.0, 2.0, 2.0, 60.0, 390.4333827158369], [100.0, 3.0, 3.0, 120.0, 391.8772976892559], [111.0, 1.0, 1.0, 30.0, 392.54938394344936], [19.0, 1.0, 1.0, 30.0, 393.26178810715084], [100.0, 3.0, 3.0, 120.0, 393.85019969752625], [47.0, 2.0, 2.0, 60.0, 394.1235652920939], [100.0, 2.0, 3.0, 120.0, 402.7065312495663], [272.0, 1.0, 1.0, 30.0, 404.9496062434009], [40.0, 2.0, 2.0, 60.0, 406.8802625567264], [81.0, 1.0, 2.0, 60.0, 411.5550592296831], [13.0, 2.0, 2.0, 60.0, 412.491396507024], [60.0, 2.0, 2.0, 60.0, 422.0828587162822], [92.0, 2.0, 2.0, 60.0, 428.54263891348444], [5.0, 1.0, 1.0, 30.0, 430.18884989348794], [32.0, 2.0, 2.0, 60.0, 431.1918089653501], [115.0, 3.0, 1.0, 30.0, 433.84690701169285]]","[93, 94, 95, 96, 97, 98]","[[0], [0, 1, 2, 3, 0], [0]]","[1, 1, 1, 1, 1, 1]",200,10
124,351.0763639529547,0.01345744530359904,0.2740318394428075,8.180434403836564,7.539469431765979,30.62238694622085,45.380908913881115,914.1435105198528,1267.5729864326556,9,0.26380952380952377,0.60635312115299,0.035956526058516215,"[0, 0, 0]","[40.851734187366446, 16.15808339202789, 5.157129555108629]",6,6000,"[[ 0.          8.88913101 11.1747551   9.51332972  8.68306335]
 [ 8.88913101  0.          2.35637752  1.43427687  0.78962643]
 [11.1747551   2.35637752  0.          2.63139693  3.14600395]
 [ 9.51332972  1.43427687  2.63139693  0.          1.34044277]
 [ 8.68306335  0.78962643  3.14600395  1.34044277  0.        ]]","[[20.0, 2.0, 2.0, 60.0, 0.0], [45.0, 1.0, 2.0, 60.0, 0.0], [100.0, 2.0, 2.0, 60.0, 0.0], [46.0, 2.0, 1.0, 30.0, 0.0], [29.0, 3.0, 1.0, 30.0, 0.0], [89.0, 2.0, 2.0, 60.0, 0.0], [21.0, 1.0, 2.0, 60.0, 0.0], [110.0, 1.0, 1.0, 30.0, 0.0], [30.0, 2.0, 2.0, 60.0, 0.0], [53.0, 2.0, 2.0, 60.0, 0.0], [35.0, 3.0, 1.0, 30.0, 0.0], [29.0, 3.0, 1.0, 30.0, 0.0], [85.0, 3.0, 2.0, 60.0, 0.0], [21.0, 3.0, 2.0, 60.0, 0.0], [48.0, 2.0, 2.0, 60.0, 0.0], [45.0, 2.0, 2.0, 60.0, 0.0], [88.0, 3.0, 3.0, 120.0, 0.0], [58.0, 2.0, 2.0, 60.0, 0.0], [141.0, 1.0, 2.0, 60.0, 0.0], [445.0, 1.0, 1.0, 30.0, 0.0], [55.0, 2.0, 2.0, 60.0, 0.0], [100.0, 1.0, 3.0, 120.0, 0.0], [25.0, 2.0, 2.0, 60.0, 0.0], [4.0, 1.0, 1.0, 30.0, 0.0], [73.0, 3.0, 2.0, 60.0, 12.021043019829973], [11.0, 1.0, 2.0, 60.0, 23.70199129895224], [24.0, 2.0, 2.0, 60.0, 35.625796298323515], [80.0, 2.0, 2.0, 60.0, 37.02476774758143], [16.0, 2.0, 1.0, 30.0, 37.456954746073315], [45.0, 2.0, 2.0, 60.0, 44.72025732460407], [47.0, 2.0, 2.0, 60.0, 51.770060795891936], [104.0, 2.0, 2.0, 60.0, 67.39154057863942], [79.0, 2.0, 2.0, 60.0, 67.78801156455697], [65.0, 2.0, 2.0, 60.0, 73.02081579727279], [10.0, 3.0, 1.0, 30.0, 73.37299733126183], [92.0, 2.0, 2.0, 60.0, 78.81811547138163], [34.0, 2.0, 2.0, 60.0, 87.47475223580068], [23.0, 1.0, 1.0, 30.0, 89.40922635875023], [55.0, 2.0, 2.0, 60.0, 95.5671546720581], [184.0, 3.0, 2.0, 60.0, 96.33602094118923], [121.0, 3.0, 2.0, 60.0, 96.7939072781402], [61.0, 2.0, 2.0, 60.0, 98.36980328880216], [90.0, 2.0, 2.0, 60.0, 102.87579966565295], [18.0, 1.0, 1.0, 30.0, 104.9407263143454], [13.0, 1.0, 1.0, 30.0, 111.17765606341352], [184.0, 2.0, 2.0, 60.0, 112.29553792447513], [59.0, 3.0, 2.0, 60.0, 121.48538924519744], [87.0, 3.0, 1.0, 30.0, 127.62081856126873], [76.0, 1.0, 1.0, 30.0, 130.89979933108373], [64.0, 2.0, 2.0, 60.0, 132.98523286264282], [79.0, 1.0, 1.0, 30.0, 135.25183130913413], [74.0, 1.0, 1.0, 30.0, 135.6372170444124], [132.0, 1.0, 1.0, 30.0, 136.53537831628518], [13.0, 1.0, 1.0, 30.0, 139.96198057430644], [37.0, 1.0, 1.0, 30.0, 141.90538175510554], [3.0, 1.0, 2.0, 60.0, 148.22641604293108], [105.0, 1.0, 1.0, 30.0, 151.7688691800117], [19.0, 2.0, 2.0, 60.0, 152.9585189515018], [17.0, 2.0, 2.0, 60.0, 155.26396063278915], [45.0, 3.0, 2.0, 60.0, 158.4717443187417], [41.0, 2.0, 2.0, 60.0, 160.19091112593068], [14.0, 3.0, 2.0, 60.0, 161.80046723046223], [40.0, 2.0, 2.0, 60.0, 166.19504064142495], [119.0, 2.0, 2.0, 60.0, 167.67977668606895], [52.0, 2.0, 2.0, 60.0, 174.34828881122837], [52.0, 2.0, 2.0, 60.0, 181.30260874245792], [445.0, 2.0, 1.0, 30.0, 186.72302338228388], [68.0, 2.0, 2.0, 60.0, 187.08816512218607], [55.0, 2.0, 2.0, 60.0, 192.75850263079985], [27.0, 2.0, 2.0, 60.0, 199.5301925701257], [129.0, 1.0, 1.0, 30.0, 205.14039082741283], [45.0, 2.0, 2.0, 60.0, 206.54063642859495], [22.0, 2.0, 1.0, 30.0, 208.1453173837751], [17.0, 1.0, 1.0, 30.0, 208.9739969202831], [24.0, 3.0, 1.0, 30.0, 210.74581448374042], [18.0, 1.0, 1.0, 30.0, 210.85151326578935], [59.0, 2.0, 3.0, 120.0, 211.68829524636791], [58.0, 2.0, 2.0, 60.0, 218.2635794691037], [79.0, 2.0, 2.0, 60.0, 238.24236082502787], [79.0, 1.0, 2.0, 60.0, 241.06005128697106], [91.0, 1.0, 1.0, 30.0, 242.4802497949752], [62.0, 2.0, 2.0, 60.0, 244.4690310645114], [134.0, 3.0, 2.0, 60.0, 246.27574217918595], [80.0, 2.0, 2.0, 60.0, 246.92391019530396], [22.0, 2.0, 2.0, 60.0, 252.340535869662], [79.0, 1.0, 1.0, 30.0, 259.21978013724924], [107.0, 2.0, 2.0, 60.0, 266.7588257904633], [53.0, 2.0, 2.0, 60.0, 293.3082397692622], [55.0, 3.0, 1.0, 30.0, 303.841540943146], [17.0, 1.0, 1.0, 30.0, 312.06587014562393], [46.0, 3.0, 2.0, 60.0, 317.28332755550696], [84.0, 1.0, 1.0, 30.0, 320.2459485503109], [29.0, 3.0, 1.0, 30.0, 320.46821633167013], [93.0, 2.0, 2.0, 60.0, 325.25123026577114], [10.0, 1.0, 1.0, 30.0, 328.35814570323583], [72.0, 3.0, 1.0, 30.0, 335.8979525787838], [105.0, 1.0, 2.0, 60.0, 346.037960484565], [9.0, 3.0, 1.0, 30.0, 347.69830455805135], [66.0, 2.0, 1.0, 30.0, 347.94705816407], [12.0, 2.0, 2.0, 60.0, 352.5711693396838], [64.0, 1.0, 2.0, 60.0, 365.3382663386541], [134.0, 3.0, 2.0, 60.0, 369.44362432169635], [99.0, 2.0, 2.0, 60.0, 380.09833875091823], [28.0, 1.0, 1.0, 30.0, 383.8634124776174], [86.0, 2.0, 2.0, 60.0, 390.4333827158369], [100.0, 3.0, 3.0, 120.0, 391.8772976892559], [111.0, 1.0, 1.0, 30.0, 392.54938394344936], [19.0, 1.0, 1.0, 30.0, 393.26178810715084], [100.0, 3.0, 3.0, 120.0, 393.85019969752625], [47.0, 2.0, 2.0, 60.0, 394.1235652920939], [100.0, 2.0, 3.0, 120.0, 402.7065312495663], [272.0, 1.0, 1.0, 30.0, 404.9496062434009], [40.0, 2.0, 2.0, 60.0, 406.8802625567264], [81.0, 1.0, 2.0, 60.0, 411.5550592296831], [13.0, 2.0, 2.0, 60.0, 412.491396507024], [60.0, 2.0, 2.0, 60.0, 422.0828587162822], [92.0, 2.0, 2.0, 60.0, 428.54263891348444], [5.0, 1.0, 1.0, 30.0, 430.18884989348794], [32.0, 2.0, 2.0, 60.0, 431.1918089653501], [115.0, 3.0, 1.0, 30.0, 433.84690701169285]]","[93, 94, 95, 96, 97, 98]","[[0], [0, 1, 2, 3, 0], [0]]","[1, 1, 1, 1, 1, 1]",200,10
125,353.08982139825827,0.014536257584889729,0.2923575358915586,13.48917602891613,5.6192375936377,32.082697035906165,77.82829991334967,1480.273619354375,1783.695426050565,1,0.30428571428571427,0.637345941952165,0.060442934859239184,"[0, 0, 0]","[42.86519163267005, 16.15808339202789, 7.170587000412228]",6,6000,"[[ 0.          8.6881642  10.97378829  9.35594754  8.59871966]
 [ 8.6881642   0.          2.35637752  1.43427687  0.90520705]
 [10.97378829  2.35637752  0.          2.63139693  3.26158457]
 [ 9.35594754  1.43427687  2.63139693  0.          1.45602339]
 [ 8.59871966  0.90520705  3.26158457  1.45602339  0.        ]]","[[20.0, 2.0, 2.0, 60.0, 0.0], [45.0, 1.0, 2.0, 60.0, 0.0], [100.0, 2.0, 2.0, 60.0, 0.0], [46.0, 2.0, 1.0, 30.0, 0.0], [29.0, 3.0, 1.0, 30.0, 0.0], [89.0, 2.0, 2.0, 60.0, 0.0], [21.0, 1.0, 2.0, 60.0, 0.0], [110.0, 1.0, 1.0, 30.0, 0.0], [30.0, 2.0, 2.0, 60.0, 0.0], [53.0, 2.0, 2.0, 60.0, 0.0], [35.0, 3.0, 1.0, 30.0, 0.0], [29.0, 3.0, 1.0, 30.0, 0.0], [85.0, 3.0, 2.0, 60.0, 0.0], [21.0, 3.0, 2.0, 60.0, 0.0], [48.0, 2.0, 2.0, 60.0, 0.0], [45.0, 2.0, 2.0, 60.0, 0.0], [88.0, 3.0, 3.0, 120.0, 0.0], [58.0, 2.0, 2.0, 60.0, 0.0], [141.0, 1.0, 2.0, 60.0, 0.0], [445.0, 1.0, 1.0, 30.0, 0.0], [55.0, 2.0, 2.0, 60.0, 0.0], [100.0, 1.0, 3.0, 120.0, 0.0], [25.0, 2.0, 2.0, 60.0, 0.0], [4.0, 1.0, 1.0, 30.0, 0.0], [73.0, 3.0, 2.0, 60.0, 12.021043019829973], [11.0, 1.0, 2.0, 60.0, 23.70199129895224], [24.0, 2.0, 2.0, 60.0, 35.625796298323515], [80.0, 2.0, 2.0, 60.0, 37.02476774758143], [16.0, 2.0, 1.0, 30.0, 37.456954746073315], [45.0, 2.0, 2.0, 60.0, 44.72025732460407], [47.0, 2.0, 2.0, 60.0, 51.770060795891936], [104.0, 2.0, 2.0, 60.0, 67.39154057863942], [79.0, 2.0, 2.0, 60.0, 67.78801156455697], [65.0, 2.0, 2.0, 60.0, 73.02081579727279], [10.0, 3.0, 1.0, 30.0, 73.37299733126183], [92.0, 2.0, 2.0, 60.0, 78.81811547138163], [34.0, 2.0, 2.0, 60.0, 87.47475223580068], [23.0, 1.0, 1.0, 30.0, 89.40922635875023], [55.0, 2.0, 2.0, 60.0, 95.5671546720581], [184.0, 3.0, 2.0, 60.0, 96.33602094118923], [121.0, 3.0, 2.0, 60.0, 96.7939072781402], [61.0, 2.0, 2.0, 60.0, 98.36980328880216], [90.0, 2.0, 2.0, 60.0, 102.87579966565295], [18.0, 1.0, 1.0, 30.0, 104.9407263143454], [13.0, 1.0, 1.0, 30.0, 111.17765606341352], [184.0, 2.0, 2.0, 60.0, 112.29553792447513], [59.0, 3.0, 2.0, 60.0, 121.48538924519744], [87.0, 3.0, 1.0, 30.0, 127.62081856126873], [76.0, 1.0, 1.0, 30.0, 130.89979933108373], [64.0, 2.0, 2.0, 60.0, 132.98523286264282], [79.0, 1.0, 1.0, 30.0, 135.25183130913413], [74.0, 1.0, 1.0, 30.0, 135.6372170444124], [132.0, 1.0, 1.0, 30.0, 136.53537831628518], [13.0, 1.0, 1.0, 30.0, 139.96198057430644], [37.0, 1.0, 1.0, 30.0, 141.90538175510554], [3.0, 1.0, 2.0, 60.0, 148.22641604293108], [105.0, 1.0, 1.0, 30.0, 151.7688691800117], [19.0, 2.0, 2.0, 60.0, 152.9585189515018], [17.0, 2.0, 2.0, 60.0, 155.26396063278915], [45.0, 3.0, 2.0, 60.0, 158.4717443187417], [41.0, 2.0, 2.0, 60.0, 160.19091112593068], [14.0, 3.0, 2.0, 60.0, 161.80046723046223], [40.0, 2.0, 2.0, 60.0, 166.19504064142495], [119.0, 2.0, 2.0, 60.0, 167.67977668606895], [52.0, 2.0, 2.0, 60.0, 174.34828881122837], [52.0, 2.0, 2.0, 60.0, 181.30260874245792], [445.0, 2.0, 1.0, 30.0, 186.72302338228388], [68.0, 2.0, 2.0, 60.0, 187.08816512218607], [55.0, 2.0, 2.0, 60.0, 192.75850263079985], [27.0, 2.0, 2.0, 60.0, 199.5301925701257], [129.0, 1.0, 1.0, 30.0, 205.14039082741283], [45.0, 2.0, 2.0, 60.0, 206.54063642859495], [22.0, 2.0, 1.0, 30.0, 208.1453173837751], [17.0, 1.0, 1.0, 30.0, 208.9739969202831], [24.0, 3.0, 1.0, 30.0, 210.74581448374042], [18.0, 1.0, 1.0, 30.0, 210.85151326578935], [59.0, 2.0, 3.0, 120.0, 211.68829524636791], [58.0, 2.0, 2.0, 60.0, 218.2635794691037], [79.0, 2.0, 2.0, 60.0, 238.24236082502787], [79.0, 1.0, 2.0, 60.0, 241.06005128697106], [91.0, 1.0, 1.0, 30.0, 242.4802497949752], [62.0, 2.0, 2.0, 60.0, 244.4690310645114], [134.0, 3.0, 2.0, 60.0, 246.27574217918595], [80.0, 2.0, 2.0, 60.0, 246.92391019530396], [22.0, 2.0, 2.0, 60.0, 252.340535869662], [79.0, 1.0, 1.0, 30.0, 259.21978013724924], [107.0, 2.0, 2.0, 60.0, 266.7588257904633], [53.0, 2.0, 2.0, 60.0, 293.3082397692622], [55.0, 3.0, 1.0, 30.0, 303.841540943146], [17.0, 1.0, 1.0, 30.0, 312.06587014562393], [46.0, 3.0, 2.0, 60.0, 317.28332755550696], [84.0, 1.0, 1.0, 30.0, 320.2459485503109], [29.0, 3.0, 1.0, 30.0, 320.46821633167013], [93.0, 2.0, 2.0, 60.0, 325.25123026577114], [10.0, 1.0, 1.0, 30.0, 328.35814570323583], [72.0, 3.0, 1.0, 30.0, 335.8979525787838], [105.0, 1.0, 2.0, 60.0, 346.037960484565], [9.0, 3.0, 1.0, 30.0, 347.69830455805135], [66.0, 2.0, 1.0, 30.0, 347.94705816407], [12.0, 2.0, 2.0, 60.0, 352.5711693396838], [64.0, 1.0, 2.0, 60.0, 365.3382663386541], [134.0, 3.0, 2.0, 60.0, 369.44362432169635], [99.0, 2.0, 2.0, 60.0, 380.09833875091823], [28.0, 1.0, 1.0, 30.0, 383.8634124776174], [86.0, 2.0, 2.0, 60.0, 390.4333827158369], [100.0, 3.0, 3.0, 120.0, 391.8772976892559], [111.0, 1.0, 1.0, 30.0, 392.54938394344936], [19.0, 1.0, 1.0, 30.0, 393.26178810715084], [100.0, 3.0, 3.0, 120.0, 393.85019969752625], [47.0, 2.0, 2.0, 60.0, 394.1235652920939], [100.0, 2.0, 3.0, 120.0, 402.7065312495663], [272.0, 1.0, 1.0, 30.0, 404.9496062434009], [40.0, 2.0, 2.0, 60.0, 406.8802625567264], [81.0, 1.0, 2.0, 60.0, 411.5550592296831], [13.0, 2.0, 2.0, 60.0, 412.491396507024], [60.0, 2.0, 2.0, 60.0, 422.0828587162822], [92.0, 2.0, 2.0, 60.0, 428.54263891348444], [5.0, 1.0, 1.0, 30.0, 430.18884989348794], [32.0, 2.0, 2.0, 60.0, 431.1918089653501], [115.0, 3.0, 1.0, 30.0, 433.84690701169285]]","[93, 94, 95, 96, 97, 98, 99]","[[0, 2, 0], [0, 2, 1, 3, 0], [0]]","[1, 1, 1, 1, 1, 0, 0]",200,10
126,356.10435765584316,0.018075140317281087,0.20853778272201332,5.859677999670986,5.381306311030679,22.075684972745705,8.428317396090279,620.3020089405145,1144.4173895624679,1,0.15714285714285714,0.4464405187368269,0.03293056498922221,"[0, 3, 0]","[31.90593960117649, 16.15808339202789, 10.185123257997118]",6,6000,"[[ 0.          8.30031611 10.5859402   8.78289511  8.21087157]
 [ 8.30031611  0.          2.35637752  1.33288511  0.9180254 ]
 [10.5859402   2.35637752  0.          2.70684966  3.11317725]
 [ 8.78289511  1.33288511  2.70684966  0.          1.27081905]
 [ 8.21087157  0.9180254   3.11317725  1.27081905  0.        ]]","[[20.0, 2.0, 2.0, 60.0, 0.0], [45.0, 1.0, 2.0, 60.0, 0.0], [100.0, 2.0, 2.0, 60.0, 0.0], [46.0, 2.0, 1.0, 30.0, 0.0], [29.0, 3.0, 1.0, 30.0, 0.0], [89.0, 2.0, 2.0, 60.0, 0.0], [21.0, 1.0, 2.0, 60.0, 0.0], [110.0, 1.0, 1.0, 30.0, 0.0], [30.0, 2.0, 2.0, 60.0, 0.0], [53.0, 2.0, 2.0, 60.0, 0.0], [35.0, 3.0, 1.0, 30.0, 0.0], [29.0, 3.0, 1.0, 30.0, 0.0], [85.0, 3.0, 2.0, 60.0, 0.0], [21.0, 3.0, 2.0, 60.0, 0.0], [48.0, 2.0, 2.0, 60.0, 0.0], [45.0, 2.0, 2.0, 60.0, 0.0], [88.0, 3.0, 3.0, 120.0, 0.0], [58.0, 2.0, 2.0, 60.0, 0.0], [141.0, 1.0, 2.0, 60.0, 0.0], [445.0, 1.0, 1.0, 30.0, 0.0], [55.0, 2.0, 2.0, 60.0, 0.0], [100.0, 1.0, 3.0, 120.0, 0.0], [25.0, 2.0, 2.0, 60.0, 0.0], [4.0, 1.0, 1.0, 30.0, 0.0], [73.0, 3.0, 2.0, 60.0, 12.021043019829973], [11.0, 1.0, 2.0, 60.0, 23.70199129895224], [24.0, 2.0, 2.0, 60.0, 35.625796298323515], [80.0, 2.0, 2.0, 60.0, 37.02476774758143], [16.0, 2.0, 1.0, 30.0, 37.456954746073315], [45.0, 2.0, 2.0, 60.0, 44.72025732460407], [47.0, 2.0, 2.0, 60.0, 51.770060795891936], [104.0, 2.0, 2.0, 60.0, 67.39154057863942], [79.0, 2.0, 2.0, 60.0, 67.78801156455697], [65.0, 2.0, 2.0, 60.0, 73.02081579727279], [10.0, 3.0, 1.0, 30.0, 73.37299733126183], [92.0, 2.0, 2.0, 60.0, 78.81811547138163], [34.0, 2.0, 2.0, 60.0, 87.47475223580068], [23.0, 1.0, 1.0, 30.0, 89.40922635875023], [55.0, 2.0, 2.0, 60.0, 95.5671546720581], [184.0, 3.0, 2.0, 60.0, 96.33602094118923], [121.0, 3.0, 2.0, 60.0, 96.7939072781402], [61.0, 2.0, 2.0, 60.0, 98.36980328880216], [90.0, 2.0, 2.0, 60.0, 102.87579966565295], [18.0, 1.0, 1.0, 30.0, 104.9407263143454], [13.0, 1.0, 1.0, 30.0, 111.17765606341352], [184.0, 2.0, 2.0, 60.0, 112.29553792447513], [59.0, 3.0, 2.0, 60.0, 121.48538924519744], [87.0, 3.0, 1.0, 30.0, 127.62081856126873], [76.0, 1.0, 1.0, 30.0, 130.89979933108373], [64.0, 2.0, 2.0, 60.0, 132.98523286264282], [79.0, 1.0, 1.0, 30.0, 135.25183130913413], [74.0, 1.0, 1.0, 30.0, 135.6372170444124], [132.0, 1.0, 1.0, 30.0, 136.53537831628518], [13.0, 1.0, 1.0, 30.0, 139.96198057430644], [37.0, 1.0, 1.0, 30.0, 141.90538175510554], [3.0, 1.0, 2.0, 60.0, 148.22641604293108], [105.0, 1.0, 1.0, 30.0, 151.7688691800117], [19.0, 2.0, 2.0, 60.0, 152.9585189515018], [17.0, 2.0, 2.0, 60.0, 155.26396063278915], [45.0, 3.0, 2.0, 60.0, 158.4717443187417], [41.0, 2.0, 2.0, 60.0, 160.19091112593068], [14.0, 3.0, 2.0, 60.0, 161.80046723046223], [40.0, 2.0, 2.0, 60.0, 166.19504064142495], [119.0, 2.0, 2.0, 60.0, 167.67977668606895], [52.0, 2.0, 2.0, 60.0, 174.34828881122837], [52.0, 2.0, 2.0, 60.0, 181.30260874245792], [445.0, 2.0, 1.0, 30.0, 186.72302338228388], [68.0, 2.0, 2.0, 60.0, 187.08816512218607], [55.0, 2.0, 2.0, 60.0, 192.75850263079985], [27.0, 2.0, 2.0, 60.0, 199.5301925701257], [129.0, 1.0, 1.0, 30.0, 205.14039082741283], [45.0, 2.0, 2.0, 60.0, 206.54063642859495], [22.0, 2.0, 1.0, 30.0, 208.1453173837751], [17.0, 1.0, 1.0, 30.0, 208.9739969202831], [24.0, 3.0, 1.0, 30.0, 210.74581448374042], [18.0, 1.0, 1.0, 30.0, 210.85151326578935], [59.0, 2.0, 3.0, 120.0, 211.68829524636791], [58.0, 2.0, 2.0, 60.0, 218.2635794691037], [79.0, 2.0, 2.0, 60.0, 238.24236082502787], [79.0, 1.0, 2.0, 60.0, 241.06005128697106], [91.0, 1.0, 1.0, 30.0, 242.4802497949752], [62.0, 2.0, 2.0, 60.0, 244.4690310645114], [134.0, 3.0, 2.0, 60.0, 246.27574217918595], [80.0, 2.0, 2.0, 60.0, 246.92391019530396], [22.0, 2.0, 2.0, 60.0, 252.340535869662], [79.0, 1.0, 1.0, 30.0, 259.21978013724924], [107.0, 2.0, 2.0, 60.0, 266.7588257904633], [53.0, 2.0, 2.0, 60.0, 293.3082397692622], [55.0, 3.0, 1.0, 30.0, 303.841540943146], [17.0, 1.0, 1.0, 30.0, 312.06587014562393], [46.0, 3.0, 2.0, 60.0, 317.28332755550696], [84.0, 1.0, 1.0, 30.0, 320.2459485503109], [29.0, 3.0, 1.0, 30.0, 320.46821633167013], [93.0, 2.0, 2.0, 60.0, 325.25123026577114], [10.0, 1.0, 1.0, 30.0, 328.35814570323583], [72.0, 3.0, 1.0, 30.0, 335.8979525787838], [105.0, 1.0, 2.0, 60.0, 346.037960484565], [9.0, 3.0, 1.0, 30.0, 347.69830455805135], [66.0, 2.0, 1.0, 30.0, 347.94705816407], [12.0, 2.0, 2.0, 60.0, 352.5711693396838], [64.0, 1.0, 2.0, 60.0, 365.3382663386541], [134.0, 3.0, 2.0, 60.0, 369.44362432169635], [99.0, 2.0, 2.0, 60.0, 380.09833875091823], [28.0, 1.0, 1.0, 30.0, 383.8634124776174], [86.0, 2.0, 2.0, 60.0, 390.4333827158369], [100.0, 3.0, 3.0, 120.0, 391.8772976892559], [111.0, 1.0, 1.0, 30.0, 392.54938394344936], [19.0, 1.0, 1.0, 30.0, 393.26178810715084], [100.0, 3.0, 3.0, 120.0, 393.85019969752625], [47.0, 2.0, 2.0, 60.0, 394.1235652920939], [100.0, 2.0, 3.0, 120.0, 402.7065312495663], [272.0, 1.0, 1.0, 30.0, 404.9496062434009], [40.0, 2.0, 2.0, 60.0, 406.8802625567264], [81.0, 1.0, 2.0, 60.0, 411.5550592296831], [13.0, 2.0, 2.0, 60.0, 412.491396507024], [60.0, 2.0, 2.0, 60.0, 422.0828587162822], [92.0, 2.0, 2.0, 60.0, 428.54263891348444], [5.0, 1.0, 1.0, 30.0, 430.18884989348794], [32.0, 2.0, 2.0, 60.0, 431.1918089653501], [115.0, 3.0, 1.0, 30.0, 433.84690701169285]]","[93, 94, 96, 97, 98, 99]","[[0, 2, 3, 0], [3, 2, 1, 0], [0]]","[1, 1, 1, 0, 0, 0]",200,10
127,360.12243279616047,0.015347317854563395,0.20479367349348884,7.26993313691647,5.255072415815795,21.63973374571758,12.009436310449871,768.1849480425653,787.0586087828025,27,0.14400000000000002,0.5548912229838181,0.03165983352114112,"[0, 2, 0]","[31.90593960117649, 13.451233729674287, 14.203198398314399]",6,6000,"[[ 0.          8.45487089 10.56660266  8.61888385  8.235641  ]
 [ 8.45487089  0.          2.23885834  1.14410443  0.9180254 ]
 [10.56660266  2.23885834  0.          2.45424723  3.02975717]
 [ 8.61888385  1.14410443  2.45424723  0.          1.08203836]
 [ 8.235641    0.9180254   3.02975717  1.08203836  0.        ]]","[[20.0, 2.0, 2.0, 60.0, 0.0], [45.0, 1.0, 2.0, 60.0, 0.0], [100.0, 2.0, 2.0, 60.0, 0.0], [46.0, 2.0, 1.0, 30.0, 0.0], [29.0, 3.0, 1.0, 30.0, 0.0], [89.0, 2.0, 2.0, 60.0, 0.0], [21.0, 1.0, 2.0, 60.0, 0.0], [110.0, 1.0, 1.0, 30.0, 0.0], [30.0, 2.0, 2.0, 60.0, 0.0], [53.0, 2.0, 2.0, 60.0, 0.0], [35.0, 3.0, 1.0, 30.0, 0.0], [29.0, 3.0, 1.0, 30.0, 0.0], [85.0, 3.0, 2.0, 60.0, 0.0], [21.0, 3.0, 2.0, 60.0, 0.0], [48.0, 2.0, 2.0, 60.0, 0.0], [45.0, 2.0, 2.0, 60.0, 0.0], [88.0, 3.0, 3.0, 120.0, 0.0], [58.0, 2.0, 2.0, 60.0, 0.0], [141.0, 1.0, 2.0, 60.0, 0.0], [445.0, 1.0, 1.0, 30.0, 0.0], [55.0, 2.0, 2.0, 60.0, 0.0], [100.0, 1.0, 3.0, 120.0, 0.0], [25.0, 2.0, 2.0, 60.0, 0.0], [4.0, 1.0, 1.0, 30.0, 0.0], [73.0, 3.0, 2.0, 60.0, 12.021043019829973], [11.0, 1.0, 2.0, 60.0, 23.70199129895224], [24.0, 2.0, 2.0, 60.0, 35.625796298323515], [80.0, 2.0, 2.0, 60.0, 37.02476774758143], [16.0, 2.0, 1.0, 30.0, 37.456954746073315], [45.0, 2.0, 2.0, 60.0, 44.72025732460407], [47.0, 2.0, 2.0, 60.0, 51.770060795891936], [104.0, 2.0, 2.0, 60.0, 67.39154057863942], [79.0, 2.0, 2.0, 60.0, 67.78801156455697], [65.0, 2.0, 2.0, 60.0, 73.02081579727279], [10.0, 3.0, 1.0, 30.0, 73.37299733126183], [92.0, 2.0, 2.0, 60.0, 78.81811547138163], [34.0, 2.0, 2.0, 60.0, 87.47475223580068], [23.0, 1.0, 1.0, 30.0, 89.40922635875023], [55.0, 2.0, 2.0, 60.0, 95.5671546720581], [184.0, 3.0, 2.0, 60.0, 96.33602094118923], [121.0, 3.0, 2.0, 60.0, 96.7939072781402], [61.0, 2.0, 2.0, 60.0, 98.36980328880216], [90.0, 2.0, 2.0, 60.0, 102.87579966565295], [18.0, 1.0, 1.0, 30.0, 104.9407263143454], [13.0, 1.0, 1.0, 30.0, 111.17765606341352], [184.0, 2.0, 2.0, 60.0, 112.29553792447513], [59.0, 3.0, 2.0, 60.0, 121.48538924519744], [87.0, 3.0, 1.0, 30.0, 127.62081856126873], [76.0, 1.0, 1.0, 30.0, 130.89979933108373], [64.0, 2.0, 2.0, 60.0, 132.98523286264282], [79.0, 1.0, 1.0, 30.0, 135.25183130913413], [74.0, 1.0, 1.0, 30.0, 135.6372170444124], [132.0, 1.0, 1.0, 30.0, 136.53537831628518], [13.0, 1.0, 1.0, 30.0, 139.96198057430644], [37.0, 1.0, 1.0, 30.0, 141.90538175510554], [3.0, 1.0, 2.0, 60.0, 148.22641604293108], [105.0, 1.0, 1.0, 30.0, 151.7688691800117], [19.0, 2.0, 2.0, 60.0, 152.9585189515018], [17.0, 2.0, 2.0, 60.0, 155.26396063278915], [45.0, 3.0, 2.0, 60.0, 158.4717443187417], [41.0, 2.0, 2.0, 60.0, 160.19091112593068], [14.0, 3.0, 2.0, 60.0, 161.80046723046223], [40.0, 2.0, 2.0, 60.0, 166.19504064142495], [119.0, 2.0, 2.0, 60.0, 167.67977668606895], [52.0, 2.0, 2.0, 60.0, 174.34828881122837], [52.0, 2.0, 2.0, 60.0, 181.30260874245792], [445.0, 2.0, 1.0, 30.0, 186.72302338228388], [68.0, 2.0, 2.0, 60.0, 187.08816512218607], [55.0, 2.0, 2.0, 60.0, 192.75850263079985], [27.0, 2.0, 2.0, 60.0, 199.5301925701257], [129.0, 1.0, 1.0, 30.0, 205.14039082741283], [45.0, 2.0, 2.0, 60.0, 206.54063642859495], [22.0, 2.0, 1.0, 30.0, 208.1453173837751], [17.0, 1.0, 1.0, 30.0, 208.9739969202831], [24.0, 3.0, 1.0, 30.0, 210.74581448374042], [18.0, 1.0, 1.0, 30.0, 210.85151326578935], [59.0, 2.0, 3.0, 120.0, 211.68829524636791], [58.0, 2.0, 2.0, 60.0, 218.2635794691037], [79.0, 2.0, 2.0, 60.0, 238.24236082502787], [79.0, 1.0, 2.0, 60.0, 241.06005128697106], [91.0, 1.0, 1.0, 30.0, 242.4802497949752], [62.0, 2.0, 2.0, 60.0, 244.4690310645114], [134.0, 3.0, 2.0, 60.0, 246.27574217918595], [80.0, 2.0, 2.0, 60.0, 246.92391019530396], [22.0, 2.0, 2.0, 60.0, 252.340535869662], [79.0, 1.0, 1.0, 30.0, 259.21978013724924], [107.0, 2.0, 2.0, 60.0, 266.7588257904633], [53.0, 2.0, 2.0, 60.0, 293.3082397692622], [55.0, 3.0, 1.0, 30.0, 303.841540943146], [17.0, 1.0, 1.0, 30.0, 312.06587014562393], [46.0, 3.0, 2.0, 60.0, 317.28332755550696], [84.0, 1.0, 1.0, 30.0, 320.2459485503109], [29.0, 3.0, 1.0, 30.0, 320.46821633167013], [93.0, 2.0, 2.0, 60.0, 325.25123026577114], [10.0, 1.0, 1.0, 30.0, 328.35814570323583], [72.0, 3.0, 1.0, 30.0, 335.8979525787838], [105.0, 1.0, 2.0, 60.0, 346.037960484565], [9.0, 3.0, 1.0, 30.0, 347.69830455805135], [66.0, 2.0, 1.0, 30.0, 347.94705816407], [12.0, 2.0, 2.0, 60.0, 352.5711693396838], [64.0, 1.0, 2.0, 60.0, 365.3382663386541], [134.0, 3.0, 2.0, 60.0, 369.44362432169635], [99.0, 2.0, 2.0, 60.0, 380.09833875091823], [28.0, 1.0, 1.0, 30.0, 383.8634124776174], [86.0, 2.0, 2.0, 60.0, 390.4333827158369], [100.0, 3.0, 3.0, 120.0, 391.8772976892559], [111.0, 1.0, 1.0, 30.0, 392.54938394344936], [19.0, 1.0, 1.0, 30.0, 393.26178810715084], [100.0, 3.0, 3.0, 120.0, 393.85019969752625], [47.0, 2.0, 2.0, 60.0, 394.1235652920939], [100.0, 2.0, 3.0, 120.0, 402.7065312495663], [272.0, 1.0, 1.0, 30.0, 404.9496062434009], [40.0, 2.0, 2.0, 60.0, 406.8802625567264], [81.0, 1.0, 2.0, 60.0, 411.5550592296831], [13.0, 2.0, 2.0, 60.0, 412.491396507024], [60.0, 2.0, 2.0, 60.0, 422.0828587162822], [92.0, 2.0, 2.0, 60.0, 428.54263891348444], [5.0, 1.0, 1.0, 30.0, 430.18884989348794], [32.0, 2.0, 2.0, 60.0, 431.1918089653501], [115.0, 3.0, 1.0, 30.0, 433.84690701169285]]","[94, 96, 97, 98, 99]","[[0, 3, 2, 0], [2, 1, 0], [0]]","[1, 1, 0, 0, 0]",200,10
128,361.137780114015,0.01904443105061849,0.20498580553189524,7.171235184005548,5.29553336221525,21.620396056233496,15.055478264013516,756.3691763353429,808.0796780635034,25,0.12466666666666669,0.4374966451318276,0.032440298641488695,"[0, 2, 0]","[31.90593960117649, 11.212375385782323, 15.218545716168963]",6,6000,"[[ 0.          8.45487089 10.54726497  8.61888385  8.235641  ]
 [ 8.45487089  0.          2.23885834  1.14410443  0.9180254 ]
 [10.54726497  2.23885834  0.          2.45424723  3.02975717]
 [ 8.61888385  1.14410443  2.45424723  0.          1.08203836]
 [ 8.235641    0.9180254   3.02975717  1.08203836  0.        ]]","[[20.0, 2.0, 2.0, 60.0, 0.0], [45.0, 1.0, 2.0, 60.0, 0.0], [100.0, 2.0, 2.0, 60.0, 0.0], [46.0, 2.0, 1.0, 30.0, 0.0], [29.0, 3.0, 1.0, 30.0, 0.0], [89.0, 2.0, 2.0, 60.0, 0.0], [21.0, 1.0, 2.0, 60.0, 0.0], [110.0, 1.0, 1.0, 30.0, 0.0], [30.0, 2.0, 2.0, 60.0, 0.0], [53.0, 2.0, 2.0, 60.0, 0.0], [35.0, 3.0, 1.0, 30.0, 0.0], [29.0, 3.0, 1.0, 30.0, 0.0], [85.0, 3.0, 2.0, 60.0, 0.0], [21.0, 3.0, 2.0, 60.0, 0.0], [48.0, 2.0, 2.0, 60.0, 0.0], [45.0, 2.0, 2.0, 60.0, 0.0], [88.0, 3.0, 3.0, 120.0, 0.0], [58.0, 2.0, 2.0, 60.0, 0.0], [141.0, 1.0, 2.0, 60.0, 0.0], [445.0, 1.0, 1.0, 30.0, 0.0], [55.0, 2.0, 2.0, 60.0, 0.0], [100.0, 1.0, 3.0, 120.0, 0.0], [25.0, 2.0, 2.0, 60.0, 0.0], [4.0, 1.0, 1.0, 30.0, 0.0], [73.0, 3.0, 2.0, 60.0, 12.021043019829973], [11.0, 1.0, 2.0, 60.0, 23.70199129895224], [24.0, 2.0, 2.0, 60.0, 35.625796298323515], [80.0, 2.0, 2.0, 60.0, 37.02476774758143], [16.0, 2.0, 1.0, 30.0, 37.456954746073315], [45.0, 2.0, 2.0, 60.0, 44.72025732460407], [47.0, 2.0, 2.0, 60.0, 51.770060795891936], [104.0, 2.0, 2.0, 60.0, 67.39154057863942], [79.0, 2.0, 2.0, 60.0, 67.78801156455697], [65.0, 2.0, 2.0, 60.0, 73.02081579727279], [10.0, 3.0, 1.0, 30.0, 73.37299733126183], [92.0, 2.0, 2.0, 60.0, 78.81811547138163], [34.0, 2.0, 2.0, 60.0, 87.47475223580068], [23.0, 1.0, 1.0, 30.0, 89.40922635875023], [55.0, 2.0, 2.0, 60.0, 95.5671546720581], [184.0, 3.0, 2.0, 60.0, 96.33602094118923], [121.0, 3.0, 2.0, 60.0, 96.7939072781402], [61.0, 2.0, 2.0, 60.0, 98.36980328880216], [90.0, 2.0, 2.0, 60.0, 102.87579966565295], [18.0, 1.0, 1.0, 30.0, 104.9407263143454], [13.0, 1.0, 1.0, 30.0, 111.17765606341352], [184.0, 2.0, 2.0, 60.0, 112.29553792447513], [59.0, 3.0, 2.0, 60.0, 121.48538924519744], [87.0, 3.0, 1.0, 30.0, 127.62081856126873], [76.0, 1.0, 1.0, 30.0, 130.89979933108373], [64.0, 2.0, 2.0, 60.0, 132.98523286264282], [79.0, 1.0, 1.0, 30.0, 135.25183130913413], [74.0, 1.0, 1.0, 30.0, 135.6372170444124], [132.0, 1.0, 1.0, 30.0, 136.53537831628518], [13.0, 1.0, 1.0, 30.0, 139.96198057430644], [37.0, 1.0, 1.0, 30.0, 141.90538175510554], [3.0, 1.0, 2.0, 60.0, 148.22641604293108], [105.0, 1.0, 1.0, 30.0, 151.7688691800117], [19.0, 2.0, 2.0, 60.0, 152.9585189515018], [17.0, 2.0, 2.0, 60.0, 155.26396063278915], [45.0, 3.0, 2.0, 60.0, 158.4717443187417], [41.0, 2.0, 2.0, 60.0, 160.19091112593068], [14.0, 3.0, 2.0, 60.0, 161.80046723046223], [40.0, 2.0, 2.0, 60.0, 166.19504064142495], [119.0, 2.0, 2.0, 60.0, 167.67977668606895], [52.0, 2.0, 2.0, 60.0, 174.34828881122837], [52.0, 2.0, 2.0, 60.0, 181.30260874245792], [445.0, 2.0, 1.0, 30.0, 186.72302338228388], [68.0, 2.0, 2.0, 60.0, 187.08816512218607], [55.0, 2.0, 2.0, 60.0, 192.75850263079985], [27.0, 2.0, 2.0, 60.0, 199.5301925701257], [129.0, 1.0, 1.0, 30.0, 205.14039082741283], [45.0, 2.0, 2.0, 60.0, 206.54063642859495], [22.0, 2.0, 1.0, 30.0, 208.1453173837751], [17.0, 1.0, 1.0, 30.0, 208.9739969202831], [24.0, 3.0, 1.0, 30.0, 210.74581448374042], [18.0, 1.0, 1.0, 30.0, 210.85151326578935], [59.0, 2.0, 3.0, 120.0, 211.68829524636791], [58.0, 2.0, 2.0, 60.0, 218.2635794691037], [79.0, 2.0, 2.0, 60.0, 238.24236082502787], [79.0, 1.0, 2.0, 60.0, 241.06005128697106], [91.0, 1.0, 1.0, 30.0, 242.4802497949752], [62.0, 2.0, 2.0, 60.0, 244.4690310645114], [134.0, 3.0, 2.0, 60.0, 246.27574217918595], [80.0, 2.0, 2.0, 60.0, 246.92391019530396], [22.0, 2.0, 2.0, 60.0, 252.340535869662], [79.0, 1.0, 1.0, 30.0, 259.21978013724924], [107.0, 2.0, 2.0, 60.0, 266.7588257904633], [53.0, 2.0, 2.0, 60.0, 293.3082397692622], [55.0, 3.0, 1.0, 30.0, 303.841540943146], [17.0, 1.0, 1.0, 30.0, 312.06587014562393], [46.0, 3.0, 2.0, 60.0, 317.28332755550696], [84.0, 1.0, 1.0, 30.0, 320.2459485503109], [29.0, 3.0, 1.0, 30.0, 320.46821633167013], [93.0, 2.0, 2.0, 60.0, 325.25123026577114], [10.0, 1.0, 1.0, 30.0, 328.35814570323583], [72.0, 3.0, 1.0, 30.0, 335.8979525787838], [105.0, 1.0, 2.0, 60.0, 346.037960484565], [9.0, 3.0, 1.0, 30.0, 347.69830455805135], [66.0, 2.0, 1.0, 30.0, 347.94705816407], [12.0, 2.0, 2.0, 60.0, 352.5711693396838], [64.0, 1.0, 2.0, 60.0, 365.3382663386541], [134.0, 3.0, 2.0, 60.0, 369.44362432169635], [99.0, 2.0, 2.0, 60.0, 380.09833875091823], [28.0, 1.0, 1.0, 30.0, 383.8634124776174], [86.0, 2.0, 2.0, 60.0, 390.4333827158369], [100.0, 3.0, 3.0, 120.0, 391.8772976892559], [111.0, 1.0, 1.0, 30.0, 392.54938394344936], [19.0, 1.0, 1.0, 30.0, 393.26178810715084], [100.0, 3.0, 3.0, 120.0, 393.85019969752625], [47.0, 2.0, 2.0, 60.0, 394.1235652920939], [100.0, 2.0, 3.0, 120.0, 402.7065312495663], [272.0, 1.0, 1.0, 30.0, 404.9496062434009], [40.0, 2.0, 2.0, 60.0, 406.8802625567264], [81.0, 1.0, 2.0, 60.0, 411.5550592296831], [13.0, 2.0, 2.0, 60.0, 412.491396507024], [60.0, 2.0, 2.0, 60.0, 422.0828587162822], [92.0, 2.0, 2.0, 60.0, 428.54263891348444], [5.0, 1.0, 1.0, 30.0, 430.18884989348794], [32.0, 2.0, 2.0, 60.0, 431.1918089653501], [115.0, 3.0, 1.0, 30.0, 433.84690701169285]]","[94, 96, 97, 98, 99]","[[0, 3, 2, 0], [2, 1, 0], [0]]","[1, 1, 0, 0, 0]",200,10
129,364.15682454506566,0.011769052346547444,0.20566296671631304,8.393581050113987,4.982301531855149,21.21761450544184,0.0,865.9398912938766,893.9578305820816,15,0.16233333333333333,0.5242486781057734,0.04855055253000592,"[0, 1, 0]","[31.90593960117649, 11.212375385782323, 18.23759014721958]",6,6000,"[[ 0.          8.36784394 10.31669184  8.61888385  8.235641  ]
 [ 8.36784394  0.          1.9488479   1.14141087  0.91533184]
 [10.31669184  1.9488479   0.          2.28203881  2.85754874]
 [ 8.61888385  1.14141087  2.28203881  0.          1.08203836]
 [ 8.235641    0.91533184  2.85754874  1.08203836  0.        ]]","[[20.0, 2.0, 2.0, 60.0, 0.0], [45.0, 1.0, 2.0, 60.0, 0.0], [100.0, 2.0, 2.0, 60.0, 0.0], [46.0, 2.0, 1.0, 30.0, 0.0], [29.0, 3.0, 1.0, 30.0, 0.0], [89.0, 2.0, 2.0, 60.0, 0.0], [21.0, 1.0, 2.0, 60.0, 0.0], [110.0, 1.0, 1.0, 30.0, 0.0], [30.0, 2.0, 2.0, 60.0, 0.0], [53.0, 2.0, 2.0, 60.0, 0.0], [35.0, 3.0, 1.0, 30.0, 0.0], [29.0, 3.0, 1.0, 30.0, 0.0], [85.0, 3.0, 2.0, 60.0, 0.0], [21.0, 3.0, 2.0, 60.0, 0.0], [48.0, 2.0, 2.0, 60.0, 0.0], [45.0, 2.0, 2.0, 60.0, 0.0], [88.0, 3.0, 3.0, 120.0, 0.0], [58.0, 2.0, 2.0, 60.0, 0.0], [141.0, 1.0, 2.0, 60.0, 0.0], [445.0, 1.0, 1.0, 30.0, 0.0], [55.0, 2.0, 2.0, 60.0, 0.0], [100.0, 1.0, 3.0, 120.0, 0.0], [25.0, 2.0, 2.0, 60.0, 0.0], [4.0, 1.0, 1.0, 30.0, 0.0], [73.0, 3.0, 2.0, 60.0, 12.021043019829973], [11.0, 1.0, 2.0, 60.0, 23.70199129895224], [24.0, 2.0, 2.0, 60.0, 35.625796298323515], [80.0, 2.0, 2.0, 60.0, 37.02476774758143], [16.0, 2.0, 1.0, 30.0, 37.456954746073315], [45.0, 2.0, 2.0, 60.0, 44.72025732460407], [47.0, 2.0, 2.0, 60.0, 51.770060795891936], [104.0, 2.0, 2.0, 60.0, 67.39154057863942], [79.0, 2.0, 2.0, 60.0, 67.78801156455697], [65.0, 2.0, 2.0, 60.0, 73.02081579727279], [10.0, 3.0, 1.0, 30.0, 73.37299733126183], [92.0, 2.0, 2.0, 60.0, 78.81811547138163], [34.0, 2.0, 2.0, 60.0, 87.47475223580068], [23.0, 1.0, 1.0, 30.0, 89.40922635875023], [55.0, 2.0, 2.0, 60.0, 95.5671546720581], [184.0, 3.0, 2.0, 60.0, 96.33602094118923], [121.0, 3.0, 2.0, 60.0, 96.7939072781402], [61.0, 2.0, 2.0, 60.0, 98.36980328880216], [90.0, 2.0, 2.0, 60.0, 102.87579966565295], [18.0, 1.0, 1.0, 30.0, 104.9407263143454], [13.0, 1.0, 1.0, 30.0, 111.17765606341352], [184.0, 2.0, 2.0, 60.0, 112.29553792447513], [59.0, 3.0, 2.0, 60.0, 121.48538924519744], [87.0, 3.0, 1.0, 30.0, 127.62081856126873], [76.0, 1.0, 1.0, 30.0, 130.89979933108373], [64.0, 2.0, 2.0, 60.0, 132.98523286264282], [79.0, 1.0, 1.0, 30.0, 135.25183130913413], [74.0, 1.0, 1.0, 30.0, 135.6372170444124], [132.0, 1.0, 1.0, 30.0, 136.53537831628518], [13.0, 1.0, 1.0, 30.0, 139.96198057430644], [37.0, 1.0, 1.0, 30.0, 141.90538175510554], [3.0, 1.0, 2.0, 60.0, 148.22641604293108], [105.0, 1.0, 1.0, 30.0, 151.7688691800117], [19.0, 2.0, 2.0, 60.0, 152.9585189515018], [17.0, 2.0, 2.0, 60.0, 155.26396063278915], [45.0, 3.0, 2.0, 60.0, 158.4717443187417], [41.0, 2.0, 2.0, 60.0, 160.19091112593068], [14.0, 3.0, 2.0, 60.0, 161.80046723046223], [40.0, 2.0, 2.0, 60.0, 166.19504064142495], [119.0, 2.0, 2.0, 60.0, 167.67977668606895], [52.0, 2.0, 2.0, 60.0, 174.34828881122837], [52.0, 2.0, 2.0, 60.0, 181.30260874245792], [445.0, 2.0, 1.0, 30.0, 186.72302338228388], [68.0, 2.0, 2.0, 60.0, 187.08816512218607], [55.0, 2.0, 2.0, 60.0, 192.75850263079985], [27.0, 2.0, 2.0, 60.0, 199.5301925701257], [129.0, 1.0, 1.0, 30.0, 205.14039082741283], [45.0, 2.0, 2.0, 60.0, 206.54063642859495], [22.0, 2.0, 1.0, 30.0, 208.1453173837751], [17.0, 1.0, 1.0, 30.0, 208.9739969202831], [24.0, 3.0, 1.0, 30.0, 210.74581448374042], [18.0, 1.0, 1.0, 30.0, 210.85151326578935], [59.0, 2.0, 3.0, 120.0, 211.68829524636791], [58.0, 2.0, 2.0, 60.0, 218.2635794691037], [79.0, 2.0, 2.0, 60.0, 238.24236082502787], [79.0, 1.0, 2.0, 60.0, 241.06005128697106], [91.0, 1.0, 1.0, 30.0, 242.4802497949752], [62.0, 2.0, 2.0, 60.0, 244.4690310645114], [134.0, 3.0, 2.0, 60.0, 246.27574217918595], [80.0, 2.0, 2.0, 60.0, 246.92391019530396], [22.0, 2.0, 2.0, 60.0, 252.340535869662], [79.0, 1.0, 1.0, 30.0, 259.21978013724924], [107.0, 2.0, 2.0, 60.0, 266.7588257904633], [53.0, 2.0, 2.0, 60.0, 293.3082397692622], [55.0, 3.0, 1.0, 30.0, 303.841540943146], [17.0, 1.0, 1.0, 30.0, 312.06587014562393], [46.0, 3.0, 2.0, 60.0, 317.28332755550696], [84.0, 1.0, 1.0, 30.0, 320.2459485503109], [29.0, 3.0, 1.0, 30.0, 320.46821633167013], [93.0, 2.0, 2.0, 60.0, 325.25123026577114], [10.0, 1.0, 1.0, 30.0, 328.35814570323583], [72.0, 3.0, 1.0, 30.0, 335.8979525787838], [105.0, 1.0, 2.0, 60.0, 346.037960484565], [9.0, 3.0, 1.0, 30.0, 347.69830455805135], [66.0, 2.0, 1.0, 30.0, 347.94705816407], [12.0, 2.0, 2.0, 60.0, 352.5711693396838], [64.0, 1.0, 2.0, 60.0, 365.3382663386541], [134.0, 3.0, 2.0, 60.0, 369.44362432169635], [99.0, 2.0, 2.0, 60.0, 380.09833875091823], [28.0, 1.0, 1.0, 30.0, 383.8634124776174], [86.0, 2.0, 2.0, 60.0, 390.4333827158369], [100.0, 3.0, 3.0, 120.0, 391.8772976892559], [111.0, 1.0, 1.0, 30.0, 392.54938394344936], [19.0, 1.0, 1.0, 30.0, 393.26178810715084], [100.0, 3.0, 3.0, 120.0, 393.85019969752625], [47.0, 2.0, 2.0, 60.0, 394.1235652920939], [100.0, 2.0, 3.0, 120.0, 402.7065312495663], [272.0, 1.0, 1.0, 30.0, 404.9496062434009], [40.0, 2.0, 2.0, 60.0, 406.8802625567264], [81.0, 1.0, 2.0, 60.0, 411.5550592296831], [13.0, 2.0, 2.0, 60.0, 412.491396507024], [60.0, 2.0, 2.0, 60.0, 422.0828587162822], [92.0, 2.0, 2.0, 60.0, 428.54263891348444], [5.0, 1.0, 1.0, 30.0, 430.18884989348794], [32.0, 2.0, 2.0, 60.0, 431.1918089653501], [115.0, 3.0, 1.0, 30.0, 433.84690701169285]]","[97, 98, 99]","[[0, 3, 2, 0], [1, 0], [0]]","[0, 0, 0]",200,10
130,365.1685935974122,0.009006063143412272,0.2670861936724803,8.825823522186656,4.3405916027010845,27.554459548788422,19.217594201497207,910.53301513988,948.6979212126977,2,0.1925,0.7691928290130138,3.7425610525290255e-16,"[2, 1, 0]","[31.90593960117649, 2.8445314427350645, 19.24935919956613]",6,6000,"[[ 0.          8.36784394 10.31669184  8.61888385  8.235641  ]
 [ 8.36784394  0.          1.9488479   1.14141087  0.91533184]
 [10.31669184  1.9488479   0.          2.28203881  2.85754874]
 [ 8.61888385  1.14141087  2.28203881  0.          1.08203836]
 [ 8.235641    0.91533184  2.85754874  1.08203836  0.        ]]","[[20.0, 2.0, 2.0, 60.0, 0.0], [45.0, 1.0, 2.0, 60.0, 0.0], [100.0, 2.0, 2.0, 60.0, 0.0], [46.0, 2.0, 1.0, 30.0, 0.0], [29.0, 3.0, 1.0, 30.0, 0.0], [89.0, 2.0, 2.0, 60.0, 0.0], [21.0, 1.0, 2.0, 60.0, 0.0], [110.0, 1.0, 1.0, 30.0, 0.0], [30.0, 2.0, 2.0, 60.0, 0.0], [53.0, 2.0, 2.0, 60.0, 0.0], [35.0, 3.0, 1.0, 30.0, 0.0], [29.0, 3.0, 1.0, 30.0, 0.0], [85.0, 3.0, 2.0, 60.0, 0.0], [21.0, 3.0, 2.0, 60.0, 0.0], [48.0, 2.0, 2.0, 60.0, 0.0], [45.0, 2.0, 2.0, 60.0, 0.0], [88.0, 3.0, 3.0, 120.0, 0.0], [58.0, 2.0, 2.0, 60.0, 0.0], [141.0, 1.0, 2.0, 60.0, 0.0], [445.0, 1.0, 1.0, 30.0, 0.0], [55.0, 2.0, 2.0, 60.0, 0.0], [100.0, 1.0, 3.0, 120.0, 0.0], [25.0, 2.0, 2.0, 60.0, 0.0], [4.0, 1.0, 1.0, 30.0, 0.0], [73.0, 3.0, 2.0, 60.0, 12.021043019829973], [11.0, 1.0, 2.0, 60.0, 23.70199129895224], [24.0, 2.0, 2.0, 60.0, 35.625796298323515], [80.0, 2.0, 2.0, 60.0, 37.02476774758143], [16.0, 2.0, 1.0, 30.0, 37.456954746073315], [45.0, 2.0, 2.0, 60.0, 44.72025732460407], [47.0, 2.0, 2.0, 60.0, 51.770060795891936], [104.0, 2.0, 2.0, 60.0, 67.39154057863942], [79.0, 2.0, 2.0, 60.0, 67.78801156455697], [65.0, 2.0, 2.0, 60.0, 73.02081579727279], [10.0, 3.0, 1.0, 30.0, 73.37299733126183], [92.0, 2.0, 2.0, 60.0, 78.81811547138163], [34.0, 2.0, 2.0, 60.0, 87.47475223580068], [23.0, 1.0, 1.0, 30.0, 89.40922635875023], [55.0, 2.0, 2.0, 60.0, 95.5671546720581], [184.0, 3.0, 2.0, 60.0, 96.33602094118923], [121.0, 3.0, 2.0, 60.0, 96.7939072781402], [61.0, 2.0, 2.0, 60.0, 98.36980328880216], [90.0, 2.0, 2.0, 60.0, 102.87579966565295], [18.0, 1.0, 1.0, 30.0, 104.9407263143454], [13.0, 1.0, 1.0, 30.0, 111.17765606341352], [184.0, 2.0, 2.0, 60.0, 112.29553792447513], [59.0, 3.0, 2.0, 60.0, 121.48538924519744], [87.0, 3.0, 1.0, 30.0, 127.62081856126873], [76.0, 1.0, 1.0, 30.0, 130.89979933108373], [64.0, 2.0, 2.0, 60.0, 132.98523286264282], [79.0, 1.0, 1.0, 30.0, 135.25183130913413], [74.0, 1.0, 1.0, 30.0, 135.6372170444124], [132.0, 1.0, 1.0, 30.0, 136.53537831628518], [13.0, 1.0, 1.0, 30.0, 139.96198057430644], [37.0, 1.0, 1.0, 30.0, 141.90538175510554], [3.0, 1.0, 2.0, 60.0, 148.22641604293108], [105.0, 1.0, 1.0, 30.0, 151.7688691800117], [19.0, 2.0, 2.0, 60.0, 152.9585189515018], [17.0, 2.0, 2.0, 60.0, 155.26396063278915], [45.0, 3.0, 2.0, 60.0, 158.4717443187417], [41.0, 2.0, 2.0, 60.0, 160.19091112593068], [14.0, 3.0, 2.0, 60.0, 161.80046723046223], [40.0, 2.0, 2.0, 60.0, 166.19504064142495], [119.0, 2.0, 2.0, 60.0, 167.67977668606895], [52.0, 2.0, 2.0, 60.0, 174.34828881122837], [52.0, 2.0, 2.0, 60.0, 181.30260874245792], [445.0, 2.0, 1.0, 30.0, 186.72302338228388], [68.0, 2.0, 2.0, 60.0, 187.08816512218607], [55.0, 2.0, 2.0, 60.0, 192.75850263079985], [27.0, 2.0, 2.0, 60.0, 199.5301925701257], [129.0, 1.0, 1.0, 30.0, 205.14039082741283], [45.0, 2.0, 2.0, 60.0, 206.54063642859495], [22.0, 2.0, 1.0, 30.0, 208.1453173837751], [17.0, 1.0, 1.0, 30.0, 208.9739969202831], [24.0, 3.0, 1.0, 30.0, 210.74581448374042], [18.0, 1.0, 1.0, 30.0, 210.85151326578935], [59.0, 2.0, 3.0, 120.0, 211.68829524636791], [58.0, 2.0, 2.0, 60.0, 218.2635794691037], [79.0, 2.0, 2.0, 60.0, 238.24236082502787], [79.0, 1.0, 2.0, 60.0, 241.06005128697106], [91.0, 1.0, 1.0, 30.0, 242.4802497949752], [62.0, 2.0, 2.0, 60.0, 244.4690310645114], [134.0, 3.0, 2.0, 60.0, 246.27574217918595], [80.0, 2.0, 2.0, 60.0, 246.92391019530396], [22.0, 2.0, 2.0, 60.0, 252.340535869662], [79.0, 1.0, 1.0, 30.0, 259.21978013724924], [107.0, 2.0, 2.0, 60.0, 266.7588257904633], [53.0, 2.0, 2.0, 60.0, 293.3082397692622], [55.0, 3.0, 1.0, 30.0, 303.841540943146], [17.0, 1.0, 1.0, 30.0, 312.06587014562393], [46.0, 3.0, 2.0, 60.0, 317.28332755550696], [84.0, 1.0, 1.0, 30.0, 320.2459485503109], [29.0, 3.0, 1.0, 30.0, 320.46821633167013], [93.0, 2.0, 2.0, 60.0, 325.25123026577114], [10.0, 1.0, 1.0, 30.0, 328.35814570323583], [72.0, 3.0, 1.0, 30.0, 335.8979525787838], [105.0, 1.0, 2.0, 60.0, 346.037960484565], [9.0, 3.0, 1.0, 30.0, 347.69830455805135], [66.0, 2.0, 1.0, 30.0, 347.94705816407], [12.0, 2.0, 2.0, 60.0, 352.5711693396838], [64.0, 1.0, 2.0, 60.0, 365.3382663386541], [134.0, 3.0, 2.0, 60.0, 369.44362432169635], [99.0, 2.0, 2.0, 60.0, 380.09833875091823], [28.0, 1.0, 1.0, 30.0, 383.8634124776174], [86.0, 2.0, 2.0, 60.0, 390.4333827158369], [100.0, 3.0, 3.0, 120.0, 391.8772976892559], [111.0, 1.0, 1.0, 30.0, 392.54938394344936], [19.0, 1.0, 1.0, 30.0, 393.26178810715084], [100.0, 3.0, 3.0, 120.0, 393.85019969752625], [47.0, 2.0, 2.0, 60.0, 394.1235652920939], [100.0, 2.0, 3.0, 120.0, 402.7065312495663], [272.0, 1.0, 1.0, 30.0, 404.9496062434009], [40.0, 2.0, 2.0, 60.0, 406.8802625567264], [81.0, 1.0, 2.0, 60.0, 411.5550592296831], [13.0, 2.0, 2.0, 60.0, 412.491396507024], [60.0, 2.0, 2.0, 60.0, 422.0828587162822], [92.0, 2.0, 2.0, 60.0, 428.54263891348444], [5.0, 1.0, 1.0, 30.0, 430.18884989348794], [32.0, 2.0, 2.0, 60.0, 431.1918089653501], [115.0, 3.0, 1.0, 30.0, 433.84690701169285]]",[97],"[[2, 0, 3, 0], [1, 0], [0]]",[0],200,10
131,366.17759966055564,0.010122950871785481,0.4787435468487645,15.544299172248943,6.151656169971559,49.66381796828779,86.46952397287424,1612.531906939834,1598.8133220256545,1,0.16725,0.5436738141320183,0.18241020313113107,"[2, 1, 0]","[21.5321563313674, 2.8445314427350645, 20.258365262709543]",6,6000,"[[ 0.          8.31535244 10.37378327  8.61888385  8.235641  ]
 [ 8.31535244  0.          2.13378517  1.00458598  0.77850695]
 [10.37378327  2.13378517  0.          2.28203881  2.85754874]
 [ 8.61888385  1.00458598  2.28203881  0.          1.08203836]
 [ 8.235641    0.77850695  2.85754874  1.08203836  0.        ]]","[[20.0, 2.0, 2.0, 60.0, 0.0], [45.0, 1.0, 2.0, 60.0, 0.0], [100.0, 2.0, 2.0, 60.0, 0.0], [46.0, 2.0, 1.0, 30.0, 0.0], [29.0, 3.0, 1.0, 30.0, 0.0], [89.0, 2.0, 2.0, 60.0, 0.0], [21.0, 1.0, 2.0, 60.0, 0.0], [110.0, 1.0, 1.0, 30.0, 0.0], [30.0, 2.0, 2.0, 60.0, 0.0], [53.0, 2.0, 2.0, 60.0, 0.0], [35.0, 3.0, 1.0, 30.0, 0.0], [29.0, 3.0, 1.0, 30.0, 0.0], [85.0, 3.0, 2.0, 60.0, 0.0], [21.0, 3.0, 2.0, 60.0, 0.0], [48.0, 2.0, 2.0, 60.0, 0.0], [45.0, 2.0, 2.0, 60.0, 0.0], [88.0, 3.0, 3.0, 120.0, 0.0], [58.0, 2.0, 2.0, 60.0, 0.0], [141.0, 1.0, 2.0, 60.0, 0.0], [445.0, 1.0, 1.0, 30.0, 0.0], [55.0, 2.0, 2.0, 60.0, 0.0], [100.0, 1.0, 3.0, 120.0, 0.0], [25.0, 2.0, 2.0, 60.0, 0.0], [4.0, 1.0, 1.0, 30.0, 0.0], [73.0, 3.0, 2.0, 60.0, 12.021043019829973], [11.0, 1.0, 2.0, 60.0, 23.70199129895224], [24.0, 2.0, 2.0, 60.0, 35.625796298323515], [80.0, 2.0, 2.0, 60.0, 37.02476774758143], [16.0, 2.0, 1.0, 30.0, 37.456954746073315], [45.0, 2.0, 2.0, 60.0, 44.72025732460407], [47.0, 2.0, 2.0, 60.0, 51.770060795891936], [104.0, 2.0, 2.0, 60.0, 67.39154057863942], [79.0, 2.0, 2.0, 60.0, 67.78801156455697], [65.0, 2.0, 2.0, 60.0, 73.02081579727279], [10.0, 3.0, 1.0, 30.0, 73.37299733126183], [92.0, 2.0, 2.0, 60.0, 78.81811547138163], [34.0, 2.0, 2.0, 60.0, 87.47475223580068], [23.0, 1.0, 1.0, 30.0, 89.40922635875023], [55.0, 2.0, 2.0, 60.0, 95.5671546720581], [184.0, 3.0, 2.0, 60.0, 96.33602094118923], [121.0, 3.0, 2.0, 60.0, 96.7939072781402], [61.0, 2.0, 2.0, 60.0, 98.36980328880216], [90.0, 2.0, 2.0, 60.0, 102.87579966565295], [18.0, 1.0, 1.0, 30.0, 104.9407263143454], [13.0, 1.0, 1.0, 30.0, 111.17765606341352], [184.0, 2.0, 2.0, 60.0, 112.29553792447513], [59.0, 3.0, 2.0, 60.0, 121.48538924519744], [87.0, 3.0, 1.0, 30.0, 127.62081856126873], [76.0, 1.0, 1.0, 30.0, 130.89979933108373], [64.0, 2.0, 2.0, 60.0, 132.98523286264282], [79.0, 1.0, 1.0, 30.0, 135.25183130913413], [74.0, 1.0, 1.0, 30.0, 135.6372170444124], [132.0, 1.0, 1.0, 30.0, 136.53537831628518], [13.0, 1.0, 1.0, 30.0, 139.96198057430644], [37.0, 1.0, 1.0, 30.0, 141.90538175510554], [3.0, 1.0, 2.0, 60.0, 148.22641604293108], [105.0, 1.0, 1.0, 30.0, 151.7688691800117], [19.0, 2.0, 2.0, 60.0, 152.9585189515018], [17.0, 2.0, 2.0, 60.0, 155.26396063278915], [45.0, 3.0, 2.0, 60.0, 158.4717443187417], [41.0, 2.0, 2.0, 60.0, 160.19091112593068], [14.0, 3.0, 2.0, 60.0, 161.80046723046223], [40.0, 2.0, 2.0, 60.0, 166.19504064142495], [119.0, 2.0, 2.0, 60.0, 167.67977668606895], [52.0, 2.0, 2.0, 60.0, 174.34828881122837], [52.0, 2.0, 2.0, 60.0, 181.30260874245792], [445.0, 2.0, 1.0, 30.0, 186.72302338228388], [68.0, 2.0, 2.0, 60.0, 187.08816512218607], [55.0, 2.0, 2.0, 60.0, 192.75850263079985], [27.0, 2.0, 2.0, 60.0, 199.5301925701257], [129.0, 1.0, 1.0, 30.0, 205.14039082741283], [45.0, 2.0, 2.0, 60.0, 206.54063642859495], [22.0, 2.0, 1.0, 30.0, 208.1453173837751], [17.0, 1.0, 1.0, 30.0, 208.9739969202831], [24.0, 3.0, 1.0, 30.0, 210.74581448374042], [18.0, 1.0, 1.0, 30.0, 210.85151326578935], [59.0, 2.0, 3.0, 120.0, 211.68829524636791], [58.0, 2.0, 2.0, 60.0, 218.2635794691037], [79.0, 2.0, 2.0, 60.0, 238.24236082502787], [79.0, 1.0, 2.0, 60.0, 241.06005128697106], [91.0, 1.0, 1.0, 30.0, 242.4802497949752], [62.0, 2.0, 2.0, 60.0, 244.4690310645114], [134.0, 3.0, 2.0, 60.0, 246.27574217918595], [80.0, 2.0, 2.0, 60.0, 246.92391019530396], [22.0, 2.0, 2.0, 60.0, 252.340535869662], [79.0, 1.0, 1.0, 30.0, 259.21978013724924], [107.0, 2.0, 2.0, 60.0, 266.7588257904633], [53.0, 2.0, 2.0, 60.0, 293.3082397692622], [55.0, 3.0, 1.0, 30.0, 303.841540943146], [17.0, 1.0, 1.0, 30.0, 312.06587014562393], [46.0, 3.0, 2.0, 60.0, 317.28332755550696], [84.0, 1.0, 1.0, 30.0, 320.2459485503109], [29.0, 3.0, 1.0, 30.0, 320.46821633167013], [93.0, 2.0, 2.0, 60.0, 325.25123026577114], [10.0, 1.0, 1.0, 30.0, 328.35814570323583], [72.0, 3.0, 1.0, 30.0, 335.8979525787838], [105.0, 1.0, 2.0, 60.0, 346.037960484565], [9.0, 3.0, 1.0, 30.0, 347.69830455805135], [66.0, 2.0, 1.0, 30.0, 347.94705816407], [12.0, 2.0, 2.0, 60.0, 352.5711693396838], [64.0, 1.0, 2.0, 60.0, 365.3382663386541], [134.0, 3.0, 2.0, 60.0, 369.44362432169635], [99.0, 2.0, 2.0, 60.0, 380.09833875091823], [28.0, 1.0, 1.0, 30.0, 383.8634124776174], [86.0, 2.0, 2.0, 60.0, 390.4333827158369], [100.0, 3.0, 3.0, 120.0, 391.8772976892559], [111.0, 1.0, 1.0, 30.0, 392.54938394344936], [19.0, 1.0, 1.0, 30.0, 393.26178810715084], [100.0, 3.0, 3.0, 120.0, 393.85019969752625], [47.0, 2.0, 2.0, 60.0, 394.1235652920939], [100.0, 2.0, 3.0, 120.0, 402.7065312495663], [272.0, 1.0, 1.0, 30.0, 404.9496062434009], [40.0, 2.0, 2.0, 60.0, 406.8802625567264], [81.0, 1.0, 2.0, 60.0, 411.5550592296831], [13.0, 2.0, 2.0, 60.0, 412.491396507024], [60.0, 2.0, 2.0, 60.0, 422.0828587162822], [92.0, 2.0, 2.0, 60.0, 428.54263891348444], [5.0, 1.0, 1.0, 30.0, 430.18884989348794], [32.0, 2.0, 2.0, 60.0, 431.1918089653501], [115.0, 3.0, 1.0, 30.0, 433.84690701169285]]","[97, 100]","[[2, 0], [1, 0, 3, 1, 0], [0]]","[1, 1]",200,10
132,370.18772261142743,0.011788113911946615,0.4929805004881521,15.155065955832702,9.734701188504848,51.094694188968674,35.47103868381157,1570.7385173656214,1663.2017214727382,2,0.31708333333333333,0.6974400346840623,0.17955935105507717,"[2, 1, 0]","[21.5321563313674, 2.8445314427350645, 24.26848821358133]",6,6000,"[[ 0.          8.49238169 10.36444527  8.79591311  8.41267025]
 [ 8.49238169  0.          2.18599055  1.00458598  0.77850695]
 [10.36444527  2.18599055  0.          2.0750606   2.65057053]
 [ 8.79591311  1.00458598  2.0750606   0.          1.08203836]
 [ 8.41267025  0.77850695  2.65057053  1.08203836  0.        ]]","[[20.0, 2.0, 2.0, 60.0, 0.0], [45.0, 1.0, 2.0, 60.0, 0.0], [100.0, 2.0, 2.0, 60.0, 0.0], [46.0, 2.0, 1.0, 30.0, 0.0], [29.0, 3.0, 1.0, 30.0, 0.0], [89.0, 2.0, 2.0, 60.0, 0.0], [21.0, 1.0, 2.0, 60.0, 0.0], [110.0, 1.0, 1.0, 30.0, 0.0], [30.0, 2.0, 2.0, 60.0, 0.0], [53.0, 2.0, 2.0, 60.0, 0.0], [35.0, 3.0, 1.0, 30.0, 0.0], [29.0, 3.0, 1.0, 30.0, 0.0], [85.0, 3.0, 2.0, 60.0, 0.0], [21.0, 3.0, 2.0, 60.0, 0.0], [48.0, 2.0, 2.0, 60.0, 0.0], [45.0, 2.0, 2.0, 60.0, 0.0], [88.0, 3.0, 3.0, 120.0, 0.0], [58.0, 2.0, 2.0, 60.0, 0.0], [141.0, 1.0, 2.0, 60.0, 0.0], [445.0, 1.0, 1.0, 30.0, 0.0], [55.0, 2.0, 2.0, 60.0, 0.0], [100.0, 1.0, 3.0, 120.0, 0.0], [25.0, 2.0, 2.0, 60.0, 0.0], [4.0, 1.0, 1.0, 30.0, 0.0], [73.0, 3.0, 2.0, 60.0, 12.021043019829973], [11.0, 1.0, 2.0, 60.0, 23.70199129895224], [24.0, 2.0, 2.0, 60.0, 35.625796298323515], [80.0, 2.0, 2.0, 60.0, 37.02476774758143], [16.0, 2.0, 1.0, 30.0, 37.456954746073315], [45.0, 2.0, 2.0, 60.0, 44.72025732460407], [47.0, 2.0, 2.0, 60.0, 51.770060795891936], [104.0, 2.0, 2.0, 60.0, 67.39154057863942], [79.0, 2.0, 2.0, 60.0, 67.78801156455697], [65.0, 2.0, 2.0, 60.0, 73.02081579727279], [10.0, 3.0, 1.0, 30.0, 73.37299733126183], [92.0, 2.0, 2.0, 60.0, 78.81811547138163], [34.0, 2.0, 2.0, 60.0, 87.47475223580068], [23.0, 1.0, 1.0, 30.0, 89.40922635875023], [55.0, 2.0, 2.0, 60.0, 95.5671546720581], [184.0, 3.0, 2.0, 60.0, 96.33602094118923], [121.0, 3.0, 2.0, 60.0, 96.7939072781402], [61.0, 2.0, 2.0, 60.0, 98.36980328880216], [90.0, 2.0, 2.0, 60.0, 102.87579966565295], [18.0, 1.0, 1.0, 30.0, 104.9407263143454], [13.0, 1.0, 1.0, 30.0, 111.17765606341352], [184.0, 2.0, 2.0, 60.0, 112.29553792447513], [59.0, 3.0, 2.0, 60.0, 121.48538924519744], [87.0, 3.0, 1.0, 30.0, 127.62081856126873], [76.0, 1.0, 1.0, 30.0, 130.89979933108373], [64.0, 2.0, 2.0, 60.0, 132.98523286264282], [79.0, 1.0, 1.0, 30.0, 135.25183130913413], [74.0, 1.0, 1.0, 30.0, 135.6372170444124], [132.0, 1.0, 1.0, 30.0, 136.53537831628518], [13.0, 1.0, 1.0, 30.0, 139.96198057430644], [37.0, 1.0, 1.0, 30.0, 141.90538175510554], [3.0, 1.0, 2.0, 60.0, 148.22641604293108], [105.0, 1.0, 1.0, 30.0, 151.7688691800117], [19.0, 2.0, 2.0, 60.0, 152.9585189515018], [17.0, 2.0, 2.0, 60.0, 155.26396063278915], [45.0, 3.0, 2.0, 60.0, 158.4717443187417], [41.0, 2.0, 2.0, 60.0, 160.19091112593068], [14.0, 3.0, 2.0, 60.0, 161.80046723046223], [40.0, 2.0, 2.0, 60.0, 166.19504064142495], [119.0, 2.0, 2.0, 60.0, 167.67977668606895], [52.0, 2.0, 2.0, 60.0, 174.34828881122837], [52.0, 2.0, 2.0, 60.0, 181.30260874245792], [445.0, 2.0, 1.0, 30.0, 186.72302338228388], [68.0, 2.0, 2.0, 60.0, 187.08816512218607], [55.0, 2.0, 2.0, 60.0, 192.75850263079985], [27.0, 2.0, 2.0, 60.0, 199.5301925701257], [129.0, 1.0, 1.0, 30.0, 205.14039082741283], [45.0, 2.0, 2.0, 60.0, 206.54063642859495], [22.0, 2.0, 1.0, 30.0, 208.1453173837751], [17.0, 1.0, 1.0, 30.0, 208.9739969202831], [24.0, 3.0, 1.0, 30.0, 210.74581448374042], [18.0, 1.0, 1.0, 30.0, 210.85151326578935], [59.0, 2.0, 3.0, 120.0, 211.68829524636791], [58.0, 2.0, 2.0, 60.0, 218.2635794691037], [79.0, 2.0, 2.0, 60.0, 238.24236082502787], [79.0, 1.0, 2.0, 60.0, 241.06005128697106], [91.0, 1.0, 1.0, 30.0, 242.4802497949752], [62.0, 2.0, 2.0, 60.0, 244.4690310645114], [134.0, 3.0, 2.0, 60.0, 246.27574217918595], [80.0, 2.0, 2.0, 60.0, 246.92391019530396], [22.0, 2.0, 2.0, 60.0, 252.340535869662], [79.0, 1.0, 1.0, 30.0, 259.21978013724924], [107.0, 2.0, 2.0, 60.0, 266.7588257904633], [53.0, 2.0, 2.0, 60.0, 293.3082397692622], [55.0, 3.0, 1.0, 30.0, 303.841540943146], [17.0, 1.0, 1.0, 30.0, 312.06587014562393], [46.0, 3.0, 2.0, 60.0, 317.28332755550696], [84.0, 1.0, 1.0, 30.0, 320.2459485503109], [29.0, 3.0, 1.0, 30.0, 320.46821633167013], [93.0, 2.0, 2.0, 60.0, 325.25123026577114], [10.0, 1.0, 1.0, 30.0, 328.35814570323583], [72.0, 3.0, 1.0, 30.0, 335.8979525787838], [105.0, 1.0, 2.0, 60.0, 346.037960484565], [9.0, 3.0, 1.0, 30.0, 347.69830455805135], [66.0, 2.0, 1.0, 30.0, 347.94705816407], [12.0, 2.0, 2.0, 60.0, 352.5711693396838], [64.0, 1.0, 2.0, 60.0, 365.3382663386541], [134.0, 3.0, 2.0, 60.0, 369.44362432169635], [99.0, 2.0, 2.0, 60.0, 380.09833875091823], [28.0, 1.0, 1.0, 30.0, 383.8634124776174], [86.0, 2.0, 2.0, 60.0, 390.4333827158369], [100.0, 3.0, 3.0, 120.0, 391.8772976892559], [111.0, 1.0, 1.0, 30.0, 392.54938394344936], [19.0, 1.0, 1.0, 30.0, 393.26178810715084], [100.0, 3.0, 3.0, 120.0, 393.85019969752625], [47.0, 2.0, 2.0, 60.0, 394.1235652920939], [100.0, 2.0, 3.0, 120.0, 402.7065312495663], [272.0, 1.0, 1.0, 30.0, 404.9496062434009], [40.0, 2.0, 2.0, 60.0, 406.8802625567264], [81.0, 1.0, 2.0, 60.0, 411.5550592296831], [13.0, 2.0, 2.0, 60.0, 412.491396507024], [60.0, 2.0, 2.0, 60.0, 422.0828587162822], [92.0, 2.0, 2.0, 60.0, 428.54263891348444], [5.0, 1.0, 1.0, 30.0, 430.18884989348794], [32.0, 2.0, 2.0, 60.0, 431.1918089653501], [115.0, 3.0, 1.0, 30.0, 433.84690701169285]]","[97, 100, 101]","[[2, 0], [1, 0, 1, 0], [0, 3, 0]]","[2, 1, 2]",200,10
133,374.1995107253394,0.011734692255655925,0.17681470399113755,7.437201917797559,5.157524629696351,18.577392607885656,16.318125575416957,781.4045823811721,822.5059562156357,19,0.1894166666666667,0.5901179220290166,0.052766389201198326,"[2, 0, 0]","[21.5321563313674, 3.50760462761495, 28.280276327493276]",6,6000,"[[ 0.          8.63463761 10.50670119  8.93816902  8.55492617]
 [ 8.63463761  0.          2.18599055  1.00458598  0.77850695]
 [10.50670119  2.18599055  0.          2.0750606   2.65057053]
 [ 8.93816902  1.00458598  2.0750606   0.          1.08203836]
 [ 8.55492617  0.77850695  2.65057053  1.08203836  0.        ]]","[[20.0, 2.0, 2.0, 60.0, 0.0], [45.0, 1.0, 2.0, 60.0, 0.0], [100.0, 2.0, 2.0, 60.0, 0.0], [46.0, 2.0, 1.0, 30.0, 0.0], [29.0, 3.0, 1.0, 30.0, 0.0], [89.0, 2.0, 2.0, 60.0, 0.0], [21.0, 1.0, 2.0, 60.0, 0.0], [110.0, 1.0, 1.0, 30.0, 0.0], [30.0, 2.0, 2.0, 60.0, 0.0], [53.0, 2.0, 2.0, 60.0, 0.0], [35.0, 3.0, 1.0, 30.0, 0.0], [29.0, 3.0, 1.0, 30.0, 0.0], [85.0, 3.0, 2.0, 60.0, 0.0], [21.0, 3.0, 2.0, 60.0, 0.0], [48.0, 2.0, 2.0, 60.0, 0.0], [45.0, 2.0, 2.0, 60.0, 0.0], [88.0, 3.0, 3.0, 120.0, 0.0], [58.0, 2.0, 2.0, 60.0, 0.0], [141.0, 1.0, 2.0, 60.0, 0.0], [445.0, 1.0, 1.0, 30.0, 0.0], [55.0, 2.0, 2.0, 60.0, 0.0], [100.0, 1.0, 3.0, 120.0, 0.0], [25.0, 2.0, 2.0, 60.0, 0.0], [4.0, 1.0, 1.0, 30.0, 0.0], [73.0, 3.0, 2.0, 60.0, 12.021043019829973], [11.0, 1.0, 2.0, 60.0, 23.70199129895224], [24.0, 2.0, 2.0, 60.0, 35.625796298323515], [80.0, 2.0, 2.0, 60.0, 37.02476774758143], [16.0, 2.0, 1.0, 30.0, 37.456954746073315], [45.0, 2.0, 2.0, 60.0, 44.72025732460407], [47.0, 2.0, 2.0, 60.0, 51.770060795891936], [104.0, 2.0, 2.0, 60.0, 67.39154057863942], [79.0, 2.0, 2.0, 60.0, 67.78801156455697], [65.0, 2.0, 2.0, 60.0, 73.02081579727279], [10.0, 3.0, 1.0, 30.0, 73.37299733126183], [92.0, 2.0, 2.0, 60.0, 78.81811547138163], [34.0, 2.0, 2.0, 60.0, 87.47475223580068], [23.0, 1.0, 1.0, 30.0, 89.40922635875023], [55.0, 2.0, 2.0, 60.0, 95.5671546720581], [184.0, 3.0, 2.0, 60.0, 96.33602094118923], [121.0, 3.0, 2.0, 60.0, 96.7939072781402], [61.0, 2.0, 2.0, 60.0, 98.36980328880216], [90.0, 2.0, 2.0, 60.0, 102.87579966565295], [18.0, 1.0, 1.0, 30.0, 104.9407263143454], [13.0, 1.0, 1.0, 30.0, 111.17765606341352], [184.0, 2.0, 2.0, 60.0, 112.29553792447513], [59.0, 3.0, 2.0, 60.0, 121.48538924519744], [87.0, 3.0, 1.0, 30.0, 127.62081856126873], [76.0, 1.0, 1.0, 30.0, 130.89979933108373], [64.0, 2.0, 2.0, 60.0, 132.98523286264282], [79.0, 1.0, 1.0, 30.0, 135.25183130913413], [74.0, 1.0, 1.0, 30.0, 135.6372170444124], [132.0, 1.0, 1.0, 30.0, 136.53537831628518], [13.0, 1.0, 1.0, 30.0, 139.96198057430644], [37.0, 1.0, 1.0, 30.0, 141.90538175510554], [3.0, 1.0, 2.0, 60.0, 148.22641604293108], [105.0, 1.0, 1.0, 30.0, 151.7688691800117], [19.0, 2.0, 2.0, 60.0, 152.9585189515018], [17.0, 2.0, 2.0, 60.0, 155.26396063278915], [45.0, 3.0, 2.0, 60.0, 158.4717443187417], [41.0, 2.0, 2.0, 60.0, 160.19091112593068], [14.0, 3.0, 2.0, 60.0, 161.80046723046223], [40.0, 2.0, 2.0, 60.0, 166.19504064142495], [119.0, 2.0, 2.0, 60.0, 167.67977668606895], [52.0, 2.0, 2.0, 60.0, 174.34828881122837], [52.0, 2.0, 2.0, 60.0, 181.30260874245792], [445.0, 2.0, 1.0, 30.0, 186.72302338228388], [68.0, 2.0, 2.0, 60.0, 187.08816512218607], [55.0, 2.0, 2.0, 60.0, 192.75850263079985], [27.0, 2.0, 2.0, 60.0, 199.5301925701257], [129.0, 1.0, 1.0, 30.0, 205.14039082741283], [45.0, 2.0, 2.0, 60.0, 206.54063642859495], [22.0, 2.0, 1.0, 30.0, 208.1453173837751], [17.0, 1.0, 1.0, 30.0, 208.9739969202831], [24.0, 3.0, 1.0, 30.0, 210.74581448374042], [18.0, 1.0, 1.0, 30.0, 210.85151326578935], [59.0, 2.0, 3.0, 120.0, 211.68829524636791], [58.0, 2.0, 2.0, 60.0, 218.2635794691037], [79.0, 2.0, 2.0, 60.0, 238.24236082502787], [79.0, 1.0, 2.0, 60.0, 241.06005128697106], [91.0, 1.0, 1.0, 30.0, 242.4802497949752], [62.0, 2.0, 2.0, 60.0, 244.4690310645114], [134.0, 3.0, 2.0, 60.0, 246.27574217918595], [80.0, 2.0, 2.0, 60.0, 246.92391019530396], [22.0, 2.0, 2.0, 60.0, 252.340535869662], [79.0, 1.0, 1.0, 30.0, 259.21978013724924], [107.0, 2.0, 2.0, 60.0, 266.7588257904633], [53.0, 2.0, 2.0, 60.0, 293.3082397692622], [55.0, 3.0, 1.0, 30.0, 303.841540943146], [17.0, 1.0, 1.0, 30.0, 312.06587014562393], [46.0, 3.0, 2.0, 60.0, 317.28332755550696], [84.0, 1.0, 1.0, 30.0, 320.2459485503109], [29.0, 3.0, 1.0, 30.0, 320.46821633167013], [93.0, 2.0, 2.0, 60.0, 325.25123026577114], [10.0, 1.0, 1.0, 30.0, 328.35814570323583], [72.0, 3.0, 1.0, 30.0, 335.8979525787838], [105.0, 1.0, 2.0, 60.0, 346.037960484565], [9.0, 3.0, 1.0, 30.0, 347.69830455805135], [66.0, 2.0, 1.0, 30.0, 347.94705816407], [12.0, 2.0, 2.0, 60.0, 352.5711693396838], [64.0, 1.0, 2.0, 60.0, 365.3382663386541], [134.0, 3.0, 2.0, 60.0, 369.44362432169635], [99.0, 2.0, 2.0, 60.0, 380.09833875091823], [28.0, 1.0, 1.0, 30.0, 383.8634124776174], [86.0, 2.0, 2.0, 60.0, 390.4333827158369], [100.0, 3.0, 3.0, 120.0, 391.8772976892559], [111.0, 1.0, 1.0, 30.0, 392.54938394344936], [19.0, 1.0, 1.0, 30.0, 393.26178810715084], [100.0, 3.0, 3.0, 120.0, 393.85019969752625], [47.0, 2.0, 2.0, 60.0, 394.1235652920939], [100.0, 2.0, 3.0, 120.0, 402.7065312495663], [272.0, 1.0, 1.0, 30.0, 404.9496062434009], [40.0, 2.0, 2.0, 60.0, 406.8802625567264], [81.0, 1.0, 2.0, 60.0, 411.5550592296831], [13.0, 2.0, 2.0, 60.0, 412.491396507024], [60.0, 2.0, 2.0, 60.0, 422.0828587162822], [92.0, 2.0, 2.0, 60.0, 428.54263891348444], [5.0, 1.0, 1.0, 30.0, 430.18884989348794], [32.0, 2.0, 2.0, 60.0, 431.1918089653501], [115.0, 3.0, 1.0, 30.0, 433.84690701169285]]","[97, 100, 101]","[[2, 0], [0], [0, 3, 1, 0]]","[2, 2, 2]",200,10
134,379.211245417595,0.01543492873509725,0.17555132141947166,0.28807928835791685,0.16389133110781548,17.491527527275515,31.82769570782,28.703553818943448,68.93200445881662,29,0.0,0.0,2.7825225852156385e-16,"[0, 0, 0]","[24.192018818597695, 8.519339319870607, 19.725059780822104]",6,6000,"[[0.         8.09170507 9.96376865 8.39523648 8.01199363]
 [8.09170507 0.         2.18599055 1.00458598 0.77850695]
 [9.96376865 2.18599055 0.         2.0750606  2.65057053]
 [8.39523648 1.00458598 2.0750606  0.         1.08203836]
 [8.01199363 0.77850695 2.65057053 1.08203836 0.        ]]","[[20.0, 2.0, 2.0, 60.0, 0.0], [45.0, 1.0, 2.0, 60.0, 0.0], [100.0, 2.0, 2.0, 60.0, 0.0], [46.0, 2.0, 1.0, 30.0, 0.0], [29.0, 3.0, 1.0, 30.0, 0.0], [89.0, 2.0, 2.0, 60.0, 0.0], [21.0, 1.0, 2.0, 60.0, 0.0], [110.0, 1.0, 1.0, 30.0, 0.0], [30.0, 2.0, 2.0, 60.0, 0.0], [53.0, 2.0, 2.0, 60.0, 0.0], [35.0, 3.0, 1.0, 30.0, 0.0], [29.0, 3.0, 1.0, 30.0, 0.0], [85.0, 3.0, 2.0, 60.0, 0.0], [21.0, 3.0, 2.0, 60.0, 0.0], [48.0, 2.0, 2.0, 60.0, 0.0], [45.0, 2.0, 2.0, 60.0, 0.0], [88.0, 3.0, 3.0, 120.0, 0.0], [58.0, 2.0, 2.0, 60.0, 0.0], [141.0, 1.0, 2.0, 60.0, 0.0], [445.0, 1.0, 1.0, 30.0, 0.0], [55.0, 2.0, 2.0, 60.0, 0.0], [100.0, 1.0, 3.0, 120.0, 0.0], [25.0, 2.0, 2.0, 60.0, 0.0], [4.0, 1.0, 1.0, 30.0, 0.0], [73.0, 3.0, 2.0, 60.0, 12.021043019829973], [11.0, 1.0, 2.0, 60.0, 23.70199129895224], [24.0, 2.0, 2.0, 60.0, 35.625796298323515], [80.0, 2.0, 2.0, 60.0, 37.02476774758143], [16.0, 2.0, 1.0, 30.0, 37.456954746073315], [45.0, 2.0, 2.0, 60.0, 44.72025732460407], [47.0, 2.0, 2.0, 60.0, 51.770060795891936], [104.0, 2.0, 2.0, 60.0, 67.39154057863942], [79.0, 2.0, 2.0, 60.0, 67.78801156455697], [65.0, 2.0, 2.0, 60.0, 73.02081579727279], [10.0, 3.0, 1.0, 30.0, 73.37299733126183], [92.0, 2.0, 2.0, 60.0, 78.81811547138163], [34.0, 2.0, 2.0, 60.0, 87.47475223580068], [23.0, 1.0, 1.0, 30.0, 89.40922635875023], [55.0, 2.0, 2.0, 60.0, 95.5671546720581], [184.0, 3.0, 2.0, 60.0, 96.33602094118923], [121.0, 3.0, 2.0, 60.0, 96.7939072781402], [61.0, 2.0, 2.0, 60.0, 98.36980328880216], [90.0, 2.0, 2.0, 60.0, 102.87579966565295], [18.0, 1.0, 1.0, 30.0, 104.9407263143454], [13.0, 1.0, 1.0, 30.0, 111.17765606341352], [184.0, 2.0, 2.0, 60.0, 112.29553792447513], [59.0, 3.0, 2.0, 60.0, 121.48538924519744], [87.0, 3.0, 1.0, 30.0, 127.62081856126873], [76.0, 1.0, 1.0, 30.0, 130.89979933108373], [64.0, 2.0, 2.0, 60.0, 132.98523286264282], [79.0, 1.0, 1.0, 30.0, 135.25183130913413], [74.0, 1.0, 1.0, 30.0, 135.6372170444124], [132.0, 1.0, 1.0, 30.0, 136.53537831628518], [13.0, 1.0, 1.0, 30.0, 139.96198057430644], [37.0, 1.0, 1.0, 30.0, 141.90538175510554], [3.0, 1.0, 2.0, 60.0, 148.22641604293108], [105.0, 1.0, 1.0, 30.0, 151.7688691800117], [19.0, 2.0, 2.0, 60.0, 152.9585189515018], [17.0, 2.0, 2.0, 60.0, 155.26396063278915], [45.0, 3.0, 2.0, 60.0, 158.4717443187417], [41.0, 2.0, 2.0, 60.0, 160.19091112593068], [14.0, 3.0, 2.0, 60.0, 161.80046723046223], [40.0, 2.0, 2.0, 60.0, 166.19504064142495], [119.0, 2.0, 2.0, 60.0, 167.67977668606895], [52.0, 2.0, 2.0, 60.0, 174.34828881122837], [52.0, 2.0, 2.0, 60.0, 181.30260874245792], [445.0, 2.0, 1.0, 30.0, 186.72302338228388], [68.0, 2.0, 2.0, 60.0, 187.08816512218607], [55.0, 2.0, 2.0, 60.0, 192.75850263079985], [27.0, 2.0, 2.0, 60.0, 199.5301925701257], [129.0, 1.0, 1.0, 30.0, 205.14039082741283], [45.0, 2.0, 2.0, 60.0, 206.54063642859495], [22.0, 2.0, 1.0, 30.0, 208.1453173837751], [17.0, 1.0, 1.0, 30.0, 208.9739969202831], [24.0, 3.0, 1.0, 30.0, 210.74581448374042], [18.0, 1.0, 1.0, 30.0, 210.85151326578935], [59.0, 2.0, 3.0, 120.0, 211.68829524636791], [58.0, 2.0, 2.0, 60.0, 218.2635794691037], [79.0, 2.0, 2.0, 60.0, 238.24236082502787], [79.0, 1.0, 2.0, 60.0, 241.06005128697106], [91.0, 1.0, 1.0, 30.0, 242.4802497949752], [62.0, 2.0, 2.0, 60.0, 244.4690310645114], [134.0, 3.0, 2.0, 60.0, 246.27574217918595], [80.0, 2.0, 2.0, 60.0, 246.92391019530396], [22.0, 2.0, 2.0, 60.0, 252.340535869662], [79.0, 1.0, 1.0, 30.0, 259.21978013724924], [107.0, 2.0, 2.0, 60.0, 266.7588257904633], [53.0, 2.0, 2.0, 60.0, 293.3082397692622], [55.0, 3.0, 1.0, 30.0, 303.841540943146], [17.0, 1.0, 1.0, 30.0, 312.06587014562393], [46.0, 3.0, 2.0, 60.0, 317.28332755550696], [84.0, 1.0, 1.0, 30.0, 320.2459485503109], [29.0, 3.0, 1.0, 30.0, 320.46821633167013], [93.0, 2.0, 2.0, 60.0, 325.25123026577114], [10.0, 1.0, 1.0, 30.0, 328.35814570323583], [72.0, 3.0, 1.0, 30.0, 335.8979525787838], [105.0, 1.0, 2.0, 60.0, 346.037960484565], [9.0, 3.0, 1.0, 30.0, 347.69830455805135], [66.0, 2.0, 1.0, 30.0, 347.94705816407], [12.0, 2.0, 2.0, 60.0, 352.5711693396838], [64.0, 1.0, 2.0, 60.0, 365.3382663386541], [134.0, 3.0, 2.0, 60.0, 369.44362432169635], [99.0, 2.0, 2.0, 60.0, 380.09833875091823], [28.0, 1.0, 1.0, 30.0, 383.8634124776174], [86.0, 2.0, 2.0, 60.0, 390.4333827158369], [100.0, 3.0, 3.0, 120.0, 391.8772976892559], [111.0, 1.0, 1.0, 30.0, 392.54938394344936], [19.0, 1.0, 1.0, 30.0, 393.26178810715084], [100.0, 3.0, 3.0, 120.0, 393.85019969752625], [47.0, 2.0, 2.0, 60.0, 394.1235652920939], [100.0, 2.0, 3.0, 120.0, 402.7065312495663], [272.0, 1.0, 1.0, 30.0, 404.9496062434009], [40.0, 2.0, 2.0, 60.0, 406.8802625567264], [81.0, 1.0, 2.0, 60.0, 411.5550592296831], [13.0, 2.0, 2.0, 60.0, 412.491396507024], [60.0, 2.0, 2.0, 60.0, 422.0828587162822], [92.0, 2.0, 2.0, 60.0, 428.54263891348444], [5.0, 1.0, 1.0, 30.0, 430.18884989348794], [32.0, 2.0, 2.0, 60.0, 431.1918089653501], [115.0, 3.0, 1.0, 30.0, 433.84690701169285]]","[97, 100, 101]","[[0], [0], [0, 1, 3, 0]]","[2, 2, 2]",200,10
135,380.2266803463301,0.014691158135732015,0.21707692715357732,8.00673990764291,5.490805846156638,21.460668852400712,47.01411703978391,791.5626777951387,859.8906024213275,5,0.16592857142857143,0.4137072157383862,0.025871196653664597,"[0, 0, 0]","[25.207453747332792, 9.534774248605704, 19.725059780822104]",6,6000,"[[0.         8.01414088 9.88620446 8.31767229 7.93442944]
 [8.01414088 0.         2.18599055 1.00458598 0.77850695]
 [9.88620446 2.18599055 0.         2.0750606  2.65057053]
 [8.31767229 1.00458598 2.0750606  0.         1.08203836]
 [7.93442944 0.77850695 2.65057053 1.08203836 0.        ]]","[[20.0, 2.0, 2.0, 60.0, 0.0], [45.0, 1.0, 2.0, 60.0, 0.0], [100.0, 2.0, 2.0, 60.0, 0.0], [46.0, 2.0, 1.0, 30.0, 0.0], [29.0, 3.0, 1.0, 30.0, 0.0], [89.0, 2.0, 2.0, 60.0, 0.0], [21.0, 1.0, 2.0, 60.0, 0.0], [110.0, 1.0, 1.0, 30.0, 0.0], [30.0, 2.0, 2.0, 60.0, 0.0], [53.0, 2.0, 2.0, 60.0, 0.0], [35.0, 3.0, 1.0, 30.0, 0.0], [29.0, 3.0, 1.0, 30.0, 0.0], [85.0, 3.0, 2.0, 60.0, 0.0], [21.0, 3.0, 2.0, 60.0, 0.0], [48.0, 2.0, 2.0, 60.0, 0.0], [45.0, 2.0, 2.0, 60.0, 0.0], [88.0, 3.0, 3.0, 120.0, 0.0], [58.0, 2.0, 2.0, 60.0, 0.0], [141.0, 1.0, 2.0, 60.0, 0.0], [445.0, 1.0, 1.0, 30.0, 0.0], [55.0, 2.0, 2.0, 60.0, 0.0], [100.0, 1.0, 3.0, 120.0, 0.0], [25.0, 2.0, 2.0, 60.0, 0.0], [4.0, 1.0, 1.0, 30.0, 0.0], [73.0, 3.0, 2.0, 60.0, 12.021043019829973], [11.0, 1.0, 2.0, 60.0, 23.70199129895224], [24.0, 2.0, 2.0, 60.0, 35.625796298323515], [80.0, 2.0, 2.0, 60.0, 37.02476774758143], [16.0, 2.0, 1.0, 30.0, 37.456954746073315], [45.0, 2.0, 2.0, 60.0, 44.72025732460407], [47.0, 2.0, 2.0, 60.0, 51.770060795891936], [104.0, 2.0, 2.0, 60.0, 67.39154057863942], [79.0, 2.0, 2.0, 60.0, 67.78801156455697], [65.0, 2.0, 2.0, 60.0, 73.02081579727279], [10.0, 3.0, 1.0, 30.0, 73.37299733126183], [92.0, 2.0, 2.0, 60.0, 78.81811547138163], [34.0, 2.0, 2.0, 60.0, 87.47475223580068], [23.0, 1.0, 1.0, 30.0, 89.40922635875023], [55.0, 2.0, 2.0, 60.0, 95.5671546720581], [184.0, 3.0, 2.0, 60.0, 96.33602094118923], [121.0, 3.0, 2.0, 60.0, 96.7939072781402], [61.0, 2.0, 2.0, 60.0, 98.36980328880216], [90.0, 2.0, 2.0, 60.0, 102.87579966565295], [18.0, 1.0, 1.0, 30.0, 104.9407263143454], [13.0, 1.0, 1.0, 30.0, 111.17765606341352], [184.0, 2.0, 2.0, 60.0, 112.29553792447513], [59.0, 3.0, 2.0, 60.0, 121.48538924519744], [87.0, 3.0, 1.0, 30.0, 127.62081856126873], [76.0, 1.0, 1.0, 30.0, 130.89979933108373], [64.0, 2.0, 2.0, 60.0, 132.98523286264282], [79.0, 1.0, 1.0, 30.0, 135.25183130913413], [74.0, 1.0, 1.0, 30.0, 135.6372170444124], [132.0, 1.0, 1.0, 30.0, 136.53537831628518], [13.0, 1.0, 1.0, 30.0, 139.96198057430644], [37.0, 1.0, 1.0, 30.0, 141.90538175510554], [3.0, 1.0, 2.0, 60.0, 148.22641604293108], [105.0, 1.0, 1.0, 30.0, 151.7688691800117], [19.0, 2.0, 2.0, 60.0, 152.9585189515018], [17.0, 2.0, 2.0, 60.0, 155.26396063278915], [45.0, 3.0, 2.0, 60.0, 158.4717443187417], [41.0, 2.0, 2.0, 60.0, 160.19091112593068], [14.0, 3.0, 2.0, 60.0, 161.80046723046223], [40.0, 2.0, 2.0, 60.0, 166.19504064142495], [119.0, 2.0, 2.0, 60.0, 167.67977668606895], [52.0, 2.0, 2.0, 60.0, 174.34828881122837], [52.0, 2.0, 2.0, 60.0, 181.30260874245792], [445.0, 2.0, 1.0, 30.0, 186.72302338228388], [68.0, 2.0, 2.0, 60.0, 187.08816512218607], [55.0, 2.0, 2.0, 60.0, 192.75850263079985], [27.0, 2.0, 2.0, 60.0, 199.5301925701257], [129.0, 1.0, 1.0, 30.0, 205.14039082741283], [45.0, 2.0, 2.0, 60.0, 206.54063642859495], [22.0, 2.0, 1.0, 30.0, 208.1453173837751], [17.0, 1.0, 1.0, 30.0, 208.9739969202831], [24.0, 3.0, 1.0, 30.0, 210.74581448374042], [18.0, 1.0, 1.0, 30.0, 210.85151326578935], [59.0, 2.0, 3.0, 120.0, 211.68829524636791], [58.0, 2.0, 2.0, 60.0, 218.2635794691037], [79.0, 2.0, 2.0, 60.0, 238.24236082502787], [79.0, 1.0, 2.0, 60.0, 241.06005128697106], [91.0, 1.0, 1.0, 30.0, 242.4802497949752], [62.0, 2.0, 2.0, 60.0, 244.4690310645114], [134.0, 3.0, 2.0, 60.0, 246.27574217918595], [80.0, 2.0, 2.0, 60.0, 246.92391019530396], [22.0, 2.0, 2.0, 60.0, 252.340535869662], [79.0, 1.0, 1.0, 30.0, 259.21978013724924], [107.0, 2.0, 2.0, 60.0, 266.7588257904633], [53.0, 2.0, 2.0, 60.0, 293.3082397692622], [55.0, 3.0, 1.0, 30.0, 303.841540943146], [17.0, 1.0, 1.0, 30.0, 312.06587014562393], [46.0, 3.0, 2.0, 60.0, 317.28332755550696], [84.0, 1.0, 1.0, 30.0, 320.2459485503109], [29.0, 3.0, 1.0, 30.0, 320.46821633167013], [93.0, 2.0, 2.0, 60.0, 325.25123026577114], [10.0, 1.0, 1.0, 30.0, 328.35814570323583], [72.0, 3.0, 1.0, 30.0, 335.8979525787838], [105.0, 1.0, 2.0, 60.0, 346.037960484565], [9.0, 3.0, 1.0, 30.0, 347.69830455805135], [66.0, 2.0, 1.0, 30.0, 347.94705816407], [12.0, 2.0, 2.0, 60.0, 352.5711693396838], [64.0, 1.0, 2.0, 60.0, 365.3382663386541], [134.0, 3.0, 2.0, 60.0, 369.44362432169635], [99.0, 2.0, 2.0, 60.0, 380.09833875091823], [28.0, 1.0, 1.0, 30.0, 383.8634124776174], [86.0, 2.0, 2.0, 60.0, 390.4333827158369], [100.0, 3.0, 3.0, 120.0, 391.8772976892559], [111.0, 1.0, 1.0, 30.0, 392.54938394344936], [19.0, 1.0, 1.0, 30.0, 393.26178810715084], [100.0, 3.0, 3.0, 120.0, 393.85019969752625], [47.0, 2.0, 2.0, 60.0, 394.1235652920939], [100.0, 2.0, 3.0, 120.0, 402.7065312495663], [272.0, 1.0, 1.0, 30.0, 404.9496062434009], [40.0, 2.0, 2.0, 60.0, 406.8802625567264], [81.0, 1.0, 2.0, 60.0, 411.5550592296831], [13.0, 2.0, 2.0, 60.0, 412.491396507024], [60.0, 2.0, 2.0, 60.0, 422.0828587162822], [92.0, 2.0, 2.0, 60.0, 428.54263891348444], [5.0, 1.0, 1.0, 30.0, 430.18884989348794], [32.0, 2.0, 2.0, 60.0, 431.1918089653501], [115.0, 3.0, 1.0, 30.0, 433.84690701169285]]","[97, 100, 101, 102]","[[0], [0], [0, 1, 2, 3, 0]]","[2, 2, 2, 2]",200,10
136,384.24137150446586,0.011333652337392171,0.29296062659653194,16.733519456590226,7.044137108598939,30.311162815543653,0.0,1731.333109907331,1756.8489794114016,1,0.19858333333333333,0.4210426601464984,0.14196755359369687,"[0, 0, 3]","[29.222144905468525, 13.549465406741435, 19.725059780822104]",6,6000,"[[ 0.          8.16050658 10.34649713  8.69709814  7.98039444]
 [ 8.16050658  0.          2.18599055  1.33273327  0.78525939]
 [10.34649713  2.18599055  0.          2.22536223  2.97124994]
 [ 8.69709814  1.33273327  2.22536223  0.          1.30629329]
 [ 7.98039444  0.78525939  2.97124994  1.30629329  0.        ]]","[[20.0, 2.0, 2.0, 60.0, 0.0], [45.0, 1.0, 2.0, 60.0, 0.0], [100.0, 2.0, 2.0, 60.0, 0.0], [46.0, 2.0, 1.0, 30.0, 0.0], [29.0, 3.0, 1.0, 30.0, 0.0], [89.0, 2.0, 2.0, 60.0, 0.0], [21.0, 1.0, 2.0, 60.0, 0.0], [110.0, 1.0, 1.0, 30.0, 0.0], [30.0, 2.0, 2.0, 60.0, 0.0], [53.0, 2.0, 2.0, 60.0, 0.0], [35.0, 3.0, 1.0, 30.0, 0.0], [29.0, 3.0, 1.0, 30.0, 0.0], [85.0, 3.0, 2.0, 60.0, 0.0], [21.0, 3.0, 2.0, 60.0, 0.0], [48.0, 2.0, 2.0, 60.0, 0.0], [45.0, 2.0, 2.0, 60.0, 0.0], [88.0, 3.0, 3.0, 120.0, 0.0], [58.0, 2.0, 2.0, 60.0, 0.0], [141.0, 1.0, 2.0, 60.0, 0.0], [445.0, 1.0, 1.0, 30.0, 0.0], [55.0, 2.0, 2.0, 60.0, 0.0], [100.0, 1.0, 3.0, 120.0, 0.0], [25.0, 2.0, 2.0, 60.0, 0.0], [4.0, 1.0, 1.0, 30.0, 0.0], [73.0, 3.0, 2.0, 60.0, 12.021043019829973], [11.0, 1.0, 2.0, 60.0, 23.70199129895224], [24.0, 2.0, 2.0, 60.0, 35.625796298323515], [80.0, 2.0, 2.0, 60.0, 37.02476774758143], [16.0, 2.0, 1.0, 30.0, 37.456954746073315], [45.0, 2.0, 2.0, 60.0, 44.72025732460407], [47.0, 2.0, 2.0, 60.0, 51.770060795891936], [104.0, 2.0, 2.0, 60.0, 67.39154057863942], [79.0, 2.0, 2.0, 60.0, 67.78801156455697], [65.0, 2.0, 2.0, 60.0, 73.02081579727279], [10.0, 3.0, 1.0, 30.0, 73.37299733126183], [92.0, 2.0, 2.0, 60.0, 78.81811547138163], [34.0, 2.0, 2.0, 60.0, 87.47475223580068], [23.0, 1.0, 1.0, 30.0, 89.40922635875023], [55.0, 2.0, 2.0, 60.0, 95.5671546720581], [184.0, 3.0, 2.0, 60.0, 96.33602094118923], [121.0, 3.0, 2.0, 60.0, 96.7939072781402], [61.0, 2.0, 2.0, 60.0, 98.36980328880216], [90.0, 2.0, 2.0, 60.0, 102.87579966565295], [18.0, 1.0, 1.0, 30.0, 104.9407263143454], [13.0, 1.0, 1.0, 30.0, 111.17765606341352], [184.0, 2.0, 2.0, 60.0, 112.29553792447513], [59.0, 3.0, 2.0, 60.0, 121.48538924519744], [87.0, 3.0, 1.0, 30.0, 127.62081856126873], [76.0, 1.0, 1.0, 30.0, 130.89979933108373], [64.0, 2.0, 2.0, 60.0, 132.98523286264282], [79.0, 1.0, 1.0, 30.0, 135.25183130913413], [74.0, 1.0, 1.0, 30.0, 135.6372170444124], [132.0, 1.0, 1.0, 30.0, 136.53537831628518], [13.0, 1.0, 1.0, 30.0, 139.96198057430644], [37.0, 1.0, 1.0, 30.0, 141.90538175510554], [3.0, 1.0, 2.0, 60.0, 148.22641604293108], [105.0, 1.0, 1.0, 30.0, 151.7688691800117], [19.0, 2.0, 2.0, 60.0, 152.9585189515018], [17.0, 2.0, 2.0, 60.0, 155.26396063278915], [45.0, 3.0, 2.0, 60.0, 158.4717443187417], [41.0, 2.0, 2.0, 60.0, 160.19091112593068], [14.0, 3.0, 2.0, 60.0, 161.80046723046223], [40.0, 2.0, 2.0, 60.0, 166.19504064142495], [119.0, 2.0, 2.0, 60.0, 167.67977668606895], [52.0, 2.0, 2.0, 60.0, 174.34828881122837], [52.0, 2.0, 2.0, 60.0, 181.30260874245792], [445.0, 2.0, 1.0, 30.0, 186.72302338228388], [68.0, 2.0, 2.0, 60.0, 187.08816512218607], [55.0, 2.0, 2.0, 60.0, 192.75850263079985], [27.0, 2.0, 2.0, 60.0, 199.5301925701257], [129.0, 1.0, 1.0, 30.0, 205.14039082741283], [45.0, 2.0, 2.0, 60.0, 206.54063642859495], [22.0, 2.0, 1.0, 30.0, 208.1453173837751], [17.0, 1.0, 1.0, 30.0, 208.9739969202831], [24.0, 3.0, 1.0, 30.0, 210.74581448374042], [18.0, 1.0, 1.0, 30.0, 210.85151326578935], [59.0, 2.0, 3.0, 120.0, 211.68829524636791], [58.0, 2.0, 2.0, 60.0, 218.2635794691037], [79.0, 2.0, 2.0, 60.0, 238.24236082502787], [79.0, 1.0, 2.0, 60.0, 241.06005128697106], [91.0, 1.0, 1.0, 30.0, 242.4802497949752], [62.0, 2.0, 2.0, 60.0, 244.4690310645114], [134.0, 3.0, 2.0, 60.0, 246.27574217918595], [80.0, 2.0, 2.0, 60.0, 246.92391019530396], [22.0, 2.0, 2.0, 60.0, 252.340535869662], [79.0, 1.0, 1.0, 30.0, 259.21978013724924], [107.0, 2.0, 2.0, 60.0, 266.7588257904633], [53.0, 2.0, 2.0, 60.0, 293.3082397692622], [55.0, 3.0, 1.0, 30.0, 303.841540943146], [17.0, 1.0, 1.0, 30.0, 312.06587014562393], [46.0, 3.0, 2.0, 60.0, 317.28332755550696], [84.0, 1.0, 1.0, 30.0, 320.2459485503109], [29.0, 3.0, 1.0, 30.0, 320.46821633167013], [93.0, 2.0, 2.0, 60.0, 325.25123026577114], [10.0, 1.0, 1.0, 30.0, 328.35814570323583], [72.0, 3.0, 1.0, 30.0, 335.8979525787838], [105.0, 1.0, 2.0, 60.0, 346.037960484565], [9.0, 3.0, 1.0, 30.0, 347.69830455805135], [66.0, 2.0, 1.0, 30.0, 347.94705816407], [12.0, 2.0, 2.0, 60.0, 352.5711693396838], [64.0, 1.0, 2.0, 60.0, 365.3382663386541], [134.0, 3.0, 2.0, 60.0, 369.44362432169635], [99.0, 2.0, 2.0, 60.0, 380.09833875091823], [28.0, 1.0, 1.0, 30.0, 383.8634124776174], [86.0, 2.0, 2.0, 60.0, 390.4333827158369], [100.0, 3.0, 3.0, 120.0, 391.8772976892559], [111.0, 1.0, 1.0, 30.0, 392.54938394344936], [19.0, 1.0, 1.0, 30.0, 393.26178810715084], [100.0, 3.0, 3.0, 120.0, 393.85019969752625], [47.0, 2.0, 2.0, 60.0, 394.1235652920939], [100.0, 2.0, 3.0, 120.0, 402.7065312495663], [272.0, 1.0, 1.0, 30.0, 404.9496062434009], [40.0, 2.0, 2.0, 60.0, 406.8802625567264], [81.0, 1.0, 2.0, 60.0, 411.5550592296831], [13.0, 2.0, 2.0, 60.0, 412.491396507024], [60.0, 2.0, 2.0, 60.0, 422.0828587162822], [92.0, 2.0, 2.0, 60.0, 428.54263891348444], [5.0, 1.0, 1.0, 30.0, 430.18884989348794], [32.0, 2.0, 2.0, 60.0, 431.1918089653501], [115.0, 3.0, 1.0, 30.0, 433.84690701169285]]","[100, 102, 103]","[[0], [0, 2, 0], [3, 0, 1, 0]]","[2, 1, 2]",200,10
137,389.25270515680324,0.011775692303975424,0.23589843521738332,7.361687690511422,5.676464843070494,23.826343139723225,0.0,743.5492178655891,780.2206989460287,1,0.122,0.3065765502281421,0.10785284070885004,"[0, 0, 3]","[34.23347855780592, 18.560799059078825, 11.027961640163259]",6,6000,"[[ 0.          8.05438453 10.10025485  8.58766737  7.9662817 ]
 [ 8.05438453  0.          2.18599055  1.14626821  0.75100586]
 [10.10025485  2.18599055  0.          2.13888642  2.79687618]
 [ 8.58766737  1.14626821  2.13888642  0.          1.2842887 ]
 [ 7.9662817   0.75100586  2.79687618  1.2842887   0.        ]]","[[20.0, 2.0, 2.0, 60.0, 0.0], [45.0, 1.0, 2.0, 60.0, 0.0], [100.0, 2.0, 2.0, 60.0, 0.0], [46.0, 2.0, 1.0, 30.0, 0.0], [29.0, 3.0, 1.0, 30.0, 0.0], [89.0, 2.0, 2.0, 60.0, 0.0], [21.0, 1.0, 2.0, 60.0, 0.0], [110.0, 1.0, 1.0, 30.0, 0.0], [30.0, 2.0, 2.0, 60.0, 0.0], [53.0, 2.0, 2.0, 60.0, 0.0], [35.0, 3.0, 1.0, 30.0, 0.0], [29.0, 3.0, 1.0, 30.0, 0.0], [85.0, 3.0, 2.0, 60.0, 0.0], [21.0, 3.0, 2.0, 60.0, 0.0], [48.0, 2.0, 2.0, 60.0, 0.0], [45.0, 2.0, 2.0, 60.0, 0.0], [88.0, 3.0, 3.0, 120.0, 0.0], [58.0, 2.0, 2.0, 60.0, 0.0], [141.0, 1.0, 2.0, 60.0, 0.0], [445.0, 1.0, 1.0, 30.0, 0.0], [55.0, 2.0, 2.0, 60.0, 0.0], [100.0, 1.0, 3.0, 120.0, 0.0], [25.0, 2.0, 2.0, 60.0, 0.0], [4.0, 1.0, 1.0, 30.0, 0.0], [73.0, 3.0, 2.0, 60.0, 12.021043019829973], [11.0, 1.0, 2.0, 60.0, 23.70199129895224], [24.0, 2.0, 2.0, 60.0, 35.625796298323515], [80.0, 2.0, 2.0, 60.0, 37.02476774758143], [16.0, 2.0, 1.0, 30.0, 37.456954746073315], [45.0, 2.0, 2.0, 60.0, 44.72025732460407], [47.0, 2.0, 2.0, 60.0, 51.770060795891936], [104.0, 2.0, 2.0, 60.0, 67.39154057863942], [79.0, 2.0, 2.0, 60.0, 67.78801156455697], [65.0, 2.0, 2.0, 60.0, 73.02081579727279], [10.0, 3.0, 1.0, 30.0, 73.37299733126183], [92.0, 2.0, 2.0, 60.0, 78.81811547138163], [34.0, 2.0, 2.0, 60.0, 87.47475223580068], [23.0, 1.0, 1.0, 30.0, 89.40922635875023], [55.0, 2.0, 2.0, 60.0, 95.5671546720581], [184.0, 3.0, 2.0, 60.0, 96.33602094118923], [121.0, 3.0, 2.0, 60.0, 96.7939072781402], [61.0, 2.0, 2.0, 60.0, 98.36980328880216], [90.0, 2.0, 2.0, 60.0, 102.87579966565295], [18.0, 1.0, 1.0, 30.0, 104.9407263143454], [13.0, 1.0, 1.0, 30.0, 111.17765606341352], [184.0, 2.0, 2.0, 60.0, 112.29553792447513], [59.0, 3.0, 2.0, 60.0, 121.48538924519744], [87.0, 3.0, 1.0, 30.0, 127.62081856126873], [76.0, 1.0, 1.0, 30.0, 130.89979933108373], [64.0, 2.0, 2.0, 60.0, 132.98523286264282], [79.0, 1.0, 1.0, 30.0, 135.25183130913413], [74.0, 1.0, 1.0, 30.0, 135.6372170444124], [132.0, 1.0, 1.0, 30.0, 136.53537831628518], [13.0, 1.0, 1.0, 30.0, 139.96198057430644], [37.0, 1.0, 1.0, 30.0, 141.90538175510554], [3.0, 1.0, 2.0, 60.0, 148.22641604293108], [105.0, 1.0, 1.0, 30.0, 151.7688691800117], [19.0, 2.0, 2.0, 60.0, 152.9585189515018], [17.0, 2.0, 2.0, 60.0, 155.26396063278915], [45.0, 3.0, 2.0, 60.0, 158.4717443187417], [41.0, 2.0, 2.0, 60.0, 160.19091112593068], [14.0, 3.0, 2.0, 60.0, 161.80046723046223], [40.0, 2.0, 2.0, 60.0, 166.19504064142495], [119.0, 2.0, 2.0, 60.0, 167.67977668606895], [52.0, 2.0, 2.0, 60.0, 174.34828881122837], [52.0, 2.0, 2.0, 60.0, 181.30260874245792], [445.0, 2.0, 1.0, 30.0, 186.72302338228388], [68.0, 2.0, 2.0, 60.0, 187.08816512218607], [55.0, 2.0, 2.0, 60.0, 192.75850263079985], [27.0, 2.0, 2.0, 60.0, 199.5301925701257], [129.0, 1.0, 1.0, 30.0, 205.14039082741283], [45.0, 2.0, 2.0, 60.0, 206.54063642859495], [22.0, 2.0, 1.0, 30.0, 208.1453173837751], [17.0, 1.0, 1.0, 30.0, 208.9739969202831], [24.0, 3.0, 1.0, 30.0, 210.74581448374042], [18.0, 1.0, 1.0, 30.0, 210.85151326578935], [59.0, 2.0, 3.0, 120.0, 211.68829524636791], [58.0, 2.0, 2.0, 60.0, 218.2635794691037], [79.0, 2.0, 2.0, 60.0, 238.24236082502787], [79.0, 1.0, 2.0, 60.0, 241.06005128697106], [91.0, 1.0, 1.0, 30.0, 242.4802497949752], [62.0, 2.0, 2.0, 60.0, 244.4690310645114], [134.0, 3.0, 2.0, 60.0, 246.27574217918595], [80.0, 2.0, 2.0, 60.0, 246.92391019530396], [22.0, 2.0, 2.0, 60.0, 252.340535869662], [79.0, 1.0, 1.0, 30.0, 259.21978013724924], [107.0, 2.0, 2.0, 60.0, 266.7588257904633], [53.0, 2.0, 2.0, 60.0, 293.3082397692622], [55.0, 3.0, 1.0, 30.0, 303.841540943146], [17.0, 1.0, 1.0, 30.0, 312.06587014562393], [46.0, 3.0, 2.0, 60.0, 317.28332755550696], [84.0, 1.0, 1.0, 30.0, 320.2459485503109], [29.0, 3.0, 1.0, 30.0, 320.46821633167013], [93.0, 2.0, 2.0, 60.0, 325.25123026577114], [10.0, 1.0, 1.0, 30.0, 328.35814570323583], [72.0, 3.0, 1.0, 30.0, 335.8979525787838], [105.0, 1.0, 2.0, 60.0, 346.037960484565], [9.0, 3.0, 1.0, 30.0, 347.69830455805135], [66.0, 2.0, 1.0, 30.0, 347.94705816407], [12.0, 2.0, 2.0, 60.0, 352.5711693396838], [64.0, 1.0, 2.0, 60.0, 365.3382663386541], [134.0, 3.0, 2.0, 60.0, 369.44362432169635], [99.0, 2.0, 2.0, 60.0, 380.09833875091823], [28.0, 1.0, 1.0, 30.0, 383.8634124776174], [86.0, 2.0, 2.0, 60.0, 390.4333827158369], [100.0, 3.0, 3.0, 120.0, 391.8772976892559], [111.0, 1.0, 1.0, 30.0, 392.54938394344936], [19.0, 1.0, 1.0, 30.0, 393.26178810715084], [100.0, 3.0, 3.0, 120.0, 393.85019969752625], [47.0, 2.0, 2.0, 60.0, 394.1235652920939], [100.0, 2.0, 3.0, 120.0, 402.7065312495663], [272.0, 1.0, 1.0, 30.0, 404.9496062434009], [40.0, 2.0, 2.0, 60.0, 406.8802625567264], [81.0, 1.0, 2.0, 60.0, 411.5550592296831], [13.0, 2.0, 2.0, 60.0, 412.491396507024], [60.0, 2.0, 2.0, 60.0, 422.0828587162822], [92.0, 2.0, 2.0, 60.0, 428.54263891348444], [5.0, 1.0, 1.0, 30.0, 430.18884989348794], [32.0, 2.0, 2.0, 60.0, 431.1918089653501], [115.0, 3.0, 1.0, 30.0, 433.84690701169285]]","[100, 102, 103]","[[0], [0, 1, 2, 0], [3, 1, 0]]","[2, 1, 1]",200,10
138,391.2644808491072,0.014102248350779216,0.20139453441189178,5.548007857558096,5.711165134120597,20.23574991873255,0.0,557.4535569227427,573.798713390654,35,0.06291666666666666,0.15970081831357624,0.02696321017856068,"[0, 0, 3]","[36.245254250109895, 20.5725747513828, 11.027961640163259]",6,6000,"[[ 0.          8.00194453 10.04781484  8.53522736  7.91384169]
 [ 8.00194453  0.          2.18599055  1.14626821  0.75100586]
 [10.04781484  2.18599055  0.          2.13888642  2.79687618]
 [ 8.53522736  1.14626821  2.13888642  0.          1.2842887 ]
 [ 7.91384169  0.75100586  2.79687618  1.2842887   0.        ]]","[[20.0, 2.0, 2.0, 60.0, 0.0], [45.0, 1.0, 2.0, 60.0, 0.0], [100.0, 2.0, 2.0, 60.0, 0.0], [46.0, 2.0, 1.0, 30.0, 0.0], [29.0, 3.0, 1.0, 30.0, 0.0], [89.0, 2.0, 2.0, 60.0, 0.0], [21.0, 1.0, 2.0, 60.0, 0.0], [110.0, 1.0, 1.0, 30.0, 0.0], [30.0, 2.0, 2.0, 60.0, 0.0], [53.0, 2.0, 2.0, 60.0, 0.0], [35.0, 3.0, 1.0, 30.0, 0.0], [29.0, 3.0, 1.0, 30.0, 0.0], [85.0, 3.0, 2.0, 60.0, 0.0], [21.0, 3.0, 2.0, 60.0, 0.0], [48.0, 2.0, 2.0, 60.0, 0.0], [45.0, 2.0, 2.0, 60.0, 0.0], [88.0, 3.0, 3.0, 120.0, 0.0], [58.0, 2.0, 2.0, 60.0, 0.0], [141.0, 1.0, 2.0, 60.0, 0.0], [445.0, 1.0, 1.0, 30.0, 0.0], [55.0, 2.0, 2.0, 60.0, 0.0], [100.0, 1.0, 3.0, 120.0, 0.0], [25.0, 2.0, 2.0, 60.0, 0.0], [4.0, 1.0, 1.0, 30.0, 0.0], [73.0, 3.0, 2.0, 60.0, 12.021043019829973], [11.0, 1.0, 2.0, 60.0, 23.70199129895224], [24.0, 2.0, 2.0, 60.0, 35.625796298323515], [80.0, 2.0, 2.0, 60.0, 37.02476774758143], [16.0, 2.0, 1.0, 30.0, 37.456954746073315], [45.0, 2.0, 2.0, 60.0, 44.72025732460407], [47.0, 2.0, 2.0, 60.0, 51.770060795891936], [104.0, 2.0, 2.0, 60.0, 67.39154057863942], [79.0, 2.0, 2.0, 60.0, 67.78801156455697], [65.0, 2.0, 2.0, 60.0, 73.02081579727279], [10.0, 3.0, 1.0, 30.0, 73.37299733126183], [92.0, 2.0, 2.0, 60.0, 78.81811547138163], [34.0, 2.0, 2.0, 60.0, 87.47475223580068], [23.0, 1.0, 1.0, 30.0, 89.40922635875023], [55.0, 2.0, 2.0, 60.0, 95.5671546720581], [184.0, 3.0, 2.0, 60.0, 96.33602094118923], [121.0, 3.0, 2.0, 60.0, 96.7939072781402], [61.0, 2.0, 2.0, 60.0, 98.36980328880216], [90.0, 2.0, 2.0, 60.0, 102.87579966565295], [18.0, 1.0, 1.0, 30.0, 104.9407263143454], [13.0, 1.0, 1.0, 30.0, 111.17765606341352], [184.0, 2.0, 2.0, 60.0, 112.29553792447513], [59.0, 3.0, 2.0, 60.0, 121.48538924519744], [87.0, 3.0, 1.0, 30.0, 127.62081856126873], [76.0, 1.0, 1.0, 30.0, 130.89979933108373], [64.0, 2.0, 2.0, 60.0, 132.98523286264282], [79.0, 1.0, 1.0, 30.0, 135.25183130913413], [74.0, 1.0, 1.0, 30.0, 135.6372170444124], [132.0, 1.0, 1.0, 30.0, 136.53537831628518], [13.0, 1.0, 1.0, 30.0, 139.96198057430644], [37.0, 1.0, 1.0, 30.0, 141.90538175510554], [3.0, 1.0, 2.0, 60.0, 148.22641604293108], [105.0, 1.0, 1.0, 30.0, 151.7688691800117], [19.0, 2.0, 2.0, 60.0, 152.9585189515018], [17.0, 2.0, 2.0, 60.0, 155.26396063278915], [45.0, 3.0, 2.0, 60.0, 158.4717443187417], [41.0, 2.0, 2.0, 60.0, 160.19091112593068], [14.0, 3.0, 2.0, 60.0, 161.80046723046223], [40.0, 2.0, 2.0, 60.0, 166.19504064142495], [119.0, 2.0, 2.0, 60.0, 167.67977668606895], [52.0, 2.0, 2.0, 60.0, 174.34828881122837], [52.0, 2.0, 2.0, 60.0, 181.30260874245792], [445.0, 2.0, 1.0, 30.0, 186.72302338228388], [68.0, 2.0, 2.0, 60.0, 187.08816512218607], [55.0, 2.0, 2.0, 60.0, 192.75850263079985], [27.0, 2.0, 2.0, 60.0, 199.5301925701257], [129.0, 1.0, 1.0, 30.0, 205.14039082741283], [45.0, 2.0, 2.0, 60.0, 206.54063642859495], [22.0, 2.0, 1.0, 30.0, 208.1453173837751], [17.0, 1.0, 1.0, 30.0, 208.9739969202831], [24.0, 3.0, 1.0, 30.0, 210.74581448374042], [18.0, 1.0, 1.0, 30.0, 210.85151326578935], [59.0, 2.0, 3.0, 120.0, 211.68829524636791], [58.0, 2.0, 2.0, 60.0, 218.2635794691037], [79.0, 2.0, 2.0, 60.0, 238.24236082502787], [79.0, 1.0, 2.0, 60.0, 241.06005128697106], [91.0, 1.0, 1.0, 30.0, 242.4802497949752], [62.0, 2.0, 2.0, 60.0, 244.4690310645114], [134.0, 3.0, 2.0, 60.0, 246.27574217918595], [80.0, 2.0, 2.0, 60.0, 246.92391019530396], [22.0, 2.0, 2.0, 60.0, 252.340535869662], [79.0, 1.0, 1.0, 30.0, 259.21978013724924], [107.0, 2.0, 2.0, 60.0, 266.7588257904633], [53.0, 2.0, 2.0, 60.0, 293.3082397692622], [55.0, 3.0, 1.0, 30.0, 303.841540943146], [17.0, 1.0, 1.0, 30.0, 312.06587014562393], [46.0, 3.0, 2.0, 60.0, 317.28332755550696], [84.0, 1.0, 1.0, 30.0, 320.2459485503109], [29.0, 3.0, 1.0, 30.0, 320.46821633167013], [93.0, 2.0, 2.0, 60.0, 325.25123026577114], [10.0, 1.0, 1.0, 30.0, 328.35814570323583], [72.0, 3.0, 1.0, 30.0, 335.8979525787838], [105.0, 1.0, 2.0, 60.0, 346.037960484565], [9.0, 3.0, 1.0, 30.0, 347.69830455805135], [66.0, 2.0, 1.0, 30.0, 347.94705816407], [12.0, 2.0, 2.0, 60.0, 352.5711693396838], [64.0, 1.0, 2.0, 60.0, 365.3382663386541], [134.0, 3.0, 2.0, 60.0, 369.44362432169635], [99.0, 2.0, 2.0, 60.0, 380.09833875091823], [28.0, 1.0, 1.0, 30.0, 383.8634124776174], [86.0, 2.0, 2.0, 60.0, 390.4333827158369], [100.0, 3.0, 3.0, 120.0, 391.8772976892559], [111.0, 1.0, 1.0, 30.0, 392.54938394344936], [19.0, 1.0, 1.0, 30.0, 393.26178810715084], [100.0, 3.0, 3.0, 120.0, 393.85019969752625], [47.0, 2.0, 2.0, 60.0, 394.1235652920939], [100.0, 2.0, 3.0, 120.0, 402.7065312495663], [272.0, 1.0, 1.0, 30.0, 404.9496062434009], [40.0, 2.0, 2.0, 60.0, 406.8802625567264], [81.0, 1.0, 2.0, 60.0, 411.5550592296831], [13.0, 2.0, 2.0, 60.0, 412.491396507024], [60.0, 2.0, 2.0, 60.0, 422.0828587162822], [92.0, 2.0, 2.0, 60.0, 428.54263891348444], [5.0, 1.0, 1.0, 30.0, 430.18884989348794], [32.0, 2.0, 2.0, 60.0, 431.1918089653501], [115.0, 3.0, 1.0, 30.0, 433.84690701169285]]","[100, 102, 103, 104]","[[0], [0, 1, 2, 0], [3, 1, 0]]","[2, 1, 1, 1]",200,10
139,392.27858309745795,0.01404196818669637,0.29250558277387845,5.741190176642763,5.420568759905355,30.44907874327319,0.0,597.6431291017169,899.1775275388252,1,0.09,0.3260227062857916,0.06642838488154841,"[0, 0, 3]","[37.259356498460676, 12.584732471310284, 11.027961640163259]",6,6000,"[[ 0.          8.36387245 10.40974277  8.89715529  8.27576962]
 [ 8.36387245  0.          2.18599055  1.14626821  0.75100586]
 [10.40974277  2.18599055  0.          2.13888642  2.79687618]
 [ 8.89715529  1.14626821  2.13888642  0.          1.2842887 ]
 [ 8.27576962  0.75100586  2.79687618  1.2842887   0.        ]]","[[20.0, 2.0, 2.0, 60.0, 0.0], [45.0, 1.0, 2.0, 60.0, 0.0], [100.0, 2.0, 2.0, 60.0, 0.0], [46.0, 2.0, 1.0, 30.0, 0.0], [29.0, 3.0, 1.0, 30.0, 0.0], [89.0, 2.0, 2.0, 60.0, 0.0], [21.0, 1.0, 2.0, 60.0, 0.0], [110.0, 1.0, 1.0, 30.0, 0.0], [30.0, 2.0, 2.0, 60.0, 0.0], [53.0, 2.0, 2.0, 60.0, 0.0], [35.0, 3.0, 1.0, 30.0, 0.0], [29.0, 3.0, 1.0, 30.0, 0.0], [85.0, 3.0, 2.0, 60.0, 0.0], [21.0, 3.0, 2.0, 60.0, 0.0], [48.0, 2.0, 2.0, 60.0, 0.0], [45.0, 2.0, 2.0, 60.0, 0.0], [88.0, 3.0, 3.0, 120.0, 0.0], [58.0, 2.0, 2.0, 60.0, 0.0], [141.0, 1.0, 2.0, 60.0, 0.0], [445.0, 1.0, 1.0, 30.0, 0.0], [55.0, 2.0, 2.0, 60.0, 0.0], [100.0, 1.0, 3.0, 120.0, 0.0], [25.0, 2.0, 2.0, 60.0, 0.0], [4.0, 1.0, 1.0, 30.0, 0.0], [73.0, 3.0, 2.0, 60.0, 12.021043019829973], [11.0, 1.0, 2.0, 60.0, 23.70199129895224], [24.0, 2.0, 2.0, 60.0, 35.625796298323515], [80.0, 2.0, 2.0, 60.0, 37.02476774758143], [16.0, 2.0, 1.0, 30.0, 37.456954746073315], [45.0, 2.0, 2.0, 60.0, 44.72025732460407], [47.0, 2.0, 2.0, 60.0, 51.770060795891936], [104.0, 2.0, 2.0, 60.0, 67.39154057863942], [79.0, 2.0, 2.0, 60.0, 67.78801156455697], [65.0, 2.0, 2.0, 60.0, 73.02081579727279], [10.0, 3.0, 1.0, 30.0, 73.37299733126183], [92.0, 2.0, 2.0, 60.0, 78.81811547138163], [34.0, 2.0, 2.0, 60.0, 87.47475223580068], [23.0, 1.0, 1.0, 30.0, 89.40922635875023], [55.0, 2.0, 2.0, 60.0, 95.5671546720581], [184.0, 3.0, 2.0, 60.0, 96.33602094118923], [121.0, 3.0, 2.0, 60.0, 96.7939072781402], [61.0, 2.0, 2.0, 60.0, 98.36980328880216], [90.0, 2.0, 2.0, 60.0, 102.87579966565295], [18.0, 1.0, 1.0, 30.0, 104.9407263143454], [13.0, 1.0, 1.0, 30.0, 111.17765606341352], [184.0, 2.0, 2.0, 60.0, 112.29553792447513], [59.0, 3.0, 2.0, 60.0, 121.48538924519744], [87.0, 3.0, 1.0, 30.0, 127.62081856126873], [76.0, 1.0, 1.0, 30.0, 130.89979933108373], [64.0, 2.0, 2.0, 60.0, 132.98523286264282], [79.0, 1.0, 1.0, 30.0, 135.25183130913413], [74.0, 1.0, 1.0, 30.0, 135.6372170444124], [132.0, 1.0, 1.0, 30.0, 136.53537831628518], [13.0, 1.0, 1.0, 30.0, 139.96198057430644], [37.0, 1.0, 1.0, 30.0, 141.90538175510554], [3.0, 1.0, 2.0, 60.0, 148.22641604293108], [105.0, 1.0, 1.0, 30.0, 151.7688691800117], [19.0, 2.0, 2.0, 60.0, 152.9585189515018], [17.0, 2.0, 2.0, 60.0, 155.26396063278915], [45.0, 3.0, 2.0, 60.0, 158.4717443187417], [41.0, 2.0, 2.0, 60.0, 160.19091112593068], [14.0, 3.0, 2.0, 60.0, 161.80046723046223], [40.0, 2.0, 2.0, 60.0, 166.19504064142495], [119.0, 2.0, 2.0, 60.0, 167.67977668606895], [52.0, 2.0, 2.0, 60.0, 174.34828881122837], [52.0, 2.0, 2.0, 60.0, 181.30260874245792], [445.0, 2.0, 1.0, 30.0, 186.72302338228388], [68.0, 2.0, 2.0, 60.0, 187.08816512218607], [55.0, 2.0, 2.0, 60.0, 192.75850263079985], [27.0, 2.0, 2.0, 60.0, 199.5301925701257], [129.0, 1.0, 1.0, 30.0, 205.14039082741283], [45.0, 2.0, 2.0, 60.0, 206.54063642859495], [22.0, 2.0, 1.0, 30.0, 208.1453173837751], [17.0, 1.0, 1.0, 30.0, 208.9739969202831], [24.0, 3.0, 1.0, 30.0, 210.74581448374042], [18.0, 1.0, 1.0, 30.0, 210.85151326578935], [59.0, 2.0, 3.0, 120.0, 211.68829524636791], [58.0, 2.0, 2.0, 60.0, 218.2635794691037], [79.0, 2.0, 2.0, 60.0, 238.24236082502787], [79.0, 1.0, 2.0, 60.0, 241.06005128697106], [91.0, 1.0, 1.0, 30.0, 242.4802497949752], [62.0, 2.0, 2.0, 60.0, 244.4690310645114], [134.0, 3.0, 2.0, 60.0, 246.27574217918595], [80.0, 2.0, 2.0, 60.0, 246.92391019530396], [22.0, 2.0, 2.0, 60.0, 252.340535869662], [79.0, 1.0, 1.0, 30.0, 259.21978013724924], [107.0, 2.0, 2.0, 60.0, 266.7588257904633], [53.0, 2.0, 2.0, 60.0, 293.3082397692622], [55.0, 3.0, 1.0, 30.0, 303.841540943146], [17.0, 1.0, 1.0, 30.0, 312.06587014562393], [46.0, 3.0, 2.0, 60.0, 317.28332755550696], [84.0, 1.0, 1.0, 30.0, 320.2459485503109], [29.0, 3.0, 1.0, 30.0, 320.46821633167013], [93.0, 2.0, 2.0, 60.0, 325.25123026577114], [10.0, 1.0, 1.0, 30.0, 328.35814570323583], [72.0, 3.0, 1.0, 30.0, 335.8979525787838], [105.0, 1.0, 2.0, 60.0, 346.037960484565], [9.0, 3.0, 1.0, 30.0, 347.69830455805135], [66.0, 2.0, 1.0, 30.0, 347.94705816407], [12.0, 2.0, 2.0, 60.0, 352.5711693396838], [64.0, 1.0, 2.0, 60.0, 365.3382663386541], [134.0, 3.0, 2.0, 60.0, 369.44362432169635], [99.0, 2.0, 2.0, 60.0, 380.09833875091823], [28.0, 1.0, 1.0, 30.0, 383.8634124776174], [86.0, 2.0, 2.0, 60.0, 390.4333827158369], [100.0, 3.0, 3.0, 120.0, 391.8772976892559], [111.0, 1.0, 1.0, 30.0, 392.54938394344936], [19.0, 1.0, 1.0, 30.0, 393.26178810715084], [100.0, 3.0, 3.0, 120.0, 393.85019969752625], [47.0, 2.0, 2.0, 60.0, 394.1235652920939], [100.0, 2.0, 3.0, 120.0, 402.7065312495663], [272.0, 1.0, 1.0, 30.0, 404.9496062434009], [40.0, 2.0, 2.0, 60.0, 406.8802625567264], [81.0, 1.0, 2.0, 60.0, 411.5550592296831], [13.0, 2.0, 2.0, 60.0, 412.491396507024], [60.0, 2.0, 2.0, 60.0, 422.0828587162822], [92.0, 2.0, 2.0, 60.0, 428.54263891348444], [5.0, 1.0, 1.0, 30.0, 430.18884989348794], [32.0, 2.0, 2.0, 60.0, 431.1918089653501], [115.0, 3.0, 1.0, 30.0, 433.84690701169285]]","[100, 102, 103, 104, 105]","[[0, 3, 0], [0, 1, 2, 0], [3, 1, 0]]","[2, 1, 1, 1, 0]",200,10
140,393.29262506564464,0.015188038349151611,0.28807105920271964,8.099042220263211,7.001030584289583,31.66802096195877,0.0,890.3380975268171,1241.4437035815843,2,0.10659523809523808,0.2767577193496281,0.050122348664219024,"[0, 0, 3]","[38.27339846664737, 12.584732471310284, 11.027961640163259]",6,6000,"[[ 0.          8.94725793 10.99312824  9.48054076  8.85915509]
 [ 8.94725793  0.          2.18599055  1.14626821  0.75100586]
 [10.99312824  2.18599055  0.          2.13888642  2.79687618]
 [ 9.48054076  1.14626821  2.13888642  0.          1.2842887 ]
 [ 8.85915509  0.75100586  2.79687618  1.2842887   0.        ]]","[[20.0, 2.0, 2.0, 60.0, 0.0], [45.0, 1.0, 2.0, 60.0, 0.0], [100.0, 2.0, 2.0, 60.0, 0.0], [46.0, 2.0, 1.0, 30.0, 0.0], [29.0, 3.0, 1.0, 30.0, 0.0], [89.0, 2.0, 2.0, 60.0, 0.0], [21.0, 1.0, 2.0, 60.0, 0.0], [110.0, 1.0, 1.0, 30.0, 0.0], [30.0, 2.0, 2.0, 60.0, 0.0], [53.0, 2.0, 2.0, 60.0, 0.0], [35.0, 3.0, 1.0, 30.0, 0.0], [29.0, 3.0, 1.0, 30.0, 0.0], [85.0, 3.0, 2.0, 60.0, 0.0], [21.0, 3.0, 2.0, 60.0, 0.0], [48.0, 2.0, 2.0, 60.0, 0.0], [45.0, 2.0, 2.0, 60.0, 0.0], [88.0, 3.0, 3.0, 120.0, 0.0], [58.0, 2.0, 2.0, 60.0, 0.0], [141.0, 1.0, 2.0, 60.0, 0.0], [445.0, 1.0, 1.0, 30.0, 0.0], [55.0, 2.0, 2.0, 60.0, 0.0], [100.0, 1.0, 3.0, 120.0, 0.0], [25.0, 2.0, 2.0, 60.0, 0.0], [4.0, 1.0, 1.0, 30.0, 0.0], [73.0, 3.0, 2.0, 60.0, 12.021043019829973], [11.0, 1.0, 2.0, 60.0, 23.70199129895224], [24.0, 2.0, 2.0, 60.0, 35.625796298323515], [80.0, 2.0, 2.0, 60.0, 37.02476774758143], [16.0, 2.0, 1.0, 30.0, 37.456954746073315], [45.0, 2.0, 2.0, 60.0, 44.72025732460407], [47.0, 2.0, 2.0, 60.0, 51.770060795891936], [104.0, 2.0, 2.0, 60.0, 67.39154057863942], [79.0, 2.0, 2.0, 60.0, 67.78801156455697], [65.0, 2.0, 2.0, 60.0, 73.02081579727279], [10.0, 3.0, 1.0, 30.0, 73.37299733126183], [92.0, 2.0, 2.0, 60.0, 78.81811547138163], [34.0, 2.0, 2.0, 60.0, 87.47475223580068], [23.0, 1.0, 1.0, 30.0, 89.40922635875023], [55.0, 2.0, 2.0, 60.0, 95.5671546720581], [184.0, 3.0, 2.0, 60.0, 96.33602094118923], [121.0, 3.0, 2.0, 60.0, 96.7939072781402], [61.0, 2.0, 2.0, 60.0, 98.36980328880216], [90.0, 2.0, 2.0, 60.0, 102.87579966565295], [18.0, 1.0, 1.0, 30.0, 104.9407263143454], [13.0, 1.0, 1.0, 30.0, 111.17765606341352], [184.0, 2.0, 2.0, 60.0, 112.29553792447513], [59.0, 3.0, 2.0, 60.0, 121.48538924519744], [87.0, 3.0, 1.0, 30.0, 127.62081856126873], [76.0, 1.0, 1.0, 30.0, 130.89979933108373], [64.0, 2.0, 2.0, 60.0, 132.98523286264282], [79.0, 1.0, 1.0, 30.0, 135.25183130913413], [74.0, 1.0, 1.0, 30.0, 135.6372170444124], [132.0, 1.0, 1.0, 30.0, 136.53537831628518], [13.0, 1.0, 1.0, 30.0, 139.96198057430644], [37.0, 1.0, 1.0, 30.0, 141.90538175510554], [3.0, 1.0, 2.0, 60.0, 148.22641604293108], [105.0, 1.0, 1.0, 30.0, 151.7688691800117], [19.0, 2.0, 2.0, 60.0, 152.9585189515018], [17.0, 2.0, 2.0, 60.0, 155.26396063278915], [45.0, 3.0, 2.0, 60.0, 158.4717443187417], [41.0, 2.0, 2.0, 60.0, 160.19091112593068], [14.0, 3.0, 2.0, 60.0, 161.80046723046223], [40.0, 2.0, 2.0, 60.0, 166.19504064142495], [119.0, 2.0, 2.0, 60.0, 167.67977668606895], [52.0, 2.0, 2.0, 60.0, 174.34828881122837], [52.0, 2.0, 2.0, 60.0, 181.30260874245792], [445.0, 2.0, 1.0, 30.0, 186.72302338228388], [68.0, 2.0, 2.0, 60.0, 187.08816512218607], [55.0, 2.0, 2.0, 60.0, 192.75850263079985], [27.0, 2.0, 2.0, 60.0, 199.5301925701257], [129.0, 1.0, 1.0, 30.0, 205.14039082741283], [45.0, 2.0, 2.0, 60.0, 206.54063642859495], [22.0, 2.0, 1.0, 30.0, 208.1453173837751], [17.0, 1.0, 1.0, 30.0, 208.9739969202831], [24.0, 3.0, 1.0, 30.0, 210.74581448374042], [18.0, 1.0, 1.0, 30.0, 210.85151326578935], [59.0, 2.0, 3.0, 120.0, 211.68829524636791], [58.0, 2.0, 2.0, 60.0, 218.2635794691037], [79.0, 2.0, 2.0, 60.0, 238.24236082502787], [79.0, 1.0, 2.0, 60.0, 241.06005128697106], [91.0, 1.0, 1.0, 30.0, 242.4802497949752], [62.0, 2.0, 2.0, 60.0, 244.4690310645114], [134.0, 3.0, 2.0, 60.0, 246.27574217918595], [80.0, 2.0, 2.0, 60.0, 246.92391019530396], [22.0, 2.0, 2.0, 60.0, 252.340535869662], [79.0, 1.0, 1.0, 30.0, 259.21978013724924], [107.0, 2.0, 2.0, 60.0, 266.7588257904633], [53.0, 2.0, 2.0, 60.0, 293.3082397692622], [55.0, 3.0, 1.0, 30.0, 303.841540943146], [17.0, 1.0, 1.0, 30.0, 312.06587014562393], [46.0, 3.0, 2.0, 60.0, 317.28332755550696], [84.0, 1.0, 1.0, 30.0, 320.2459485503109], [29.0, 3.0, 1.0, 30.0, 320.46821633167013], [93.0, 2.0, 2.0, 60.0, 325.25123026577114], [10.0, 1.0, 1.0, 30.0, 328.35814570323583], [72.0, 3.0, 1.0, 30.0, 335.8979525787838], [105.0, 1.0, 2.0, 60.0, 346.037960484565], [9.0, 3.0, 1.0, 30.0, 347.69830455805135], [66.0, 2.0, 1.0, 30.0, 347.94705816407], [12.0, 2.0, 2.0, 60.0, 352.5711693396838], [64.0, 1.0, 2.0, 60.0, 365.3382663386541], [134.0, 3.0, 2.0, 60.0, 369.44362432169635], [99.0, 2.0, 2.0, 60.0, 380.09833875091823], [28.0, 1.0, 1.0, 30.0, 383.8634124776174], [86.0, 2.0, 2.0, 60.0, 390.4333827158369], [100.0, 3.0, 3.0, 120.0, 391.8772976892559], [111.0, 1.0, 1.0, 30.0, 392.54938394344936], [19.0, 1.0, 1.0, 30.0, 393.26178810715084], [100.0, 3.0, 3.0, 120.0, 393.85019969752625], [47.0, 2.0, 2.0, 60.0, 394.1235652920939], [100.0, 2.0, 3.0, 120.0, 402.7065312495663], [272.0, 1.0, 1.0, 30.0, 404.9496062434009], [40.0, 2.0, 2.0, 60.0, 406.8802625567264], [81.0, 1.0, 2.0, 60.0, 411.5550592296831], [13.0, 2.0, 2.0, 60.0, 412.491396507024], [60.0, 2.0, 2.0, 60.0, 422.0828587162822], [92.0, 2.0, 2.0, 60.0, 428.54263891348444], [5.0, 1.0, 1.0, 30.0, 430.18884989348794], [32.0, 2.0, 2.0, 60.0, 431.1918089653501], [115.0, 3.0, 1.0, 30.0, 433.84690701169285]]","[100, 102, 103, 104, 105, 106, 107]","[[0, 1, 3, 0], [0, 1, 2, 0], [3, 1, 0]]","[2, 1, 1, 1, 0, 1, 0]",200,10
141,394.3078131039938,0.015216505527496338,0.28790944583526173,11.523859174857671,8.289646110312725,31.604620919481157,0.0,1265.006084445234,1537.813758748944,1,0.08472222222222221,0.17905595693620258,0.05044571390244663,"[0, 0, 0]","[39.28858650499652, 12.584732471310284, 11.385971446695017]",6,6000,"[[ 0.          8.93140792 10.97727823  9.46469075  8.84330508]
 [ 8.93140792  0.          2.18599055  1.14626821  0.75100586]
 [10.97727823  2.18599055  0.          2.13888642  2.79687618]
 [ 9.46469075  1.14626821  2.13888642  0.          1.2842887 ]
 [ 8.84330508  0.75100586  2.79687618  1.2842887   0.        ]]","[[20.0, 2.0, 2.0, 60.0, 0.0], [45.0, 1.0, 2.0, 60.0, 0.0], [100.0, 2.0, 2.0, 60.0, 0.0], [46.0, 2.0, 1.0, 30.0, 0.0], [29.0, 3.0, 1.0, 30.0, 0.0], [89.0, 2.0, 2.0, 60.0, 0.0], [21.0, 1.0, 2.0, 60.0, 0.0], [110.0, 1.0, 1.0, 30.0, 0.0], [30.0, 2.0, 2.0, 60.0, 0.0], [53.0, 2.0, 2.0, 60.0, 0.0], [35.0, 3.0, 1.0, 30.0, 0.0], [29.0, 3.0, 1.0, 30.0, 0.0], [85.0, 3.0, 2.0, 60.0, 0.0], [21.0, 3.0, 2.0, 60.0, 0.0], [48.0, 2.0, 2.0, 60.0, 0.0], [45.0, 2.0, 2.0, 60.0, 0.0], [88.0, 3.0, 3.0, 120.0, 0.0], [58.0, 2.0, 2.0, 60.0, 0.0], [141.0, 1.0, 2.0, 60.0, 0.0], [445.0, 1.0, 1.0, 30.0, 0.0], [55.0, 2.0, 2.0, 60.0, 0.0], [100.0, 1.0, 3.0, 120.0, 0.0], [25.0, 2.0, 2.0, 60.0, 0.0], [4.0, 1.0, 1.0, 30.0, 0.0], [73.0, 3.0, 2.0, 60.0, 12.021043019829973], [11.0, 1.0, 2.0, 60.0, 23.70199129895224], [24.0, 2.0, 2.0, 60.0, 35.625796298323515], [80.0, 2.0, 2.0, 60.0, 37.02476774758143], [16.0, 2.0, 1.0, 30.0, 37.456954746073315], [45.0, 2.0, 2.0, 60.0, 44.72025732460407], [47.0, 2.0, 2.0, 60.0, 51.770060795891936], [104.0, 2.0, 2.0, 60.0, 67.39154057863942], [79.0, 2.0, 2.0, 60.0, 67.78801156455697], [65.0, 2.0, 2.0, 60.0, 73.02081579727279], [10.0, 3.0, 1.0, 30.0, 73.37299733126183], [92.0, 2.0, 2.0, 60.0, 78.81811547138163], [34.0, 2.0, 2.0, 60.0, 87.47475223580068], [23.0, 1.0, 1.0, 30.0, 89.40922635875023], [55.0, 2.0, 2.0, 60.0, 95.5671546720581], [184.0, 3.0, 2.0, 60.0, 96.33602094118923], [121.0, 3.0, 2.0, 60.0, 96.7939072781402], [61.0, 2.0, 2.0, 60.0, 98.36980328880216], [90.0, 2.0, 2.0, 60.0, 102.87579966565295], [18.0, 1.0, 1.0, 30.0, 104.9407263143454], [13.0, 1.0, 1.0, 30.0, 111.17765606341352], [184.0, 2.0, 2.0, 60.0, 112.29553792447513], [59.0, 3.0, 2.0, 60.0, 121.48538924519744], [87.0, 3.0, 1.0, 30.0, 127.62081856126873], [76.0, 1.0, 1.0, 30.0, 130.89979933108373], [64.0, 2.0, 2.0, 60.0, 132.98523286264282], [79.0, 1.0, 1.0, 30.0, 135.25183130913413], [74.0, 1.0, 1.0, 30.0, 135.6372170444124], [132.0, 1.0, 1.0, 30.0, 136.53537831628518], [13.0, 1.0, 1.0, 30.0, 139.96198057430644], [37.0, 1.0, 1.0, 30.0, 141.90538175510554], [3.0, 1.0, 2.0, 60.0, 148.22641604293108], [105.0, 1.0, 1.0, 30.0, 151.7688691800117], [19.0, 2.0, 2.0, 60.0, 152.9585189515018], [17.0, 2.0, 2.0, 60.0, 155.26396063278915], [45.0, 3.0, 2.0, 60.0, 158.4717443187417], [41.0, 2.0, 2.0, 60.0, 160.19091112593068], [14.0, 3.0, 2.0, 60.0, 161.80046723046223], [40.0, 2.0, 2.0, 60.0, 166.19504064142495], [119.0, 2.0, 2.0, 60.0, 167.67977668606895], [52.0, 2.0, 2.0, 60.0, 174.34828881122837], [52.0, 2.0, 2.0, 60.0, 181.30260874245792], [445.0, 2.0, 1.0, 30.0, 186.72302338228388], [68.0, 2.0, 2.0, 60.0, 187.08816512218607], [55.0, 2.0, 2.0, 60.0, 192.75850263079985], [27.0, 2.0, 2.0, 60.0, 199.5301925701257], [129.0, 1.0, 1.0, 30.0, 205.14039082741283], [45.0, 2.0, 2.0, 60.0, 206.54063642859495], [22.0, 2.0, 1.0, 30.0, 208.1453173837751], [17.0, 1.0, 1.0, 30.0, 208.9739969202831], [24.0, 3.0, 1.0, 30.0, 210.74581448374042], [18.0, 1.0, 1.0, 30.0, 210.85151326578935], [59.0, 2.0, 3.0, 120.0, 211.68829524636791], [58.0, 2.0, 2.0, 60.0, 218.2635794691037], [79.0, 2.0, 2.0, 60.0, 238.24236082502787], [79.0, 1.0, 2.0, 60.0, 241.06005128697106], [91.0, 1.0, 1.0, 30.0, 242.4802497949752], [62.0, 2.0, 2.0, 60.0, 244.4690310645114], [134.0, 3.0, 2.0, 60.0, 246.27574217918595], [80.0, 2.0, 2.0, 60.0, 246.92391019530396], [22.0, 2.0, 2.0, 60.0, 252.340535869662], [79.0, 1.0, 1.0, 30.0, 259.21978013724924], [107.0, 2.0, 2.0, 60.0, 266.7588257904633], [53.0, 2.0, 2.0, 60.0, 293.3082397692622], [55.0, 3.0, 1.0, 30.0, 303.841540943146], [17.0, 1.0, 1.0, 30.0, 312.06587014562393], [46.0, 3.0, 2.0, 60.0, 317.28332755550696], [84.0, 1.0, 1.0, 30.0, 320.2459485503109], [29.0, 3.0, 1.0, 30.0, 320.46821633167013], [93.0, 2.0, 2.0, 60.0, 325.25123026577114], [10.0, 1.0, 1.0, 30.0, 328.35814570323583], [72.0, 3.0, 1.0, 30.0, 335.8979525787838], [105.0, 1.0, 2.0, 60.0, 346.037960484565], [9.0, 3.0, 1.0, 30.0, 347.69830455805135], [66.0, 2.0, 1.0, 30.0, 347.94705816407], [12.0, 2.0, 2.0, 60.0, 352.5711693396838], [64.0, 1.0, 2.0, 60.0, 365.3382663386541], [134.0, 3.0, 2.0, 60.0, 369.44362432169635], [99.0, 2.0, 2.0, 60.0, 380.09833875091823], [28.0, 1.0, 1.0, 30.0, 383.8634124776174], [86.0, 2.0, 2.0, 60.0, 390.4333827158369], [100.0, 3.0, 3.0, 120.0, 391.8772976892559], [111.0, 1.0, 1.0, 30.0, 392.54938394344936], [19.0, 1.0, 1.0, 30.0, 393.26178810715084], [100.0, 3.0, 3.0, 120.0, 393.85019969752625], [47.0, 2.0, 2.0, 60.0, 394.1235652920939], [100.0, 2.0, 3.0, 120.0, 402.7065312495663], [272.0, 1.0, 1.0, 30.0, 404.9496062434009], [40.0, 2.0, 2.0, 60.0, 406.8802625567264], [81.0, 1.0, 2.0, 60.0, 411.5550592296831], [13.0, 2.0, 2.0, 60.0, 412.491396507024], [60.0, 2.0, 2.0, 60.0, 422.0828587162822], [92.0, 2.0, 2.0, 60.0, 428.54263891348444], [5.0, 1.0, 1.0, 30.0, 430.18884989348794], [32.0, 2.0, 2.0, 60.0, 431.1918089653501], [115.0, 3.0, 1.0, 30.0, 433.84690701169285]]","[100, 102, 103, 104, 105, 106, 107, 108, 109]","[[0, 1, 3, 0], [0, 1, 2, 0], [0, 1, 0]]","[2, 1, 1, 1, 0, 1, 0, 0, 1]",200,10
142,400.3230296095213,0.01639318068822225,0.2419122951152642,11.001803750825662,7.43558677978443,24.76885264273087,0.0,1126.4497977608175,1598.5981872203656,1,0.10975,0.30708025849908255,0.03951527327766609,"[0, 1, 0]","[30.372395093769143, 12.584732471310284, 17.401187952222514]",6,6000,"[[ 0.          8.45511978 10.23877378  8.7261863   8.17249578]
 [ 8.45511978  0.          2.12769796  1.15748131  0.73350633]
 [10.23877378  2.12769796  0.          2.13888642  2.51716032]
 [ 8.7261863   1.15748131  2.13888642  0.          1.00457285]
 [ 8.17249578  0.73350633  2.51716032  1.00457285  0.        ]]","[[20.0, 2.0, 2.0, 60.0, 0.0], [45.0, 1.0, 2.0, 60.0, 0.0], [100.0, 2.0, 2.0, 60.0, 0.0], [46.0, 2.0, 1.0, 30.0, 0.0], [29.0, 3.0, 1.0, 30.0, 0.0], [89.0, 2.0, 2.0, 60.0, 0.0], [21.0, 1.0, 2.0, 60.0, 0.0], [110.0, 1.0, 1.0, 30.0, 0.0], [30.0, 2.0, 2.0, 60.0, 0.0], [53.0, 2.0, 2.0, 60.0, 0.0], [35.0, 3.0, 1.0, 30.0, 0.0], [29.0, 3.0, 1.0, 30.0, 0.0], [85.0, 3.0, 2.0, 60.0, 0.0], [21.0, 3.0, 2.0, 60.0, 0.0], [48.0, 2.0, 2.0, 60.0, 0.0], [45.0, 2.0, 2.0, 60.0, 0.0], [88.0, 3.0, 3.0, 120.0, 0.0], [58.0, 2.0, 2.0, 60.0, 0.0], [141.0, 1.0, 2.0, 60.0, 0.0], [445.0, 1.0, 1.0, 30.0, 0.0], [55.0, 2.0, 2.0, 60.0, 0.0], [100.0, 1.0, 3.0, 120.0, 0.0], [25.0, 2.0, 2.0, 60.0, 0.0], [4.0, 1.0, 1.0, 30.0, 0.0], [73.0, 3.0, 2.0, 60.0, 12.021043019829973], [11.0, 1.0, 2.0, 60.0, 23.70199129895224], [24.0, 2.0, 2.0, 60.0, 35.625796298323515], [80.0, 2.0, 2.0, 60.0, 37.02476774758143], [16.0, 2.0, 1.0, 30.0, 37.456954746073315], [45.0, 2.0, 2.0, 60.0, 44.72025732460407], [47.0, 2.0, 2.0, 60.0, 51.770060795891936], [104.0, 2.0, 2.0, 60.0, 67.39154057863942], [79.0, 2.0, 2.0, 60.0, 67.78801156455697], [65.0, 2.0, 2.0, 60.0, 73.02081579727279], [10.0, 3.0, 1.0, 30.0, 73.37299733126183], [92.0, 2.0, 2.0, 60.0, 78.81811547138163], [34.0, 2.0, 2.0, 60.0, 87.47475223580068], [23.0, 1.0, 1.0, 30.0, 89.40922635875023], [55.0, 2.0, 2.0, 60.0, 95.5671546720581], [184.0, 3.0, 2.0, 60.0, 96.33602094118923], [121.0, 3.0, 2.0, 60.0, 96.7939072781402], [61.0, 2.0, 2.0, 60.0, 98.36980328880216], [90.0, 2.0, 2.0, 60.0, 102.87579966565295], [18.0, 1.0, 1.0, 30.0, 104.9407263143454], [13.0, 1.0, 1.0, 30.0, 111.17765606341352], [184.0, 2.0, 2.0, 60.0, 112.29553792447513], [59.0, 3.0, 2.0, 60.0, 121.48538924519744], [87.0, 3.0, 1.0, 30.0, 127.62081856126873], [76.0, 1.0, 1.0, 30.0, 130.89979933108373], [64.0, 2.0, 2.0, 60.0, 132.98523286264282], [79.0, 1.0, 1.0, 30.0, 135.25183130913413], [74.0, 1.0, 1.0, 30.0, 135.6372170444124], [132.0, 1.0, 1.0, 30.0, 136.53537831628518], [13.0, 1.0, 1.0, 30.0, 139.96198057430644], [37.0, 1.0, 1.0, 30.0, 141.90538175510554], [3.0, 1.0, 2.0, 60.0, 148.22641604293108], [105.0, 1.0, 1.0, 30.0, 151.7688691800117], [19.0, 2.0, 2.0, 60.0, 152.9585189515018], [17.0, 2.0, 2.0, 60.0, 155.26396063278915], [45.0, 3.0, 2.0, 60.0, 158.4717443187417], [41.0, 2.0, 2.0, 60.0, 160.19091112593068], [14.0, 3.0, 2.0, 60.0, 161.80046723046223], [40.0, 2.0, 2.0, 60.0, 166.19504064142495], [119.0, 2.0, 2.0, 60.0, 167.67977668606895], [52.0, 2.0, 2.0, 60.0, 174.34828881122837], [52.0, 2.0, 2.0, 60.0, 181.30260874245792], [445.0, 2.0, 1.0, 30.0, 186.72302338228388], [68.0, 2.0, 2.0, 60.0, 187.08816512218607], [55.0, 2.0, 2.0, 60.0, 192.75850263079985], [27.0, 2.0, 2.0, 60.0, 199.5301925701257], [129.0, 1.0, 1.0, 30.0, 205.14039082741283], [45.0, 2.0, 2.0, 60.0, 206.54063642859495], [22.0, 2.0, 1.0, 30.0, 208.1453173837751], [17.0, 1.0, 1.0, 30.0, 208.9739969202831], [24.0, 3.0, 1.0, 30.0, 210.74581448374042], [18.0, 1.0, 1.0, 30.0, 210.85151326578935], [59.0, 2.0, 3.0, 120.0, 211.68829524636791], [58.0, 2.0, 2.0, 60.0, 218.2635794691037], [79.0, 2.0, 2.0, 60.0, 238.24236082502787], [79.0, 1.0, 2.0, 60.0, 241.06005128697106], [91.0, 1.0, 1.0, 30.0, 242.4802497949752], [62.0, 2.0, 2.0, 60.0, 244.4690310645114], [134.0, 3.0, 2.0, 60.0, 246.27574217918595], [80.0, 2.0, 2.0, 60.0, 246.92391019530396], [22.0, 2.0, 2.0, 60.0, 252.340535869662], [79.0, 1.0, 1.0, 30.0, 259.21978013724924], [107.0, 2.0, 2.0, 60.0, 266.7588257904633], [53.0, 2.0, 2.0, 60.0, 293.3082397692622], [55.0, 3.0, 1.0, 30.0, 303.841540943146], [17.0, 1.0, 1.0, 30.0, 312.06587014562393], [46.0, 3.0, 2.0, 60.0, 317.28332755550696], [84.0, 1.0, 1.0, 30.0, 320.2459485503109], [29.0, 3.0, 1.0, 30.0, 320.46821633167013], [93.0, 2.0, 2.0, 60.0, 325.25123026577114], [10.0, 1.0, 1.0, 30.0, 328.35814570323583], [72.0, 3.0, 1.0, 30.0, 335.8979525787838], [105.0, 1.0, 2.0, 60.0, 346.037960484565], [9.0, 3.0, 1.0, 30.0, 347.69830455805135], [66.0, 2.0, 1.0, 30.0, 347.94705816407], [12.0, 2.0, 2.0, 60.0, 352.5711693396838], [64.0, 1.0, 2.0, 60.0, 365.3382663386541], [134.0, 3.0, 2.0, 60.0, 369.44362432169635], [99.0, 2.0, 2.0, 60.0, 380.09833875091823], [28.0, 1.0, 1.0, 30.0, 383.8634124776174], [86.0, 2.0, 2.0, 60.0, 390.4333827158369], [100.0, 3.0, 3.0, 120.0, 391.8772976892559], [111.0, 1.0, 1.0, 30.0, 392.54938394344936], [19.0, 1.0, 1.0, 30.0, 393.26178810715084], [100.0, 3.0, 3.0, 120.0, 393.85019969752625], [47.0, 2.0, 2.0, 60.0, 394.1235652920939], [100.0, 2.0, 3.0, 120.0, 402.7065312495663], [272.0, 1.0, 1.0, 30.0, 404.9496062434009], [40.0, 2.0, 2.0, 60.0, 406.8802625567264], [81.0, 1.0, 2.0, 60.0, 411.5550592296831], [13.0, 2.0, 2.0, 60.0, 412.491396507024], [60.0, 2.0, 2.0, 60.0, 422.0828587162822], [92.0, 2.0, 2.0, 60.0, 428.54263891348444], [5.0, 1.0, 1.0, 30.0, 430.18884989348794], [32.0, 2.0, 2.0, 60.0, 431.1918089653501], [115.0, 3.0, 1.0, 30.0, 433.84690701169285]]","[100, 102, 104, 105, 106, 107, 108, 109]","[[0, 1, 3, 0], [1, 2, 0], [0, 1, 2, 0]]","[2, 1, 1, 0, 0, 0, 0, 2]",200,10
143,403.33942279020954,0.01758573055267334,0.4575634873367176,7.225300288679027,6.494727101429864,49.7192741249993,114.93490916113825,785.1078497963922,1205.6487733634306,2,0.07833333333333334,0.08998073477629172,0.04047001904619367,"[0, 1, 0]","[30.372395093769143, 10.45703451471572, 20.417581132910737]",6,6000,"[[ 0.          8.35596829 10.86609301  8.76425148  8.31467861]
 [ 8.35596829  0.          2.51012472  1.02172821  0.7201722 ]
 [10.86609301  2.51012472  0.          2.74779937  3.23029692]
 [ 8.76425148  1.02172821  2.74779937  0.          1.12845539]
 [ 8.31467861  0.7201722   3.23029692  1.12845539  0.        ]]","[[20.0, 2.0, 2.0, 60.0, 0.0], [45.0, 1.0, 2.0, 60.0, 0.0], [100.0, 2.0, 2.0, 60.0, 0.0], [46.0, 2.0, 1.0, 30.0, 0.0], [29.0, 3.0, 1.0, 30.0, 0.0], [89.0, 2.0, 2.0, 60.0, 0.0], [21.0, 1.0, 2.0, 60.0, 0.0], [110.0, 1.0, 1.0, 30.0, 0.0], [30.0, 2.0, 2.0, 60.0, 0.0], [53.0, 2.0, 2.0, 60.0, 0.0], [35.0, 3.0, 1.0, 30.0, 0.0], [29.0, 3.0, 1.0, 30.0, 0.0], [85.0, 3.0, 2.0, 60.0, 0.0], [21.0, 3.0, 2.0, 60.0, 0.0], [48.0, 2.0, 2.0, 60.0, 0.0], [45.0, 2.0, 2.0, 60.0, 0.0], [88.0, 3.0, 3.0, 120.0, 0.0], [58.0, 2.0, 2.0, 60.0, 0.0], [141.0, 1.0, 2.0, 60.0, 0.0], [445.0, 1.0, 1.0, 30.0, 0.0], [55.0, 2.0, 2.0, 60.0, 0.0], [100.0, 1.0, 3.0, 120.0, 0.0], [25.0, 2.0, 2.0, 60.0, 0.0], [4.0, 1.0, 1.0, 30.0, 0.0], [73.0, 3.0, 2.0, 60.0, 12.021043019829973], [11.0, 1.0, 2.0, 60.0, 23.70199129895224], [24.0, 2.0, 2.0, 60.0, 35.625796298323515], [80.0, 2.0, 2.0, 60.0, 37.02476774758143], [16.0, 2.0, 1.0, 30.0, 37.456954746073315], [45.0, 2.0, 2.0, 60.0, 44.72025732460407], [47.0, 2.0, 2.0, 60.0, 51.770060795891936], [104.0, 2.0, 2.0, 60.0, 67.39154057863942], [79.0, 2.0, 2.0, 60.0, 67.78801156455697], [65.0, 2.0, 2.0, 60.0, 73.02081579727279], [10.0, 3.0, 1.0, 30.0, 73.37299733126183], [92.0, 2.0, 2.0, 60.0, 78.81811547138163], [34.0, 2.0, 2.0, 60.0, 87.47475223580068], [23.0, 1.0, 1.0, 30.0, 89.40922635875023], [55.0, 2.0, 2.0, 60.0, 95.5671546720581], [184.0, 3.0, 2.0, 60.0, 96.33602094118923], [121.0, 3.0, 2.0, 60.0, 96.7939072781402], [61.0, 2.0, 2.0, 60.0, 98.36980328880216], [90.0, 2.0, 2.0, 60.0, 102.87579966565295], [18.0, 1.0, 1.0, 30.0, 104.9407263143454], [13.0, 1.0, 1.0, 30.0, 111.17765606341352], [184.0, 2.0, 2.0, 60.0, 112.29553792447513], [59.0, 3.0, 2.0, 60.0, 121.48538924519744], [87.0, 3.0, 1.0, 30.0, 127.62081856126873], [76.0, 1.0, 1.0, 30.0, 130.89979933108373], [64.0, 2.0, 2.0, 60.0, 132.98523286264282], [79.0, 1.0, 1.0, 30.0, 135.25183130913413], [74.0, 1.0, 1.0, 30.0, 135.6372170444124], [132.0, 1.0, 1.0, 30.0, 136.53537831628518], [13.0, 1.0, 1.0, 30.0, 139.96198057430644], [37.0, 1.0, 1.0, 30.0, 141.90538175510554], [3.0, 1.0, 2.0, 60.0, 148.22641604293108], [105.0, 1.0, 1.0, 30.0, 151.7688691800117], [19.0, 2.0, 2.0, 60.0, 152.9585189515018], [17.0, 2.0, 2.0, 60.0, 155.26396063278915], [45.0, 3.0, 2.0, 60.0, 158.4717443187417], [41.0, 2.0, 2.0, 60.0, 160.19091112593068], [14.0, 3.0, 2.0, 60.0, 161.80046723046223], [40.0, 2.0, 2.0, 60.0, 166.19504064142495], [119.0, 2.0, 2.0, 60.0, 167.67977668606895], [52.0, 2.0, 2.0, 60.0, 174.34828881122837], [52.0, 2.0, 2.0, 60.0, 181.30260874245792], [445.0, 2.0, 1.0, 30.0, 186.72302338228388], [68.0, 2.0, 2.0, 60.0, 187.08816512218607], [55.0, 2.0, 2.0, 60.0, 192.75850263079985], [27.0, 2.0, 2.0, 60.0, 199.5301925701257], [129.0, 1.0, 1.0, 30.0, 205.14039082741283], [45.0, 2.0, 2.0, 60.0, 206.54063642859495], [22.0, 2.0, 1.0, 30.0, 208.1453173837751], [17.0, 1.0, 1.0, 30.0, 208.9739969202831], [24.0, 3.0, 1.0, 30.0, 210.74581448374042], [18.0, 1.0, 1.0, 30.0, 210.85151326578935], [59.0, 2.0, 3.0, 120.0, 211.68829524636791], [58.0, 2.0, 2.0, 60.0, 218.2635794691037], [79.0, 2.0, 2.0, 60.0, 238.24236082502787], [79.0, 1.0, 2.0, 60.0, 241.06005128697106], [91.0, 1.0, 1.0, 30.0, 242.4802497949752], [62.0, 2.0, 2.0, 60.0, 244.4690310645114], [134.0, 3.0, 2.0, 60.0, 246.27574217918595], [80.0, 2.0, 2.0, 60.0, 246.92391019530396], [22.0, 2.0, 2.0, 60.0, 252.340535869662], [79.0, 1.0, 1.0, 30.0, 259.21978013724924], [107.0, 2.0, 2.0, 60.0, 266.7588257904633], [53.0, 2.0, 2.0, 60.0, 293.3082397692622], [55.0, 3.0, 1.0, 30.0, 303.841540943146], [17.0, 1.0, 1.0, 30.0, 312.06587014562393], [46.0, 3.0, 2.0, 60.0, 317.28332755550696], [84.0, 1.0, 1.0, 30.0, 320.2459485503109], [29.0, 3.0, 1.0, 30.0, 320.46821633167013], [93.0, 2.0, 2.0, 60.0, 325.25123026577114], [10.0, 1.0, 1.0, 30.0, 328.35814570323583], [72.0, 3.0, 1.0, 30.0, 335.8979525787838], [105.0, 1.0, 2.0, 60.0, 346.037960484565], [9.0, 3.0, 1.0, 30.0, 347.69830455805135], [66.0, 2.0, 1.0, 30.0, 347.94705816407], [12.0, 2.0, 2.0, 60.0, 352.5711693396838], [64.0, 1.0, 2.0, 60.0, 365.3382663386541], [134.0, 3.0, 2.0, 60.0, 369.44362432169635], [99.0, 2.0, 2.0, 60.0, 380.09833875091823], [28.0, 1.0, 1.0, 30.0, 383.8634124776174], [86.0, 2.0, 2.0, 60.0, 390.4333827158369], [100.0, 3.0, 3.0, 120.0, 391.8772976892559], [111.0, 1.0, 1.0, 30.0, 392.54938394344936], [19.0, 1.0, 1.0, 30.0, 393.26178810715084], [100.0, 3.0, 3.0, 120.0, 393.85019969752625], [47.0, 2.0, 2.0, 60.0, 394.1235652920939], [100.0, 2.0, 3.0, 120.0, 402.7065312495663], [272.0, 1.0, 1.0, 30.0, 404.9496062434009], [40.0, 2.0, 2.0, 60.0, 406.8802625567264], [81.0, 1.0, 2.0, 60.0, 411.5550592296831], [13.0, 2.0, 2.0, 60.0, 412.491396507024], [60.0, 2.0, 2.0, 60.0, 422.0828587162822], [92.0, 2.0, 2.0, 60.0, 428.54263891348444], [5.0, 1.0, 1.0, 30.0, 430.18884989348794], [32.0, 2.0, 2.0, 60.0, 431.1918089653501], [115.0, 3.0, 1.0, 30.0, 433.84690701169285]]","[100, 102, 104, 105, 106, 107, 108, 109, 110]","[[0, 1, 3, 0], [1, 0, 2, 0], [0, 1, 2, 0]]","[2, 1, 1, 0, 0, 0, 0, 2, 2]",200,10
144,404.35700852076224,0.01403946876525879,0.20273344946604424,3.5495894021792207,4.603580539655549,22.02920518632057,0.0,385.7016860007201,487.83343630119475,4,0.09666666666666666,0.495995335403974,0.053626474307632316,"[1, 2, 0]","[30.372395093769143, 10.45703451471572, 21.43516686346341]",6,6000,"[[ 0.          8.35596829 10.86609301  8.76425148  8.31467861]
 [ 8.35596829  0.          2.51012472  1.02172821  0.7201722 ]
 [10.86609301  2.51012472  0.          2.74779937  3.23029692]
 [ 8.76425148  1.02172821  2.74779937  0.          1.12845539]
 [ 8.31467861  0.7201722   3.23029692  1.12845539  0.        ]]","[[20.0, 2.0, 2.0, 60.0, 0.0], [45.0, 1.0, 2.0, 60.0, 0.0], [100.0, 2.0, 2.0, 60.0, 0.0], [46.0, 2.0, 1.0, 30.0, 0.0], [29.0, 3.0, 1.0, 30.0, 0.0], [89.0, 2.0, 2.0, 60.0, 0.0], [21.0, 1.0, 2.0, 60.0, 0.0], [110.0, 1.0, 1.0, 30.0, 0.0], [30.0, 2.0, 2.0, 60.0, 0.0], [53.0, 2.0, 2.0, 60.0, 0.0], [35.0, 3.0, 1.0, 30.0, 0.0], [29.0, 3.0, 1.0, 30.0, 0.0], [85.0, 3.0, 2.0, 60.0, 0.0], [21.0, 3.0, 2.0, 60.0, 0.0], [48.0, 2.0, 2.0, 60.0, 0.0], [45.0, 2.0, 2.0, 60.0, 0.0], [88.0, 3.0, 3.0, 120.0, 0.0], [58.0, 2.0, 2.0, 60.0, 0.0], [141.0, 1.0, 2.0, 60.0, 0.0], [445.0, 1.0, 1.0, 30.0, 0.0], [55.0, 2.0, 2.0, 60.0, 0.0], [100.0, 1.0, 3.0, 120.0, 0.0], [25.0, 2.0, 2.0, 60.0, 0.0], [4.0, 1.0, 1.0, 30.0, 0.0], [73.0, 3.0, 2.0, 60.0, 12.021043019829973], [11.0, 1.0, 2.0, 60.0, 23.70199129895224], [24.0, 2.0, 2.0, 60.0, 35.625796298323515], [80.0, 2.0, 2.0, 60.0, 37.02476774758143], [16.0, 2.0, 1.0, 30.0, 37.456954746073315], [45.0, 2.0, 2.0, 60.0, 44.72025732460407], [47.0, 2.0, 2.0, 60.0, 51.770060795891936], [104.0, 2.0, 2.0, 60.0, 67.39154057863942], [79.0, 2.0, 2.0, 60.0, 67.78801156455697], [65.0, 2.0, 2.0, 60.0, 73.02081579727279], [10.0, 3.0, 1.0, 30.0, 73.37299733126183], [92.0, 2.0, 2.0, 60.0, 78.81811547138163], [34.0, 2.0, 2.0, 60.0, 87.47475223580068], [23.0, 1.0, 1.0, 30.0, 89.40922635875023], [55.0, 2.0, 2.0, 60.0, 95.5671546720581], [184.0, 3.0, 2.0, 60.0, 96.33602094118923], [121.0, 3.0, 2.0, 60.0, 96.7939072781402], [61.0, 2.0, 2.0, 60.0, 98.36980328880216], [90.0, 2.0, 2.0, 60.0, 102.87579966565295], [18.0, 1.0, 1.0, 30.0, 104.9407263143454], [13.0, 1.0, 1.0, 30.0, 111.17765606341352], [184.0, 2.0, 2.0, 60.0, 112.29553792447513], [59.0, 3.0, 2.0, 60.0, 121.48538924519744], [87.0, 3.0, 1.0, 30.0, 127.62081856126873], [76.0, 1.0, 1.0, 30.0, 130.89979933108373], [64.0, 2.0, 2.0, 60.0, 132.98523286264282], [79.0, 1.0, 1.0, 30.0, 135.25183130913413], [74.0, 1.0, 1.0, 30.0, 135.6372170444124], [132.0, 1.0, 1.0, 30.0, 136.53537831628518], [13.0, 1.0, 1.0, 30.0, 139.96198057430644], [37.0, 1.0, 1.0, 30.0, 141.90538175510554], [3.0, 1.0, 2.0, 60.0, 148.22641604293108], [105.0, 1.0, 1.0, 30.0, 151.7688691800117], [19.0, 2.0, 2.0, 60.0, 152.9585189515018], [17.0, 2.0, 2.0, 60.0, 155.26396063278915], [45.0, 3.0, 2.0, 60.0, 158.4717443187417], [41.0, 2.0, 2.0, 60.0, 160.19091112593068], [14.0, 3.0, 2.0, 60.0, 161.80046723046223], [40.0, 2.0, 2.0, 60.0, 166.19504064142495], [119.0, 2.0, 2.0, 60.0, 167.67977668606895], [52.0, 2.0, 2.0, 60.0, 174.34828881122837], [52.0, 2.0, 2.0, 60.0, 181.30260874245792], [445.0, 2.0, 1.0, 30.0, 186.72302338228388], [68.0, 2.0, 2.0, 60.0, 187.08816512218607], [55.0, 2.0, 2.0, 60.0, 192.75850263079985], [27.0, 2.0, 2.0, 60.0, 199.5301925701257], [129.0, 1.0, 1.0, 30.0, 205.14039082741283], [45.0, 2.0, 2.0, 60.0, 206.54063642859495], [22.0, 2.0, 1.0, 30.0, 208.1453173837751], [17.0, 1.0, 1.0, 30.0, 208.9739969202831], [24.0, 3.0, 1.0, 30.0, 210.74581448374042], [18.0, 1.0, 1.0, 30.0, 210.85151326578935], [59.0, 2.0, 3.0, 120.0, 211.68829524636791], [58.0, 2.0, 2.0, 60.0, 218.2635794691037], [79.0, 2.0, 2.0, 60.0, 238.24236082502787], [79.0, 1.0, 2.0, 60.0, 241.06005128697106], [91.0, 1.0, 1.0, 30.0, 242.4802497949752], [62.0, 2.0, 2.0, 60.0, 244.4690310645114], [134.0, 3.0, 2.0, 60.0, 246.27574217918595], [80.0, 2.0, 2.0, 60.0, 246.92391019530396], [22.0, 2.0, 2.0, 60.0, 252.340535869662], [79.0, 1.0, 1.0, 30.0, 259.21978013724924], [107.0, 2.0, 2.0, 60.0, 266.7588257904633], [53.0, 2.0, 2.0, 60.0, 293.3082397692622], [55.0, 3.0, 1.0, 30.0, 303.841540943146], [17.0, 1.0, 1.0, 30.0, 312.06587014562393], [46.0, 3.0, 2.0, 60.0, 317.28332755550696], [84.0, 1.0, 1.0, 30.0, 320.2459485503109], [29.0, 3.0, 1.0, 30.0, 320.46821633167013], [93.0, 2.0, 2.0, 60.0, 325.25123026577114], [10.0, 1.0, 1.0, 30.0, 328.35814570323583], [72.0, 3.0, 1.0, 30.0, 335.8979525787838], [105.0, 1.0, 2.0, 60.0, 346.037960484565], [9.0, 3.0, 1.0, 30.0, 347.69830455805135], [66.0, 2.0, 1.0, 30.0, 347.94705816407], [12.0, 2.0, 2.0, 60.0, 352.5711693396838], [64.0, 1.0, 2.0, 60.0, 365.3382663386541], [134.0, 3.0, 2.0, 60.0, 369.44362432169635], [99.0, 2.0, 2.0, 60.0, 380.09833875091823], [28.0, 1.0, 1.0, 30.0, 383.8634124776174], [86.0, 2.0, 2.0, 60.0, 390.4333827158369], [100.0, 3.0, 3.0, 120.0, 391.8772976892559], [111.0, 1.0, 1.0, 30.0, 392.54938394344936], [19.0, 1.0, 1.0, 30.0, 393.26178810715084], [100.0, 3.0, 3.0, 120.0, 393.85019969752625], [47.0, 2.0, 2.0, 60.0, 394.1235652920939], [100.0, 2.0, 3.0, 120.0, 402.7065312495663], [272.0, 1.0, 1.0, 30.0, 404.9496062434009], [40.0, 2.0, 2.0, 60.0, 406.8802625567264], [81.0, 1.0, 2.0, 60.0, 411.5550592296831], [13.0, 2.0, 2.0, 60.0, 412.491396507024], [60.0, 2.0, 2.0, 60.0, 422.0828587162822], [92.0, 2.0, 2.0, 60.0, 428.54263891348444], [5.0, 1.0, 1.0, 30.0, 430.18884989348794], [32.0, 2.0, 2.0, 60.0, 431.1918089653501], [115.0, 3.0, 1.0, 30.0, 433.84690701169285]]","[100, 105, 106, 108, 109, 110]","[[1, 3, 0], [2, 0], [0, 2, 1, 0]]","[2, 0, 2, 0, 2, 2]",200,10
145,405.3710479895275,0.014806222915649415,0.19999999999999996,3.8881260420776265,4.876556698292453,21.73218602489199,0.0,422.4873921732901,507.96285841916426,4,0.06666666666666665,0.3709786312848452,0.03769027800132261,"[1, 2, 0]","[29.350666887946062, 0.0, 22.44920633222867]",6,6000,"[[ 0.          8.35596829 10.86609301  8.76425148  8.31467861]
 [ 8.35596829  0.          2.51012472  1.02172821  0.7201722 ]
 [10.86609301  2.51012472  0.          2.74779937  3.23029692]
 [ 8.76425148  1.02172821  2.74779937  0.          1.12845539]
 [ 8.31467861  0.7201722   3.23029692  1.12845539  0.        ]]","[[20.0, 2.0, 2.0, 60.0, 0.0], [45.0, 1.0, 2.0, 60.0, 0.0], [100.0, 2.0, 2.0, 60.0, 0.0], [46.0, 2.0, 1.0, 30.0, 0.0], [29.0, 3.0, 1.0, 30.0, 0.0], [89.0, 2.0, 2.0, 60.0, 0.0], [21.0, 1.0, 2.0, 60.0, 0.0], [110.0, 1.0, 1.0, 30.0, 0.0], [30.0, 2.0, 2.0, 60.0, 0.0], [53.0, 2.0, 2.0, 60.0, 0.0], [35.0, 3.0, 1.0, 30.0, 0.0], [29.0, 3.0, 1.0, 30.0, 0.0], [85.0, 3.0, 2.0, 60.0, 0.0], [21.0, 3.0, 2.0, 60.0, 0.0], [48.0, 2.0, 2.0, 60.0, 0.0], [45.0, 2.0, 2.0, 60.0, 0.0], [88.0, 3.0, 3.0, 120.0, 0.0], [58.0, 2.0, 2.0, 60.0, 0.0], [141.0, 1.0, 2.0, 60.0, 0.0], [445.0, 1.0, 1.0, 30.0, 0.0], [55.0, 2.0, 2.0, 60.0, 0.0], [100.0, 1.0, 3.0, 120.0, 0.0], [25.0, 2.0, 2.0, 60.0, 0.0], [4.0, 1.0, 1.0, 30.0, 0.0], [73.0, 3.0, 2.0, 60.0, 12.021043019829973], [11.0, 1.0, 2.0, 60.0, 23.70199129895224], [24.0, 2.0, 2.0, 60.0, 35.625796298323515], [80.0, 2.0, 2.0, 60.0, 37.02476774758143], [16.0, 2.0, 1.0, 30.0, 37.456954746073315], [45.0, 2.0, 2.0, 60.0, 44.72025732460407], [47.0, 2.0, 2.0, 60.0, 51.770060795891936], [104.0, 2.0, 2.0, 60.0, 67.39154057863942], [79.0, 2.0, 2.0, 60.0, 67.78801156455697], [65.0, 2.0, 2.0, 60.0, 73.02081579727279], [10.0, 3.0, 1.0, 30.0, 73.37299733126183], [92.0, 2.0, 2.0, 60.0, 78.81811547138163], [34.0, 2.0, 2.0, 60.0, 87.47475223580068], [23.0, 1.0, 1.0, 30.0, 89.40922635875023], [55.0, 2.0, 2.0, 60.0, 95.5671546720581], [184.0, 3.0, 2.0, 60.0, 96.33602094118923], [121.0, 3.0, 2.0, 60.0, 96.7939072781402], [61.0, 2.0, 2.0, 60.0, 98.36980328880216], [90.0, 2.0, 2.0, 60.0, 102.87579966565295], [18.0, 1.0, 1.0, 30.0, 104.9407263143454], [13.0, 1.0, 1.0, 30.0, 111.17765606341352], [184.0, 2.0, 2.0, 60.0, 112.29553792447513], [59.0, 3.0, 2.0, 60.0, 121.48538924519744], [87.0, 3.0, 1.0, 30.0, 127.62081856126873], [76.0, 1.0, 1.0, 30.0, 130.89979933108373], [64.0, 2.0, 2.0, 60.0, 132.98523286264282], [79.0, 1.0, 1.0, 30.0, 135.25183130913413], [74.0, 1.0, 1.0, 30.0, 135.6372170444124], [132.0, 1.0, 1.0, 30.0, 136.53537831628518], [13.0, 1.0, 1.0, 30.0, 139.96198057430644], [37.0, 1.0, 1.0, 30.0, 141.90538175510554], [3.0, 1.0, 2.0, 60.0, 148.22641604293108], [105.0, 1.0, 1.0, 30.0, 151.7688691800117], [19.0, 2.0, 2.0, 60.0, 152.9585189515018], [17.0, 2.0, 2.0, 60.0, 155.26396063278915], [45.0, 3.0, 2.0, 60.0, 158.4717443187417], [41.0, 2.0, 2.0, 60.0, 160.19091112593068], [14.0, 3.0, 2.0, 60.0, 161.80046723046223], [40.0, 2.0, 2.0, 60.0, 166.19504064142495], [119.0, 2.0, 2.0, 60.0, 167.67977668606895], [52.0, 2.0, 2.0, 60.0, 174.34828881122837], [52.0, 2.0, 2.0, 60.0, 181.30260874245792], [445.0, 2.0, 1.0, 30.0, 186.72302338228388], [68.0, 2.0, 2.0, 60.0, 187.08816512218607], [55.0, 2.0, 2.0, 60.0, 192.75850263079985], [27.0, 2.0, 2.0, 60.0, 199.5301925701257], [129.0, 1.0, 1.0, 30.0, 205.14039082741283], [45.0, 2.0, 2.0, 60.0, 206.54063642859495], [22.0, 2.0, 1.0, 30.0, 208.1453173837751], [17.0, 1.0, 1.0, 30.0, 208.9739969202831], [24.0, 3.0, 1.0, 30.0, 210.74581448374042], [18.0, 1.0, 1.0, 30.0, 210.85151326578935], [59.0, 2.0, 3.0, 120.0, 211.68829524636791], [58.0, 2.0, 2.0, 60.0, 218.2635794691037], [79.0, 2.0, 2.0, 60.0, 238.24236082502787], [79.0, 1.0, 2.0, 60.0, 241.06005128697106], [91.0, 1.0, 1.0, 30.0, 242.4802497949752], [62.0, 2.0, 2.0, 60.0, 244.4690310645114], [134.0, 3.0, 2.0, 60.0, 246.27574217918595], [80.0, 2.0, 2.0, 60.0, 246.92391019530396], [22.0, 2.0, 2.0, 60.0, 252.340535869662], [79.0, 1.0, 1.0, 30.0, 259.21978013724924], [107.0, 2.0, 2.0, 60.0, 266.7588257904633], [53.0, 2.0, 2.0, 60.0, 293.3082397692622], [55.0, 3.0, 1.0, 30.0, 303.841540943146], [17.0, 1.0, 1.0, 30.0, 312.06587014562393], [46.0, 3.0, 2.0, 60.0, 317.28332755550696], [84.0, 1.0, 1.0, 30.0, 320.2459485503109], [29.0, 3.0, 1.0, 30.0, 320.46821633167013], [93.0, 2.0, 2.0, 60.0, 325.25123026577114], [10.0, 1.0, 1.0, 30.0, 328.35814570323583], [72.0, 3.0, 1.0, 30.0, 335.8979525787838], [105.0, 1.0, 2.0, 60.0, 346.037960484565], [9.0, 3.0, 1.0, 30.0, 347.69830455805135], [66.0, 2.0, 1.0, 30.0, 347.94705816407], [12.0, 2.0, 2.0, 60.0, 352.5711693396838], [64.0, 1.0, 2.0, 60.0, 365.3382663386541], [134.0, 3.0, 2.0, 60.0, 369.44362432169635], [99.0, 2.0, 2.0, 60.0, 380.09833875091823], [28.0, 1.0, 1.0, 30.0, 383.8634124776174], [86.0, 2.0, 2.0, 60.0, 390.4333827158369], [100.0, 3.0, 3.0, 120.0, 391.8772976892559], [111.0, 1.0, 1.0, 30.0, 392.54938394344936], [19.0, 1.0, 1.0, 30.0, 393.26178810715084], [100.0, 3.0, 3.0, 120.0, 393.85019969752625], [47.0, 2.0, 2.0, 60.0, 394.1235652920939], [100.0, 2.0, 3.0, 120.0, 402.7065312495663], [272.0, 1.0, 1.0, 30.0, 404.9496062434009], [40.0, 2.0, 2.0, 60.0, 406.8802625567264], [81.0, 1.0, 2.0, 60.0, 411.5550592296831], [13.0, 2.0, 2.0, 60.0, 412.491396507024], [60.0, 2.0, 2.0, 60.0, 422.0828587162822], [92.0, 2.0, 2.0, 60.0, 428.54263891348444], [5.0, 1.0, 1.0, 30.0, 430.18884989348794], [32.0, 2.0, 2.0, 60.0, 431.1918089653501], [115.0, 3.0, 1.0, 30.0, 433.84690701169285]]","[100, 105, 106, 108, 109, 110, 111]","[[1, 3, 0], [2, 0], [0, 2, 1, 0]]","[2, 0, 2, 0, 2, 2, 2]",200,10
146,407.3858542124431,0.012842849890391032,0.2927021046621172,3.8782889633725572,4.557179643844666,33.381949767565345,19.103102348728328,442.30924649091423,792.3148775586236,5,0.05916666666666666,0.07071234819121798,0.02984231778413524,"[3, 2, 0]","[29.350666887946062, 0.0, 12.237059096207657]",6,6000,"[[ 0.          9.52725782 11.40475222 10.10669164  9.41040489]
 [ 9.52725782  0.          1.87749439  1.39028886  0.84055764]
 [11.40475222  1.87749439  0.          2.32017133  2.71805203]
 [10.10669164  1.39028886  2.32017133  0.          1.37516926]
 [ 9.41040489  0.84055764  2.71805203  1.37516926  0.        ]]","[[20.0, 2.0, 2.0, 60.0, 0.0], [45.0, 1.0, 2.0, 60.0, 0.0], [100.0, 2.0, 2.0, 60.0, 0.0], [46.0, 2.0, 1.0, 30.0, 0.0], [29.0, 3.0, 1.0, 30.0, 0.0], [89.0, 2.0, 2.0, 60.0, 0.0], [21.0, 1.0, 2.0, 60.0, 0.0], [110.0, 1.0, 1.0, 30.0, 0.0], [30.0, 2.0, 2.0, 60.0, 0.0], [53.0, 2.0, 2.0, 60.0, 0.0], [35.0, 3.0, 1.0, 30.0, 0.0], [29.0, 3.0, 1.0, 30.0, 0.0], [85.0, 3.0, 2.0, 60.0, 0.0], [21.0, 3.0, 2.0, 60.0, 0.0], [48.0, 2.0, 2.0, 60.0, 0.0], [45.0, 2.0, 2.0, 60.0, 0.0], [88.0, 3.0, 3.0, 120.0, 0.0], [58.0, 2.0, 2.0, 60.0, 0.0], [141.0, 1.0, 2.0, 60.0, 0.0], [445.0, 1.0, 1.0, 30.0, 0.0], [55.0, 2.0, 2.0, 60.0, 0.0], [100.0, 1.0, 3.0, 120.0, 0.0], [25.0, 2.0, 2.0, 60.0, 0.0], [4.0, 1.0, 1.0, 30.0, 0.0], [73.0, 3.0, 2.0, 60.0, 12.021043019829973], [11.0, 1.0, 2.0, 60.0, 23.70199129895224], [24.0, 2.0, 2.0, 60.0, 35.625796298323515], [80.0, 2.0, 2.0, 60.0, 37.02476774758143], [16.0, 2.0, 1.0, 30.0, 37.456954746073315], [45.0, 2.0, 2.0, 60.0, 44.72025732460407], [47.0, 2.0, 2.0, 60.0, 51.770060795891936], [104.0, 2.0, 2.0, 60.0, 67.39154057863942], [79.0, 2.0, 2.0, 60.0, 67.78801156455697], [65.0, 2.0, 2.0, 60.0, 73.02081579727279], [10.0, 3.0, 1.0, 30.0, 73.37299733126183], [92.0, 2.0, 2.0, 60.0, 78.81811547138163], [34.0, 2.0, 2.0, 60.0, 87.47475223580068], [23.0, 1.0, 1.0, 30.0, 89.40922635875023], [55.0, 2.0, 2.0, 60.0, 95.5671546720581], [184.0, 3.0, 2.0, 60.0, 96.33602094118923], [121.0, 3.0, 2.0, 60.0, 96.7939072781402], [61.0, 2.0, 2.0, 60.0, 98.36980328880216], [90.0, 2.0, 2.0, 60.0, 102.87579966565295], [18.0, 1.0, 1.0, 30.0, 104.9407263143454], [13.0, 1.0, 1.0, 30.0, 111.17765606341352], [184.0, 2.0, 2.0, 60.0, 112.29553792447513], [59.0, 3.0, 2.0, 60.0, 121.48538924519744], [87.0, 3.0, 1.0, 30.0, 127.62081856126873], [76.0, 1.0, 1.0, 30.0, 130.89979933108373], [64.0, 2.0, 2.0, 60.0, 132.98523286264282], [79.0, 1.0, 1.0, 30.0, 135.25183130913413], [74.0, 1.0, 1.0, 30.0, 135.6372170444124], [132.0, 1.0, 1.0, 30.0, 136.53537831628518], [13.0, 1.0, 1.0, 30.0, 139.96198057430644], [37.0, 1.0, 1.0, 30.0, 141.90538175510554], [3.0, 1.0, 2.0, 60.0, 148.22641604293108], [105.0, 1.0, 1.0, 30.0, 151.7688691800117], [19.0, 2.0, 2.0, 60.0, 152.9585189515018], [17.0, 2.0, 2.0, 60.0, 155.26396063278915], [45.0, 3.0, 2.0, 60.0, 158.4717443187417], [41.0, 2.0, 2.0, 60.0, 160.19091112593068], [14.0, 3.0, 2.0, 60.0, 161.80046723046223], [40.0, 2.0, 2.0, 60.0, 166.19504064142495], [119.0, 2.0, 2.0, 60.0, 167.67977668606895], [52.0, 2.0, 2.0, 60.0, 174.34828881122837], [52.0, 2.0, 2.0, 60.0, 181.30260874245792], [445.0, 2.0, 1.0, 30.0, 186.72302338228388], [68.0, 2.0, 2.0, 60.0, 187.08816512218607], [55.0, 2.0, 2.0, 60.0, 192.75850263079985], [27.0, 2.0, 2.0, 60.0, 199.5301925701257], [129.0, 1.0, 1.0, 30.0, 205.14039082741283], [45.0, 2.0, 2.0, 60.0, 206.54063642859495], [22.0, 2.0, 1.0, 30.0, 208.1453173837751], [17.0, 1.0, 1.0, 30.0, 208.9739969202831], [24.0, 3.0, 1.0, 30.0, 210.74581448374042], [18.0, 1.0, 1.0, 30.0, 210.85151326578935], [59.0, 2.0, 3.0, 120.0, 211.68829524636791], [58.0, 2.0, 2.0, 60.0, 218.2635794691037], [79.0, 2.0, 2.0, 60.0, 238.24236082502787], [79.0, 1.0, 2.0, 60.0, 241.06005128697106], [91.0, 1.0, 1.0, 30.0, 242.4802497949752], [62.0, 2.0, 2.0, 60.0, 244.4690310645114], [134.0, 3.0, 2.0, 60.0, 246.27574217918595], [80.0, 2.0, 2.0, 60.0, 246.92391019530396], [22.0, 2.0, 2.0, 60.0, 252.340535869662], [79.0, 1.0, 1.0, 30.0, 259.21978013724924], [107.0, 2.0, 2.0, 60.0, 266.7588257904633], [53.0, 2.0, 2.0, 60.0, 293.3082397692622], [55.0, 3.0, 1.0, 30.0, 303.841540943146], [17.0, 1.0, 1.0, 30.0, 312.06587014562393], [46.0, 3.0, 2.0, 60.0, 317.28332755550696], [84.0, 1.0, 1.0, 30.0, 320.2459485503109], [29.0, 3.0, 1.0, 30.0, 320.46821633167013], [93.0, 2.0, 2.0, 60.0, 325.25123026577114], [10.0, 1.0, 1.0, 30.0, 328.35814570323583], [72.0, 3.0, 1.0, 30.0, 335.8979525787838], [105.0, 1.0, 2.0, 60.0, 346.037960484565], [9.0, 3.0, 1.0, 30.0, 347.69830455805135], [66.0, 2.0, 1.0, 30.0, 347.94705816407], [12.0, 2.0, 2.0, 60.0, 352.5711693396838], [64.0, 1.0, 2.0, 60.0, 365.3382663386541], [134.0, 3.0, 2.0, 60.0, 369.44362432169635], [99.0, 2.0, 2.0, 60.0, 380.09833875091823], [28.0, 1.0, 1.0, 30.0, 383.8634124776174], [86.0, 2.0, 2.0, 60.0, 390.4333827158369], [100.0, 3.0, 3.0, 120.0, 391.8772976892559], [111.0, 1.0, 1.0, 30.0, 392.54938394344936], [19.0, 1.0, 1.0, 30.0, 393.26178810715084], [100.0, 3.0, 3.0, 120.0, 393.85019969752625], [47.0, 2.0, 2.0, 60.0, 394.1235652920939], [100.0, 2.0, 3.0, 120.0, 402.7065312495663], [272.0, 1.0, 1.0, 30.0, 404.9496062434009], [40.0, 2.0, 2.0, 60.0, 406.8802625567264], [81.0, 1.0, 2.0, 60.0, 411.5550592296831], [13.0, 2.0, 2.0, 60.0, 412.491396507024], [60.0, 2.0, 2.0, 60.0, 422.0828587162822], [92.0, 2.0, 2.0, 60.0, 428.54263891348444], [5.0, 1.0, 1.0, 30.0, 430.18884989348794], [32.0, 2.0, 2.0, 60.0, 431.1918089653501], [115.0, 3.0, 1.0, 30.0, 433.84690701169285]]","[100, 106, 109, 110, 111, 112]","[[3, 0], [2, 0], [0, 1, 2, 0]]","[2, 2, 2, 2, 2, 2]",200,10
147,412.3986970623335,0.013895750045776367,0.575160749498588,8.812881703925509,5.034859838398264,66.10332552811555,44.98959099430118,1012.8660354922074,1211.3321470315418,1,0.08357142857142855,0.14006054575986895,0.026647516454293783,"[3, 2, 0]","[19.24397524418242, 0.0, 12.237059096207657]",6,6000,"[[ 0.          9.45570651 11.49301749 10.18947344  9.24408228]
 [ 9.45570651  0.          2.09678663  1.38408192  0.68786042]
 [11.49301749  2.09678663  0.          2.17605479  2.78464705]
 [10.18947344  1.38408192  2.17605479  0.          1.40741271]
 [ 9.24408228  0.68786042  2.78464705  1.40741271  0.        ]]","[[20.0, 2.0, 2.0, 60.0, 0.0], [45.0, 1.0, 2.0, 60.0, 0.0], [100.0, 2.0, 2.0, 60.0, 0.0], [46.0, 2.0, 1.0, 30.0, 0.0], [29.0, 3.0, 1.0, 30.0, 0.0], [89.0, 2.0, 2.0, 60.0, 0.0], [21.0, 1.0, 2.0, 60.0, 0.0], [110.0, 1.0, 1.0, 30.0, 0.0], [30.0, 2.0, 2.0, 60.0, 0.0], [53.0, 2.0, 2.0, 60.0, 0.0], [35.0, 3.0, 1.0, 30.0, 0.0], [29.0, 3.0, 1.0, 30.0, 0.0], [85.0, 3.0, 2.0, 60.0, 0.0], [21.0, 3.0, 2.0, 60.0, 0.0], [48.0, 2.0, 2.0, 60.0, 0.0], [45.0, 2.0, 2.0, 60.0, 0.0], [88.0, 3.0, 3.0, 120.0, 0.0], [58.0, 2.0, 2.0, 60.0, 0.0], [141.0, 1.0, 2.0, 60.0, 0.0], [445.0, 1.0, 1.0, 30.0, 0.0], [55.0, 2.0, 2.0, 60.0, 0.0], [100.0, 1.0, 3.0, 120.0, 0.0], [25.0, 2.0, 2.0, 60.0, 0.0], [4.0, 1.0, 1.0, 30.0, 0.0], [73.0, 3.0, 2.0, 60.0, 12.021043019829973], [11.0, 1.0, 2.0, 60.0, 23.70199129895224], [24.0, 2.0, 2.0, 60.0, 35.625796298323515], [80.0, 2.0, 2.0, 60.0, 37.02476774758143], [16.0, 2.0, 1.0, 30.0, 37.456954746073315], [45.0, 2.0, 2.0, 60.0, 44.72025732460407], [47.0, 2.0, 2.0, 60.0, 51.770060795891936], [104.0, 2.0, 2.0, 60.0, 67.39154057863942], [79.0, 2.0, 2.0, 60.0, 67.78801156455697], [65.0, 2.0, 2.0, 60.0, 73.02081579727279], [10.0, 3.0, 1.0, 30.0, 73.37299733126183], [92.0, 2.0, 2.0, 60.0, 78.81811547138163], [34.0, 2.0, 2.0, 60.0, 87.47475223580068], [23.0, 1.0, 1.0, 30.0, 89.40922635875023], [55.0, 2.0, 2.0, 60.0, 95.5671546720581], [184.0, 3.0, 2.0, 60.0, 96.33602094118923], [121.0, 3.0, 2.0, 60.0, 96.7939072781402], [61.0, 2.0, 2.0, 60.0, 98.36980328880216], [90.0, 2.0, 2.0, 60.0, 102.87579966565295], [18.0, 1.0, 1.0, 30.0, 104.9407263143454], [13.0, 1.0, 1.0, 30.0, 111.17765606341352], [184.0, 2.0, 2.0, 60.0, 112.29553792447513], [59.0, 3.0, 2.0, 60.0, 121.48538924519744], [87.0, 3.0, 1.0, 30.0, 127.62081856126873], [76.0, 1.0, 1.0, 30.0, 130.89979933108373], [64.0, 2.0, 2.0, 60.0, 132.98523286264282], [79.0, 1.0, 1.0, 30.0, 135.25183130913413], [74.0, 1.0, 1.0, 30.0, 135.6372170444124], [132.0, 1.0, 1.0, 30.0, 136.53537831628518], [13.0, 1.0, 1.0, 30.0, 139.96198057430644], [37.0, 1.0, 1.0, 30.0, 141.90538175510554], [3.0, 1.0, 2.0, 60.0, 148.22641604293108], [105.0, 1.0, 1.0, 30.0, 151.7688691800117], [19.0, 2.0, 2.0, 60.0, 152.9585189515018], [17.0, 2.0, 2.0, 60.0, 155.26396063278915], [45.0, 3.0, 2.0, 60.0, 158.4717443187417], [41.0, 2.0, 2.0, 60.0, 160.19091112593068], [14.0, 3.0, 2.0, 60.0, 161.80046723046223], [40.0, 2.0, 2.0, 60.0, 166.19504064142495], [119.0, 2.0, 2.0, 60.0, 167.67977668606895], [52.0, 2.0, 2.0, 60.0, 174.34828881122837], [52.0, 2.0, 2.0, 60.0, 181.30260874245792], [445.0, 2.0, 1.0, 30.0, 186.72302338228388], [68.0, 2.0, 2.0, 60.0, 187.08816512218607], [55.0, 2.0, 2.0, 60.0, 192.75850263079985], [27.0, 2.0, 2.0, 60.0, 199.5301925701257], [129.0, 1.0, 1.0, 30.0, 205.14039082741283], [45.0, 2.0, 2.0, 60.0, 206.54063642859495], [22.0, 2.0, 1.0, 30.0, 208.1453173837751], [17.0, 1.0, 1.0, 30.0, 208.9739969202831], [24.0, 3.0, 1.0, 30.0, 210.74581448374042], [18.0, 1.0, 1.0, 30.0, 210.85151326578935], [59.0, 2.0, 3.0, 120.0, 211.68829524636791], [58.0, 2.0, 2.0, 60.0, 218.2635794691037], [79.0, 2.0, 2.0, 60.0, 238.24236082502787], [79.0, 1.0, 2.0, 60.0, 241.06005128697106], [91.0, 1.0, 1.0, 30.0, 242.4802497949752], [62.0, 2.0, 2.0, 60.0, 244.4690310645114], [134.0, 3.0, 2.0, 60.0, 246.27574217918595], [80.0, 2.0, 2.0, 60.0, 246.92391019530396], [22.0, 2.0, 2.0, 60.0, 252.340535869662], [79.0, 1.0, 1.0, 30.0, 259.21978013724924], [107.0, 2.0, 2.0, 60.0, 266.7588257904633], [53.0, 2.0, 2.0, 60.0, 293.3082397692622], [55.0, 3.0, 1.0, 30.0, 303.841540943146], [17.0, 1.0, 1.0, 30.0, 312.06587014562393], [46.0, 3.0, 2.0, 60.0, 317.28332755550696], [84.0, 1.0, 1.0, 30.0, 320.2459485503109], [29.0, 3.0, 1.0, 30.0, 320.46821633167013], [93.0, 2.0, 2.0, 60.0, 325.25123026577114], [10.0, 1.0, 1.0, 30.0, 328.35814570323583], [72.0, 3.0, 1.0, 30.0, 335.8979525787838], [105.0, 1.0, 2.0, 60.0, 346.037960484565], [9.0, 3.0, 1.0, 30.0, 347.69830455805135], [66.0, 2.0, 1.0, 30.0, 347.94705816407], [12.0, 2.0, 2.0, 60.0, 352.5711693396838], [64.0, 1.0, 2.0, 60.0, 365.3382663386541], [134.0, 3.0, 2.0, 60.0, 369.44362432169635], [99.0, 2.0, 2.0, 60.0, 380.09833875091823], [28.0, 1.0, 1.0, 30.0, 383.8634124776174], [86.0, 2.0, 2.0, 60.0, 390.4333827158369], [100.0, 3.0, 3.0, 120.0, 391.8772976892559], [111.0, 1.0, 1.0, 30.0, 392.54938394344936], [19.0, 1.0, 1.0, 30.0, 393.26178810715084], [100.0, 3.0, 3.0, 120.0, 393.85019969752625], [47.0, 2.0, 2.0, 60.0, 394.1235652920939], [100.0, 2.0, 3.0, 120.0, 402.7065312495663], [272.0, 1.0, 1.0, 30.0, 404.9496062434009], [40.0, 2.0, 2.0, 60.0, 406.8802625567264], [81.0, 1.0, 2.0, 60.0, 411.5550592296831], [13.0, 2.0, 2.0, 60.0, 412.491396507024], [60.0, 2.0, 2.0, 60.0, 422.0828587162822], [92.0, 2.0, 2.0, 60.0, 428.54263891348444], [5.0, 1.0, 1.0, 30.0, 430.18884989348794], [32.0, 2.0, 2.0, 60.0, 431.1918089653501], [115.0, 3.0, 1.0, 30.0, 433.84690701169285]]","[100, 106, 109, 110, 111, 112, 113]","[[3, 0], [2, 0, 1, 0], [0, 1, 2, 0]]","[2, 2, 2, 2, 2, 2, 1]",200,10
148,413.4125928123793,0.014108041922251383,0.5999999999999999,14.579572218121069,6.604626024147853,68.81392148697222,223.83493868760388,1672.1292298857077,2365.0757745596334,1,0.0975,0.18236630075991872,0.031006138087706216,"[3, 2, 0]","[19.24397524418242, 0.0, 12.237059096207657]",6,6000,"[[ 0.          9.49081681 11.46898691 10.2103691   9.26497794]
 [ 9.49081681  0.          2.09678663  1.38408192  0.68786042]
 [11.46898691  2.09678663  0.          2.17605479  2.78464705]
 [10.2103691   1.38408192  2.17605479  0.          1.40741271]
 [ 9.26497794  0.68786042  2.78464705  1.40741271  0.        ]]","[[20.0, 2.0, 2.0, 60.0, 0.0], [45.0, 1.0, 2.0, 60.0, 0.0], [100.0, 2.0, 2.0, 60.0, 0.0], [46.0, 2.0, 1.0, 30.0, 0.0], [29.0, 3.0, 1.0, 30.0, 0.0], [89.0, 2.0, 2.0, 60.0, 0.0], [21.0, 1.0, 2.0, 60.0, 0.0], [110.0, 1.0, 1.0, 30.0, 0.0], [30.0, 2.0, 2.0, 60.0, 0.0], [53.0, 2.0, 2.0, 60.0, 0.0], [35.0, 3.0, 1.0, 30.0, 0.0], [29.0, 3.0, 1.0, 30.0, 0.0], [85.0, 3.0, 2.0, 60.0, 0.0], [21.0, 3.0, 2.0, 60.0, 0.0], [48.0, 2.0, 2.0, 60.0, 0.0], [45.0, 2.0, 2.0, 60.0, 0.0], [88.0, 3.0, 3.0, 120.0, 0.0], [58.0, 2.0, 2.0, 60.0, 0.0], [141.0, 1.0, 2.0, 60.0, 0.0], [445.0, 1.0, 1.0, 30.0, 0.0], [55.0, 2.0, 2.0, 60.0, 0.0], [100.0, 1.0, 3.0, 120.0, 0.0], [25.0, 2.0, 2.0, 60.0, 0.0], [4.0, 1.0, 1.0, 30.0, 0.0], [73.0, 3.0, 2.0, 60.0, 12.021043019829973], [11.0, 1.0, 2.0, 60.0, 23.70199129895224], [24.0, 2.0, 2.0, 60.0, 35.625796298323515], [80.0, 2.0, 2.0, 60.0, 37.02476774758143], [16.0, 2.0, 1.0, 30.0, 37.456954746073315], [45.0, 2.0, 2.0, 60.0, 44.72025732460407], [47.0, 2.0, 2.0, 60.0, 51.770060795891936], [104.0, 2.0, 2.0, 60.0, 67.39154057863942], [79.0, 2.0, 2.0, 60.0, 67.78801156455697], [65.0, 2.0, 2.0, 60.0, 73.02081579727279], [10.0, 3.0, 1.0, 30.0, 73.37299733126183], [92.0, 2.0, 2.0, 60.0, 78.81811547138163], [34.0, 2.0, 2.0, 60.0, 87.47475223580068], [23.0, 1.0, 1.0, 30.0, 89.40922635875023], [55.0, 2.0, 2.0, 60.0, 95.5671546720581], [184.0, 3.0, 2.0, 60.0, 96.33602094118923], [121.0, 3.0, 2.0, 60.0, 96.7939072781402], [61.0, 2.0, 2.0, 60.0, 98.36980328880216], [90.0, 2.0, 2.0, 60.0, 102.87579966565295], [18.0, 1.0, 1.0, 30.0, 104.9407263143454], [13.0, 1.0, 1.0, 30.0, 111.17765606341352], [184.0, 2.0, 2.0, 60.0, 112.29553792447513], [59.0, 3.0, 2.0, 60.0, 121.48538924519744], [87.0, 3.0, 1.0, 30.0, 127.62081856126873], [76.0, 1.0, 1.0, 30.0, 130.89979933108373], [64.0, 2.0, 2.0, 60.0, 132.98523286264282], [79.0, 1.0, 1.0, 30.0, 135.25183130913413], [74.0, 1.0, 1.0, 30.0, 135.6372170444124], [132.0, 1.0, 1.0, 30.0, 136.53537831628518], [13.0, 1.0, 1.0, 30.0, 139.96198057430644], [37.0, 1.0, 1.0, 30.0, 141.90538175510554], [3.0, 1.0, 2.0, 60.0, 148.22641604293108], [105.0, 1.0, 1.0, 30.0, 151.7688691800117], [19.0, 2.0, 2.0, 60.0, 152.9585189515018], [17.0, 2.0, 2.0, 60.0, 155.26396063278915], [45.0, 3.0, 2.0, 60.0, 158.4717443187417], [41.0, 2.0, 2.0, 60.0, 160.19091112593068], [14.0, 3.0, 2.0, 60.0, 161.80046723046223], [40.0, 2.0, 2.0, 60.0, 166.19504064142495], [119.0, 2.0, 2.0, 60.0, 167.67977668606895], [52.0, 2.0, 2.0, 60.0, 174.34828881122837], [52.0, 2.0, 2.0, 60.0, 181.30260874245792], [445.0, 2.0, 1.0, 30.0, 186.72302338228388], [68.0, 2.0, 2.0, 60.0, 187.08816512218607], [55.0, 2.0, 2.0, 60.0, 192.75850263079985], [27.0, 2.0, 2.0, 60.0, 199.5301925701257], [129.0, 1.0, 1.0, 30.0, 205.14039082741283], [45.0, 2.0, 2.0, 60.0, 206.54063642859495], [22.0, 2.0, 1.0, 30.0, 208.1453173837751], [17.0, 1.0, 1.0, 30.0, 208.9739969202831], [24.0, 3.0, 1.0, 30.0, 210.74581448374042], [18.0, 1.0, 1.0, 30.0, 210.85151326578935], [59.0, 2.0, 3.0, 120.0, 211.68829524636791], [58.0, 2.0, 2.0, 60.0, 218.2635794691037], [79.0, 2.0, 2.0, 60.0, 238.24236082502787], [79.0, 1.0, 2.0, 60.0, 241.06005128697106], [91.0, 1.0, 1.0, 30.0, 242.4802497949752], [62.0, 2.0, 2.0, 60.0, 244.4690310645114], [134.0, 3.0, 2.0, 60.0, 246.27574217918595], [80.0, 2.0, 2.0, 60.0, 246.92391019530396], [22.0, 2.0, 2.0, 60.0, 252.340535869662], [79.0, 1.0, 1.0, 30.0, 259.21978013724924], [107.0, 2.0, 2.0, 60.0, 266.7588257904633], [53.0, 2.0, 2.0, 60.0, 293.3082397692622], [55.0, 3.0, 1.0, 30.0, 303.841540943146], [17.0, 1.0, 1.0, 30.0, 312.06587014562393], [46.0, 3.0, 2.0, 60.0, 317.28332755550696], [84.0, 1.0, 1.0, 30.0, 320.2459485503109], [29.0, 3.0, 1.0, 30.0, 320.46821633167013], [93.0, 2.0, 2.0, 60.0, 325.25123026577114], [10.0, 1.0, 1.0, 30.0, 328.35814570323583], [72.0, 3.0, 1.0, 30.0, 335.8979525787838], [105.0, 1.0, 2.0, 60.0, 346.037960484565], [9.0, 3.0, 1.0, 30.0, 347.69830455805135], [66.0, 2.0, 1.0, 30.0, 347.94705816407], [12.0, 2.0, 2.0, 60.0, 352.5711693396838], [64.0, 1.0, 2.0, 60.0, 365.3382663386541], [134.0, 3.0, 2.0, 60.0, 369.44362432169635], [99.0, 2.0, 2.0, 60.0, 380.09833875091823], [28.0, 1.0, 1.0, 30.0, 383.8634124776174], [86.0, 2.0, 2.0, 60.0, 390.4333827158369], [100.0, 3.0, 3.0, 120.0, 391.8772976892559], [111.0, 1.0, 1.0, 30.0, 392.54938394344936], [19.0, 1.0, 1.0, 30.0, 393.26178810715084], [100.0, 3.0, 3.0, 120.0, 393.85019969752625], [47.0, 2.0, 2.0, 60.0, 394.1235652920939], [100.0, 2.0, 3.0, 120.0, 402.7065312495663], [272.0, 1.0, 1.0, 30.0, 404.9496062434009], [40.0, 2.0, 2.0, 60.0, 406.8802625567264], [81.0, 1.0, 2.0, 60.0, 411.5550592296831], [13.0, 2.0, 2.0, 60.0, 412.491396507024], [60.0, 2.0, 2.0, 60.0, 422.0828587162822], [92.0, 2.0, 2.0, 60.0, 428.54263891348444], [5.0, 1.0, 1.0, 30.0, 430.18884989348794], [32.0, 2.0, 2.0, 60.0, 431.1918089653501], [115.0, 3.0, 1.0, 30.0, 433.84690701169285]]","[100, 106, 109, 110, 111, 112, 113, 114]","[[3, 0], [2, 0, 2, 0], [0, 1, 2, 0]]","[2, 2, 2, 2, 2, 1, 2, 1]",200,10
149,416.42670085430154,0.013266317049662272,0.6716744524647978,22.842768193088997,11.391019922675524,74.07970434103058,278.54955020497687,2519.3536956259577,2882.7983883066836,2,0.11725,0.28476273583041356,0.02653991472179061,"[3, 0, 0]","[19.24397524418242, 0.18955985232807082, 12.237059096207657]",6,6000,"[[ 0.          8.81469481 11.02910853  9.5342471   8.58885594]
 [ 8.81469481  0.          2.21441372  1.38408192  0.68786042]
 [11.02910853  2.21441372  0.          2.65555227  2.90227414]
 [ 9.5342471   1.38408192  2.65555227  0.          1.40741271]
 [ 8.58885594  0.68786042  2.90227414  1.40741271  0.        ]]","[[20.0, 2.0, 2.0, 60.0, 0.0], [45.0, 1.0, 2.0, 60.0, 0.0], [100.0, 2.0, 2.0, 60.0, 0.0], [46.0, 2.0, 1.0, 30.0, 0.0], [29.0, 3.0, 1.0, 30.0, 0.0], [89.0, 2.0, 2.0, 60.0, 0.0], [21.0, 1.0, 2.0, 60.0, 0.0], [110.0, 1.0, 1.0, 30.0, 0.0], [30.0, 2.0, 2.0, 60.0, 0.0], [53.0, 2.0, 2.0, 60.0, 0.0], [35.0, 3.0, 1.0, 30.0, 0.0], [29.0, 3.0, 1.0, 30.0, 0.0], [85.0, 3.0, 2.0, 60.0, 0.0], [21.0, 3.0, 2.0, 60.0, 0.0], [48.0, 2.0, 2.0, 60.0, 0.0], [45.0, 2.0, 2.0, 60.0, 0.0], [88.0, 3.0, 3.0, 120.0, 0.0], [58.0, 2.0, 2.0, 60.0, 0.0], [141.0, 1.0, 2.0, 60.0, 0.0], [445.0, 1.0, 1.0, 30.0, 0.0], [55.0, 2.0, 2.0, 60.0, 0.0], [100.0, 1.0, 3.0, 120.0, 0.0], [25.0, 2.0, 2.0, 60.0, 0.0], [4.0, 1.0, 1.0, 30.0, 0.0], [73.0, 3.0, 2.0, 60.0, 12.021043019829973], [11.0, 1.0, 2.0, 60.0, 23.70199129895224], [24.0, 2.0, 2.0, 60.0, 35.625796298323515], [80.0, 2.0, 2.0, 60.0, 37.02476774758143], [16.0, 2.0, 1.0, 30.0, 37.456954746073315], [45.0, 2.0, 2.0, 60.0, 44.72025732460407], [47.0, 2.0, 2.0, 60.0, 51.770060795891936], [104.0, 2.0, 2.0, 60.0, 67.39154057863942], [79.0, 2.0, 2.0, 60.0, 67.78801156455697], [65.0, 2.0, 2.0, 60.0, 73.02081579727279], [10.0, 3.0, 1.0, 30.0, 73.37299733126183], [92.0, 2.0, 2.0, 60.0, 78.81811547138163], [34.0, 2.0, 2.0, 60.0, 87.47475223580068], [23.0, 1.0, 1.0, 30.0, 89.40922635875023], [55.0, 2.0, 2.0, 60.0, 95.5671546720581], [184.0, 3.0, 2.0, 60.0, 96.33602094118923], [121.0, 3.0, 2.0, 60.0, 96.7939072781402], [61.0, 2.0, 2.0, 60.0, 98.36980328880216], [90.0, 2.0, 2.0, 60.0, 102.87579966565295], [18.0, 1.0, 1.0, 30.0, 104.9407263143454], [13.0, 1.0, 1.0, 30.0, 111.17765606341352], [184.0, 2.0, 2.0, 60.0, 112.29553792447513], [59.0, 3.0, 2.0, 60.0, 121.48538924519744], [87.0, 3.0, 1.0, 30.0, 127.62081856126873], [76.0, 1.0, 1.0, 30.0, 130.89979933108373], [64.0, 2.0, 2.0, 60.0, 132.98523286264282], [79.0, 1.0, 1.0, 30.0, 135.25183130913413], [74.0, 1.0, 1.0, 30.0, 135.6372170444124], [132.0, 1.0, 1.0, 30.0, 136.53537831628518], [13.0, 1.0, 1.0, 30.0, 139.96198057430644], [37.0, 1.0, 1.0, 30.0, 141.90538175510554], [3.0, 1.0, 2.0, 60.0, 148.22641604293108], [105.0, 1.0, 1.0, 30.0, 151.7688691800117], [19.0, 2.0, 2.0, 60.0, 152.9585189515018], [17.0, 2.0, 2.0, 60.0, 155.26396063278915], [45.0, 3.0, 2.0, 60.0, 158.4717443187417], [41.0, 2.0, 2.0, 60.0, 160.19091112593068], [14.0, 3.0, 2.0, 60.0, 161.80046723046223], [40.0, 2.0, 2.0, 60.0, 166.19504064142495], [119.0, 2.0, 2.0, 60.0, 167.67977668606895], [52.0, 2.0, 2.0, 60.0, 174.34828881122837], [52.0, 2.0, 2.0, 60.0, 181.30260874245792], [445.0, 2.0, 1.0, 30.0, 186.72302338228388], [68.0, 2.0, 2.0, 60.0, 187.08816512218607], [55.0, 2.0, 2.0, 60.0, 192.75850263079985], [27.0, 2.0, 2.0, 60.0, 199.5301925701257], [129.0, 1.0, 1.0, 30.0, 205.14039082741283], [45.0, 2.0, 2.0, 60.0, 206.54063642859495], [22.0, 2.0, 1.0, 30.0, 208.1453173837751], [17.0, 1.0, 1.0, 30.0, 208.9739969202831], [24.0, 3.0, 1.0, 30.0, 210.74581448374042], [18.0, 1.0, 1.0, 30.0, 210.85151326578935], [59.0, 2.0, 3.0, 120.0, 211.68829524636791], [58.0, 2.0, 2.0, 60.0, 218.2635794691037], [79.0, 2.0, 2.0, 60.0, 238.24236082502787], [79.0, 1.0, 2.0, 60.0, 241.06005128697106], [91.0, 1.0, 1.0, 30.0, 242.4802497949752], [62.0, 2.0, 2.0, 60.0, 244.4690310645114], [134.0, 3.0, 2.0, 60.0, 246.27574217918595], [80.0, 2.0, 2.0, 60.0, 246.92391019530396], [22.0, 2.0, 2.0, 60.0, 252.340535869662], [79.0, 1.0, 1.0, 30.0, 259.21978013724924], [107.0, 2.0, 2.0, 60.0, 266.7588257904633], [53.0, 2.0, 2.0, 60.0, 293.3082397692622], [55.0, 3.0, 1.0, 30.0, 303.841540943146], [17.0, 1.0, 1.0, 30.0, 312.06587014562393], [46.0, 3.0, 2.0, 60.0, 317.28332755550696], [84.0, 1.0, 1.0, 30.0, 320.2459485503109], [29.0, 3.0, 1.0, 30.0, 320.46821633167013], [93.0, 2.0, 2.0, 60.0, 325.25123026577114], [10.0, 1.0, 1.0, 30.0, 328.35814570323583], [72.0, 3.0, 1.0, 30.0, 335.8979525787838], [105.0, 1.0, 2.0, 60.0, 346.037960484565], [9.0, 3.0, 1.0, 30.0, 347.69830455805135], [66.0, 2.0, 1.0, 30.0, 347.94705816407], [12.0, 2.0, 2.0, 60.0, 352.5711693396838], [64.0, 1.0, 2.0, 60.0, 365.3382663386541], [134.0, 3.0, 2.0, 60.0, 369.44362432169635], [99.0, 2.0, 2.0, 60.0, 380.09833875091823], [28.0, 1.0, 1.0, 30.0, 383.8634124776174], [86.0, 2.0, 2.0, 60.0, 390.4333827158369], [100.0, 3.0, 3.0, 120.0, 391.8772976892559], [111.0, 1.0, 1.0, 30.0, 392.54938394344936], [19.0, 1.0, 1.0, 30.0, 393.26178810715084], [100.0, 3.0, 3.0, 120.0, 393.85019969752625], [47.0, 2.0, 2.0, 60.0, 394.1235652920939], [100.0, 2.0, 3.0, 120.0, 402.7065312495663], [272.0, 1.0, 1.0, 30.0, 404.9496062434009], [40.0, 2.0, 2.0, 60.0, 406.8802625567264], [81.0, 1.0, 2.0, 60.0, 411.5550592296831], [13.0, 2.0, 2.0, 60.0, 412.491396507024], [60.0, 2.0, 2.0, 60.0, 422.0828587162822], [92.0, 2.0, 2.0, 60.0, 428.54263891348444], [5.0, 1.0, 1.0, 30.0, 430.18884989348794], [32.0, 2.0, 2.0, 60.0, 431.1918089653501], [115.0, 3.0, 1.0, 30.0, 433.84690701169285]]","[100, 106, 109, 110, 111, 112, 113, 114]","[[3, 0, 2, 0], [0], [0, 1, 2, 0]]","[2, 2, 2, 2, 2, 0, 2, 0]",200,10
150,417.4399671713512,0.01313545306523641,0.48015197365067014,14.322776687304104,9.458641828072743,49.025822582991964,244.58428233946347,1462.4242891865165,2048.3304874635323,2,0.16499999999999995,0.7358611623148515,0.05244372521132693,"[3, 0, 2]","[19.24397524418242, 1.2028261693777331, 12.237059096207657]",6,6000,"[[ 0.          7.99606656 10.21048028  8.71561885  7.77022769]
 [ 7.99606656  0.          2.21441372  1.38408192  0.68786042]
 [10.21048028  2.21441372  0.          2.65555227  2.90227414]
 [ 8.71561885  1.38408192  2.65555227  0.          1.40741271]
 [ 7.77022769  0.68786042  2.90227414  1.40741271  0.        ]]","[[20.0, 2.0, 2.0, 60.0, 0.0], [45.0, 1.0, 2.0, 60.0, 0.0], [100.0, 2.0, 2.0, 60.0, 0.0], [46.0, 2.0, 1.0, 30.0, 0.0], [29.0, 3.0, 1.0, 30.0, 0.0], [89.0, 2.0, 2.0, 60.0, 0.0], [21.0, 1.0, 2.0, 60.0, 0.0], [110.0, 1.0, 1.0, 30.0, 0.0], [30.0, 2.0, 2.0, 60.0, 0.0], [53.0, 2.0, 2.0, 60.0, 0.0], [35.0, 3.0, 1.0, 30.0, 0.0], [29.0, 3.0, 1.0, 30.0, 0.0], [85.0, 3.0, 2.0, 60.0, 0.0], [21.0, 3.0, 2.0, 60.0, 0.0], [48.0, 2.0, 2.0, 60.0, 0.0], [45.0, 2.0, 2.0, 60.0, 0.0], [88.0, 3.0, 3.0, 120.0, 0.0], [58.0, 2.0, 2.0, 60.0, 0.0], [141.0, 1.0, 2.0, 60.0, 0.0], [445.0, 1.0, 1.0, 30.0, 0.0], [55.0, 2.0, 2.0, 60.0, 0.0], [100.0, 1.0, 3.0, 120.0, 0.0], [25.0, 2.0, 2.0, 60.0, 0.0], [4.0, 1.0, 1.0, 30.0, 0.0], [73.0, 3.0, 2.0, 60.0, 12.021043019829973], [11.0, 1.0, 2.0, 60.0, 23.70199129895224], [24.0, 2.0, 2.0, 60.0, 35.625796298323515], [80.0, 2.0, 2.0, 60.0, 37.02476774758143], [16.0, 2.0, 1.0, 30.0, 37.456954746073315], [45.0, 2.0, 2.0, 60.0, 44.72025732460407], [47.0, 2.0, 2.0, 60.0, 51.770060795891936], [104.0, 2.0, 2.0, 60.0, 67.39154057863942], [79.0, 2.0, 2.0, 60.0, 67.78801156455697], [65.0, 2.0, 2.0, 60.0, 73.02081579727279], [10.0, 3.0, 1.0, 30.0, 73.37299733126183], [92.0, 2.0, 2.0, 60.0, 78.81811547138163], [34.0, 2.0, 2.0, 60.0, 87.47475223580068], [23.0, 1.0, 1.0, 30.0, 89.40922635875023], [55.0, 2.0, 2.0, 60.0, 95.5671546720581], [184.0, 3.0, 2.0, 60.0, 96.33602094118923], [121.0, 3.0, 2.0, 60.0, 96.7939072781402], [61.0, 2.0, 2.0, 60.0, 98.36980328880216], [90.0, 2.0, 2.0, 60.0, 102.87579966565295], [18.0, 1.0, 1.0, 30.0, 104.9407263143454], [13.0, 1.0, 1.0, 30.0, 111.17765606341352], [184.0, 2.0, 2.0, 60.0, 112.29553792447513], [59.0, 3.0, 2.0, 60.0, 121.48538924519744], [87.0, 3.0, 1.0, 30.0, 127.62081856126873], [76.0, 1.0, 1.0, 30.0, 130.89979933108373], [64.0, 2.0, 2.0, 60.0, 132.98523286264282], [79.0, 1.0, 1.0, 30.0, 135.25183130913413], [74.0, 1.0, 1.0, 30.0, 135.6372170444124], [132.0, 1.0, 1.0, 30.0, 136.53537831628518], [13.0, 1.0, 1.0, 30.0, 139.96198057430644], [37.0, 1.0, 1.0, 30.0, 141.90538175510554], [3.0, 1.0, 2.0, 60.0, 148.22641604293108], [105.0, 1.0, 1.0, 30.0, 151.7688691800117], [19.0, 2.0, 2.0, 60.0, 152.9585189515018], [17.0, 2.0, 2.0, 60.0, 155.26396063278915], [45.0, 3.0, 2.0, 60.0, 158.4717443187417], [41.0, 2.0, 2.0, 60.0, 160.19091112593068], [14.0, 3.0, 2.0, 60.0, 161.80046723046223], [40.0, 2.0, 2.0, 60.0, 166.19504064142495], [119.0, 2.0, 2.0, 60.0, 167.67977668606895], [52.0, 2.0, 2.0, 60.0, 174.34828881122837], [52.0, 2.0, 2.0, 60.0, 181.30260874245792], [445.0, 2.0, 1.0, 30.0, 186.72302338228388], [68.0, 2.0, 2.0, 60.0, 187.08816512218607], [55.0, 2.0, 2.0, 60.0, 192.75850263079985], [27.0, 2.0, 2.0, 60.0, 199.5301925701257], [129.0, 1.0, 1.0, 30.0, 205.14039082741283], [45.0, 2.0, 2.0, 60.0, 206.54063642859495], [22.0, 2.0, 1.0, 30.0, 208.1453173837751], [17.0, 1.0, 1.0, 30.0, 208.9739969202831], [24.0, 3.0, 1.0, 30.0, 210.74581448374042], [18.0, 1.0, 1.0, 30.0, 210.85151326578935], [59.0, 2.0, 3.0, 120.0, 211.68829524636791], [58.0, 2.0, 2.0, 60.0, 218.2635794691037], [79.0, 2.0, 2.0, 60.0, 238.24236082502787], [79.0, 1.0, 2.0, 60.0, 241.06005128697106], [91.0, 1.0, 1.0, 30.0, 242.4802497949752], [62.0, 2.0, 2.0, 60.0, 244.4690310645114], [134.0, 3.0, 2.0, 60.0, 246.27574217918595], [80.0, 2.0, 2.0, 60.0, 246.92391019530396], [22.0, 2.0, 2.0, 60.0, 252.340535869662], [79.0, 1.0, 1.0, 30.0, 259.21978013724924], [107.0, 2.0, 2.0, 60.0, 266.7588257904633], [53.0, 2.0, 2.0, 60.0, 293.3082397692622], [55.0, 3.0, 1.0, 30.0, 303.841540943146], [17.0, 1.0, 1.0, 30.0, 312.06587014562393], [46.0, 3.0, 2.0, 60.0, 317.28332755550696], [84.0, 1.0, 1.0, 30.0, 320.2459485503109], [29.0, 3.0, 1.0, 30.0, 320.46821633167013], [93.0, 2.0, 2.0, 60.0, 325.25123026577114], [10.0, 1.0, 1.0, 30.0, 328.35814570323583], [72.0, 3.0, 1.0, 30.0, 335.8979525787838], [105.0, 1.0, 2.0, 60.0, 346.037960484565], [9.0, 3.0, 1.0, 30.0, 347.69830455805135], [66.0, 2.0, 1.0, 30.0, 347.94705816407], [12.0, 2.0, 2.0, 60.0, 352.5711693396838], [64.0, 1.0, 2.0, 60.0, 365.3382663386541], [134.0, 3.0, 2.0, 60.0, 369.44362432169635], [99.0, 2.0, 2.0, 60.0, 380.09833875091823], [28.0, 1.0, 1.0, 30.0, 383.8634124776174], [86.0, 2.0, 2.0, 60.0, 390.4333827158369], [100.0, 3.0, 3.0, 120.0, 391.8772976892559], [111.0, 1.0, 1.0, 30.0, 392.54938394344936], [19.0, 1.0, 1.0, 30.0, 393.26178810715084], [100.0, 3.0, 3.0, 120.0, 393.85019969752625], [47.0, 2.0, 2.0, 60.0, 394.1235652920939], [100.0, 2.0, 3.0, 120.0, 402.7065312495663], [272.0, 1.0, 1.0, 30.0, 404.9496062434009], [40.0, 2.0, 2.0, 60.0, 406.8802625567264], [81.0, 1.0, 2.0, 60.0, 411.5550592296831], [13.0, 2.0, 2.0, 60.0, 412.491396507024], [60.0, 2.0, 2.0, 60.0, 422.0828587162822], [92.0, 2.0, 2.0, 60.0, 428.54263891348444], [5.0, 1.0, 1.0, 30.0, 430.18884989348794], [32.0, 2.0, 2.0, 60.0, 431.1918089653501], [115.0, 3.0, 1.0, 30.0, 433.84690701169285]]","[100, 106, 111, 112, 113, 114]","[[3, 0], [0], [2, 0, 2, 1, 0]]","[2, 2, 2, 2, 2, 2]",200,10
151,421.45310262441643,0.013308250904083252,0.5916977237975921,12.265140967089629,7.342393495394592,69.48078778974397,490.64952879427415,1440.2483269264144,2418.603289593229,3,0.18916666666666665,0.5029931590031312,0.05954091588891819,"[0, 0, 2]","[22.191689162501703, 5.215961622442969, 0.9749043604377192]",6,6000,"[[ 0.          9.04275357 11.74261536  9.76729331  8.82190215]
 [ 9.04275357  0.          2.69986178  1.37909448  0.68287298]
 [11.74261536  2.69986178  0.          2.86906932  3.38273476]
 [ 9.76729331  1.37909448  2.86906932  0.          1.40741271]
 [ 8.82190215  0.68287298  3.38273476  1.40741271  0.        ]]","[[20.0, 2.0, 2.0, 60.0, 0.0], [45.0, 1.0, 2.0, 60.0, 0.0], [100.0, 2.0, 2.0, 60.0, 0.0], [46.0, 2.0, 1.0, 30.0, 0.0], [29.0, 3.0, 1.0, 30.0, 0.0], [89.0, 2.0, 2.0, 60.0, 0.0], [21.0, 1.0, 2.0, 60.0, 0.0], [110.0, 1.0, 1.0, 30.0, 0.0], [30.0, 2.0, 2.0, 60.0, 0.0], [53.0, 2.0, 2.0, 60.0, 0.0], [35.0, 3.0, 1.0, 30.0, 0.0], [29.0, 3.0, 1.0, 30.0, 0.0], [85.0, 3.0, 2.0, 60.0, 0.0], [21.0, 3.0, 2.0, 60.0, 0.0], [48.0, 2.0, 2.0, 60.0, 0.0], [45.0, 2.0, 2.0, 60.0, 0.0], [88.0, 3.0, 3.0, 120.0, 0.0], [58.0, 2.0, 2.0, 60.0, 0.0], [141.0, 1.0, 2.0, 60.0, 0.0], [445.0, 1.0, 1.0, 30.0, 0.0], [55.0, 2.0, 2.0, 60.0, 0.0], [100.0, 1.0, 3.0, 120.0, 0.0], [25.0, 2.0, 2.0, 60.0, 0.0], [4.0, 1.0, 1.0, 30.0, 0.0], [73.0, 3.0, 2.0, 60.0, 12.021043019829973], [11.0, 1.0, 2.0, 60.0, 23.70199129895224], [24.0, 2.0, 2.0, 60.0, 35.625796298323515], [80.0, 2.0, 2.0, 60.0, 37.02476774758143], [16.0, 2.0, 1.0, 30.0, 37.456954746073315], [45.0, 2.0, 2.0, 60.0, 44.72025732460407], [47.0, 2.0, 2.0, 60.0, 51.770060795891936], [104.0, 2.0, 2.0, 60.0, 67.39154057863942], [79.0, 2.0, 2.0, 60.0, 67.78801156455697], [65.0, 2.0, 2.0, 60.0, 73.02081579727279], [10.0, 3.0, 1.0, 30.0, 73.37299733126183], [92.0, 2.0, 2.0, 60.0, 78.81811547138163], [34.0, 2.0, 2.0, 60.0, 87.47475223580068], [23.0, 1.0, 1.0, 30.0, 89.40922635875023], [55.0, 2.0, 2.0, 60.0, 95.5671546720581], [184.0, 3.0, 2.0, 60.0, 96.33602094118923], [121.0, 3.0, 2.0, 60.0, 96.7939072781402], [61.0, 2.0, 2.0, 60.0, 98.36980328880216], [90.0, 2.0, 2.0, 60.0, 102.87579966565295], [18.0, 1.0, 1.0, 30.0, 104.9407263143454], [13.0, 1.0, 1.0, 30.0, 111.17765606341352], [184.0, 2.0, 2.0, 60.0, 112.29553792447513], [59.0, 3.0, 2.0, 60.0, 121.48538924519744], [87.0, 3.0, 1.0, 30.0, 127.62081856126873], [76.0, 1.0, 1.0, 30.0, 130.89979933108373], [64.0, 2.0, 2.0, 60.0, 132.98523286264282], [79.0, 1.0, 1.0, 30.0, 135.25183130913413], [74.0, 1.0, 1.0, 30.0, 135.6372170444124], [132.0, 1.0, 1.0, 30.0, 136.53537831628518], [13.0, 1.0, 1.0, 30.0, 139.96198057430644], [37.0, 1.0, 1.0, 30.0, 141.90538175510554], [3.0, 1.0, 2.0, 60.0, 148.22641604293108], [105.0, 1.0, 1.0, 30.0, 151.7688691800117], [19.0, 2.0, 2.0, 60.0, 152.9585189515018], [17.0, 2.0, 2.0, 60.0, 155.26396063278915], [45.0, 3.0, 2.0, 60.0, 158.4717443187417], [41.0, 2.0, 2.0, 60.0, 160.19091112593068], [14.0, 3.0, 2.0, 60.0, 161.80046723046223], [40.0, 2.0, 2.0, 60.0, 166.19504064142495], [119.0, 2.0, 2.0, 60.0, 167.67977668606895], [52.0, 2.0, 2.0, 60.0, 174.34828881122837], [52.0, 2.0, 2.0, 60.0, 181.30260874245792], [445.0, 2.0, 1.0, 30.0, 186.72302338228388], [68.0, 2.0, 2.0, 60.0, 187.08816512218607], [55.0, 2.0, 2.0, 60.0, 192.75850263079985], [27.0, 2.0, 2.0, 60.0, 199.5301925701257], [129.0, 1.0, 1.0, 30.0, 205.14039082741283], [45.0, 2.0, 2.0, 60.0, 206.54063642859495], [22.0, 2.0, 1.0, 30.0, 208.1453173837751], [17.0, 1.0, 1.0, 30.0, 208.9739969202831], [24.0, 3.0, 1.0, 30.0, 210.74581448374042], [18.0, 1.0, 1.0, 30.0, 210.85151326578935], [59.0, 2.0, 3.0, 120.0, 211.68829524636791], [58.0, 2.0, 2.0, 60.0, 218.2635794691037], [79.0, 2.0, 2.0, 60.0, 238.24236082502787], [79.0, 1.0, 2.0, 60.0, 241.06005128697106], [91.0, 1.0, 1.0, 30.0, 242.4802497949752], [62.0, 2.0, 2.0, 60.0, 244.4690310645114], [134.0, 3.0, 2.0, 60.0, 246.27574217918595], [80.0, 2.0, 2.0, 60.0, 246.92391019530396], [22.0, 2.0, 2.0, 60.0, 252.340535869662], [79.0, 1.0, 1.0, 30.0, 259.21978013724924], [107.0, 2.0, 2.0, 60.0, 266.7588257904633], [53.0, 2.0, 2.0, 60.0, 293.3082397692622], [55.0, 3.0, 1.0, 30.0, 303.841540943146], [17.0, 1.0, 1.0, 30.0, 312.06587014562393], [46.0, 3.0, 2.0, 60.0, 317.28332755550696], [84.0, 1.0, 1.0, 30.0, 320.2459485503109], [29.0, 3.0, 1.0, 30.0, 320.46821633167013], [93.0, 2.0, 2.0, 60.0, 325.25123026577114], [10.0, 1.0, 1.0, 30.0, 328.35814570323583], [72.0, 3.0, 1.0, 30.0, 335.8979525787838], [105.0, 1.0, 2.0, 60.0, 346.037960484565], [9.0, 3.0, 1.0, 30.0, 347.69830455805135], [66.0, 2.0, 1.0, 30.0, 347.94705816407], [12.0, 2.0, 2.0, 60.0, 352.5711693396838], [64.0, 1.0, 2.0, 60.0, 365.3382663386541], [134.0, 3.0, 2.0, 60.0, 369.44362432169635], [99.0, 2.0, 2.0, 60.0, 380.09833875091823], [28.0, 1.0, 1.0, 30.0, 383.8634124776174], [86.0, 2.0, 2.0, 60.0, 390.4333827158369], [100.0, 3.0, 3.0, 120.0, 391.8772976892559], [111.0, 1.0, 1.0, 30.0, 392.54938394344936], [19.0, 1.0, 1.0, 30.0, 393.26178810715084], [100.0, 3.0, 3.0, 120.0, 393.85019969752625], [47.0, 2.0, 2.0, 60.0, 394.1235652920939], [100.0, 2.0, 3.0, 120.0, 402.7065312495663], [272.0, 1.0, 1.0, 30.0, 404.9496062434009], [40.0, 2.0, 2.0, 60.0, 406.8802625567264], [81.0, 1.0, 2.0, 60.0, 411.5550592296831], [13.0, 2.0, 2.0, 60.0, 412.491396507024], [60.0, 2.0, 2.0, 60.0, 422.0828587162822], [92.0, 2.0, 2.0, 60.0, 428.54263891348444], [5.0, 1.0, 1.0, 30.0, 430.18884989348794], [32.0, 2.0, 2.0, 60.0, 431.1918089653501], [115.0, 3.0, 1.0, 30.0, 433.84690701169285]]","[100, 106, 111, 112, 113, 114]","[[0], [0], [2, 0, 2, 1, 0]]","[2, 2, 2, 2, 2, 2]",200,10
152,422.4664108753205,0.014156874020894368,0.7883791798483385,17.36078697939668,7.833379269694691,92.29488650174214,781.8101785463496,2032.412707997411,3054.841263854023,2,0.22928571428571434,0.7690349045323874,0.041139866872001614,"[0, 0, 2]","[23.204997413405785, 6.229269873347053, 0.9749043604377192]",6,6000,"[[ 0.          9.09057316 11.70691577  9.50368044  8.82190215]
 [ 9.09057316  0.          2.69986178  1.26879931  0.73069256]
 [11.70691577  2.69986178  0.          2.86906932  3.34703517]
 [ 9.50368044  1.26879931  2.86906932  0.          1.14379984]
 [ 8.82190215  0.73069256  3.34703517  1.14379984  0.        ]]","[[20.0, 2.0, 2.0, 60.0, 0.0], [45.0, 1.0, 2.0, 60.0, 0.0], [100.0, 2.0, 2.0, 60.0, 0.0], [46.0, 2.0, 1.0, 30.0, 0.0], [29.0, 3.0, 1.0, 30.0, 0.0], [89.0, 2.0, 2.0, 60.0, 0.0], [21.0, 1.0, 2.0, 60.0, 0.0], [110.0, 1.0, 1.0, 30.0, 0.0], [30.0, 2.0, 2.0, 60.0, 0.0], [53.0, 2.0, 2.0, 60.0, 0.0], [35.0, 3.0, 1.0, 30.0, 0.0], [29.0, 3.0, 1.0, 30.0, 0.0], [85.0, 3.0, 2.0, 60.0, 0.0], [21.0, 3.0, 2.0, 60.0, 0.0], [48.0, 2.0, 2.0, 60.0, 0.0], [45.0, 2.0, 2.0, 60.0, 0.0], [88.0, 3.0, 3.0, 120.0, 0.0], [58.0, 2.0, 2.0, 60.0, 0.0], [141.0, 1.0, 2.0, 60.0, 0.0], [445.0, 1.0, 1.0, 30.0, 0.0], [55.0, 2.0, 2.0, 60.0, 0.0], [100.0, 1.0, 3.0, 120.0, 0.0], [25.0, 2.0, 2.0, 60.0, 0.0], [4.0, 1.0, 1.0, 30.0, 0.0], [73.0, 3.0, 2.0, 60.0, 12.021043019829973], [11.0, 1.0, 2.0, 60.0, 23.70199129895224], [24.0, 2.0, 2.0, 60.0, 35.625796298323515], [80.0, 2.0, 2.0, 60.0, 37.02476774758143], [16.0, 2.0, 1.0, 30.0, 37.456954746073315], [45.0, 2.0, 2.0, 60.0, 44.72025732460407], [47.0, 2.0, 2.0, 60.0, 51.770060795891936], [104.0, 2.0, 2.0, 60.0, 67.39154057863942], [79.0, 2.0, 2.0, 60.0, 67.78801156455697], [65.0, 2.0, 2.0, 60.0, 73.02081579727279], [10.0, 3.0, 1.0, 30.0, 73.37299733126183], [92.0, 2.0, 2.0, 60.0, 78.81811547138163], [34.0, 2.0, 2.0, 60.0, 87.47475223580068], [23.0, 1.0, 1.0, 30.0, 89.40922635875023], [55.0, 2.0, 2.0, 60.0, 95.5671546720581], [184.0, 3.0, 2.0, 60.0, 96.33602094118923], [121.0, 3.0, 2.0, 60.0, 96.7939072781402], [61.0, 2.0, 2.0, 60.0, 98.36980328880216], [90.0, 2.0, 2.0, 60.0, 102.87579966565295], [18.0, 1.0, 1.0, 30.0, 104.9407263143454], [13.0, 1.0, 1.0, 30.0, 111.17765606341352], [184.0, 2.0, 2.0, 60.0, 112.29553792447513], [59.0, 3.0, 2.0, 60.0, 121.48538924519744], [87.0, 3.0, 1.0, 30.0, 127.62081856126873], [76.0, 1.0, 1.0, 30.0, 130.89979933108373], [64.0, 2.0, 2.0, 60.0, 132.98523286264282], [79.0, 1.0, 1.0, 30.0, 135.25183130913413], [74.0, 1.0, 1.0, 30.0, 135.6372170444124], [132.0, 1.0, 1.0, 30.0, 136.53537831628518], [13.0, 1.0, 1.0, 30.0, 139.96198057430644], [37.0, 1.0, 1.0, 30.0, 141.90538175510554], [3.0, 1.0, 2.0, 60.0, 148.22641604293108], [105.0, 1.0, 1.0, 30.0, 151.7688691800117], [19.0, 2.0, 2.0, 60.0, 152.9585189515018], [17.0, 2.0, 2.0, 60.0, 155.26396063278915], [45.0, 3.0, 2.0, 60.0, 158.4717443187417], [41.0, 2.0, 2.0, 60.0, 160.19091112593068], [14.0, 3.0, 2.0, 60.0, 161.80046723046223], [40.0, 2.0, 2.0, 60.0, 166.19504064142495], [119.0, 2.0, 2.0, 60.0, 167.67977668606895], [52.0, 2.0, 2.0, 60.0, 174.34828881122837], [52.0, 2.0, 2.0, 60.0, 181.30260874245792], [445.0, 2.0, 1.0, 30.0, 186.72302338228388], [68.0, 2.0, 2.0, 60.0, 187.08816512218607], [55.0, 2.0, 2.0, 60.0, 192.75850263079985], [27.0, 2.0, 2.0, 60.0, 199.5301925701257], [129.0, 1.0, 1.0, 30.0, 205.14039082741283], [45.0, 2.0, 2.0, 60.0, 206.54063642859495], [22.0, 2.0, 1.0, 30.0, 208.1453173837751], [17.0, 1.0, 1.0, 30.0, 208.9739969202831], [24.0, 3.0, 1.0, 30.0, 210.74581448374042], [18.0, 1.0, 1.0, 30.0, 210.85151326578935], [59.0, 2.0, 3.0, 120.0, 211.68829524636791], [58.0, 2.0, 2.0, 60.0, 218.2635794691037], [79.0, 2.0, 2.0, 60.0, 238.24236082502787], [79.0, 1.0, 2.0, 60.0, 241.06005128697106], [91.0, 1.0, 1.0, 30.0, 242.4802497949752], [62.0, 2.0, 2.0, 60.0, 244.4690310645114], [134.0, 3.0, 2.0, 60.0, 246.27574217918595], [80.0, 2.0, 2.0, 60.0, 246.92391019530396], [22.0, 2.0, 2.0, 60.0, 252.340535869662], [79.0, 1.0, 1.0, 30.0, 259.21978013724924], [107.0, 2.0, 2.0, 60.0, 266.7588257904633], [53.0, 2.0, 2.0, 60.0, 293.3082397692622], [55.0, 3.0, 1.0, 30.0, 303.841540943146], [17.0, 1.0, 1.0, 30.0, 312.06587014562393], [46.0, 3.0, 2.0, 60.0, 317.28332755550696], [84.0, 1.0, 1.0, 30.0, 320.2459485503109], [29.0, 3.0, 1.0, 30.0, 320.46821633167013], [93.0, 2.0, 2.0, 60.0, 325.25123026577114], [10.0, 1.0, 1.0, 30.0, 328.35814570323583], [72.0, 3.0, 1.0, 30.0, 335.8979525787838], [105.0, 1.0, 2.0, 60.0, 346.037960484565], [9.0, 3.0, 1.0, 30.0, 347.69830455805135], [66.0, 2.0, 1.0, 30.0, 347.94705816407], [12.0, 2.0, 2.0, 60.0, 352.5711693396838], [64.0, 1.0, 2.0, 60.0, 365.3382663386541], [134.0, 3.0, 2.0, 60.0, 369.44362432169635], [99.0, 2.0, 2.0, 60.0, 380.09833875091823], [28.0, 1.0, 1.0, 30.0, 383.8634124776174], [86.0, 2.0, 2.0, 60.0, 390.4333827158369], [100.0, 3.0, 3.0, 120.0, 391.8772976892559], [111.0, 1.0, 1.0, 30.0, 392.54938394344936], [19.0, 1.0, 1.0, 30.0, 393.26178810715084], [100.0, 3.0, 3.0, 120.0, 393.85019969752625], [47.0, 2.0, 2.0, 60.0, 394.1235652920939], [100.0, 2.0, 3.0, 120.0, 402.7065312495663], [272.0, 1.0, 1.0, 30.0, 404.9496062434009], [40.0, 2.0, 2.0, 60.0, 406.8802625567264], [81.0, 1.0, 2.0, 60.0, 411.5550592296831], [13.0, 2.0, 2.0, 60.0, 412.491396507024], [60.0, 2.0, 2.0, 60.0, 422.0828587162822], [92.0, 2.0, 2.0, 60.0, 428.54263891348444], [5.0, 1.0, 1.0, 30.0, 430.18884989348794], [32.0, 2.0, 2.0, 60.0, 431.1918089653501], [115.0, 3.0, 1.0, 30.0, 433.84690701169285]]","[100, 106, 111, 112, 113, 114, 115]","[[0, 1, 0], [0], [2, 0, 1, 2, 0]]","[2, 2, 2, 2, 0, 2, 2]",200,10
153,426.4805677493414,0.015375308195749919,0.5927985587176342,10.065201385039641,8.146073778607203,70.36110633775259,501.93164590000106,1194.6700857297508,2167.4963326996535,1,0.19464285714285712,0.6954765358278554,0.03786709155233454,"[0, 0, 2]","[27.21915428742668, 10.243426747367948, 0.9749043604377192]",6,6000,"[[ 0.          9.22952096 11.8693113   9.72265053  9.13998463]
 [ 9.22952096  0.          2.69986178  1.26879931  0.89811857]
 [11.8693113   2.69986178  0.          2.86906932  3.51446117]
 [ 9.72265053  1.26879931  2.86906932  0.          1.31122585]
 [ 9.13998463  0.89811857  3.51446117  1.31122585  0.        ]]","[[20.0, 2.0, 2.0, 60.0, 0.0], [45.0, 1.0, 2.0, 60.0, 0.0], [100.0, 2.0, 2.0, 60.0, 0.0], [46.0, 2.0, 1.0, 30.0, 0.0], [29.0, 3.0, 1.0, 30.0, 0.0], [89.0, 2.0, 2.0, 60.0, 0.0], [21.0, 1.0, 2.0, 60.0, 0.0], [110.0, 1.0, 1.0, 30.0, 0.0], [30.0, 2.0, 2.0, 60.0, 0.0], [53.0, 2.0, 2.0, 60.0, 0.0], [35.0, 3.0, 1.0, 30.0, 0.0], [29.0, 3.0, 1.0, 30.0, 0.0], [85.0, 3.0, 2.0, 60.0, 0.0], [21.0, 3.0, 2.0, 60.0, 0.0], [48.0, 2.0, 2.0, 60.0, 0.0], [45.0, 2.0, 2.0, 60.0, 0.0], [88.0, 3.0, 3.0, 120.0, 0.0], [58.0, 2.0, 2.0, 60.0, 0.0], [141.0, 1.0, 2.0, 60.0, 0.0], [445.0, 1.0, 1.0, 30.0, 0.0], [55.0, 2.0, 2.0, 60.0, 0.0], [100.0, 1.0, 3.0, 120.0, 0.0], [25.0, 2.0, 2.0, 60.0, 0.0], [4.0, 1.0, 1.0, 30.0, 0.0], [73.0, 3.0, 2.0, 60.0, 12.021043019829973], [11.0, 1.0, 2.0, 60.0, 23.70199129895224], [24.0, 2.0, 2.0, 60.0, 35.625796298323515], [80.0, 2.0, 2.0, 60.0, 37.02476774758143], [16.0, 2.0, 1.0, 30.0, 37.456954746073315], [45.0, 2.0, 2.0, 60.0, 44.72025732460407], [47.0, 2.0, 2.0, 60.0, 51.770060795891936], [104.0, 2.0, 2.0, 60.0, 67.39154057863942], [79.0, 2.0, 2.0, 60.0, 67.78801156455697], [65.0, 2.0, 2.0, 60.0, 73.02081579727279], [10.0, 3.0, 1.0, 30.0, 73.37299733126183], [92.0, 2.0, 2.0, 60.0, 78.81811547138163], [34.0, 2.0, 2.0, 60.0, 87.47475223580068], [23.0, 1.0, 1.0, 30.0, 89.40922635875023], [55.0, 2.0, 2.0, 60.0, 95.5671546720581], [184.0, 3.0, 2.0, 60.0, 96.33602094118923], [121.0, 3.0, 2.0, 60.0, 96.7939072781402], [61.0, 2.0, 2.0, 60.0, 98.36980328880216], [90.0, 2.0, 2.0, 60.0, 102.87579966565295], [18.0, 1.0, 1.0, 30.0, 104.9407263143454], [13.0, 1.0, 1.0, 30.0, 111.17765606341352], [184.0, 2.0, 2.0, 60.0, 112.29553792447513], [59.0, 3.0, 2.0, 60.0, 121.48538924519744], [87.0, 3.0, 1.0, 30.0, 127.62081856126873], [76.0, 1.0, 1.0, 30.0, 130.89979933108373], [64.0, 2.0, 2.0, 60.0, 132.98523286264282], [79.0, 1.0, 1.0, 30.0, 135.25183130913413], [74.0, 1.0, 1.0, 30.0, 135.6372170444124], [132.0, 1.0, 1.0, 30.0, 136.53537831628518], [13.0, 1.0, 1.0, 30.0, 139.96198057430644], [37.0, 1.0, 1.0, 30.0, 141.90538175510554], [3.0, 1.0, 2.0, 60.0, 148.22641604293108], [105.0, 1.0, 1.0, 30.0, 151.7688691800117], [19.0, 2.0, 2.0, 60.0, 152.9585189515018], [17.0, 2.0, 2.0, 60.0, 155.26396063278915], [45.0, 3.0, 2.0, 60.0, 158.4717443187417], [41.0, 2.0, 2.0, 60.0, 160.19091112593068], [14.0, 3.0, 2.0, 60.0, 161.80046723046223], [40.0, 2.0, 2.0, 60.0, 166.19504064142495], [119.0, 2.0, 2.0, 60.0, 167.67977668606895], [52.0, 2.0, 2.0, 60.0, 174.34828881122837], [52.0, 2.0, 2.0, 60.0, 181.30260874245792], [445.0, 2.0, 1.0, 30.0, 186.72302338228388], [68.0, 2.0, 2.0, 60.0, 187.08816512218607], [55.0, 2.0, 2.0, 60.0, 192.75850263079985], [27.0, 2.0, 2.0, 60.0, 199.5301925701257], [129.0, 1.0, 1.0, 30.0, 205.14039082741283], [45.0, 2.0, 2.0, 60.0, 206.54063642859495], [22.0, 2.0, 1.0, 30.0, 208.1453173837751], [17.0, 1.0, 1.0, 30.0, 208.9739969202831], [24.0, 3.0, 1.0, 30.0, 210.74581448374042], [18.0, 1.0, 1.0, 30.0, 210.85151326578935], [59.0, 2.0, 3.0, 120.0, 211.68829524636791], [58.0, 2.0, 2.0, 60.0, 218.2635794691037], [79.0, 2.0, 2.0, 60.0, 238.24236082502787], [79.0, 1.0, 2.0, 60.0, 241.06005128697106], [91.0, 1.0, 1.0, 30.0, 242.4802497949752], [62.0, 2.0, 2.0, 60.0, 244.4690310645114], [134.0, 3.0, 2.0, 60.0, 246.27574217918595], [80.0, 2.0, 2.0, 60.0, 246.92391019530396], [22.0, 2.0, 2.0, 60.0, 252.340535869662], [79.0, 1.0, 1.0, 30.0, 259.21978013724924], [107.0, 2.0, 2.0, 60.0, 266.7588257904633], [53.0, 2.0, 2.0, 60.0, 293.3082397692622], [55.0, 3.0, 1.0, 30.0, 303.841540943146], [17.0, 1.0, 1.0, 30.0, 312.06587014562393], [46.0, 3.0, 2.0, 60.0, 317.28332755550696], [84.0, 1.0, 1.0, 30.0, 320.2459485503109], [29.0, 3.0, 1.0, 30.0, 320.46821633167013], [93.0, 2.0, 2.0, 60.0, 325.25123026577114], [10.0, 1.0, 1.0, 30.0, 328.35814570323583], [72.0, 3.0, 1.0, 30.0, 335.8979525787838], [105.0, 1.0, 2.0, 60.0, 346.037960484565], [9.0, 3.0, 1.0, 30.0, 347.69830455805135], [66.0, 2.0, 1.0, 30.0, 347.94705816407], [12.0, 2.0, 2.0, 60.0, 352.5711693396838], [64.0, 1.0, 2.0, 60.0, 365.3382663386541], [134.0, 3.0, 2.0, 60.0, 369.44362432169635], [99.0, 2.0, 2.0, 60.0, 380.09833875091823], [28.0, 1.0, 1.0, 30.0, 383.8634124776174], [86.0, 2.0, 2.0, 60.0, 390.4333827158369], [100.0, 3.0, 3.0, 120.0, 391.8772976892559], [111.0, 1.0, 1.0, 30.0, 392.54938394344936], [19.0, 1.0, 1.0, 30.0, 393.26178810715084], [100.0, 3.0, 3.0, 120.0, 393.85019969752625], [47.0, 2.0, 2.0, 60.0, 394.1235652920939], [100.0, 2.0, 3.0, 120.0, 402.7065312495663], [272.0, 1.0, 1.0, 30.0, 404.9496062434009], [40.0, 2.0, 2.0, 60.0, 406.8802625567264], [81.0, 1.0, 2.0, 60.0, 411.5550592296831], [13.0, 2.0, 2.0, 60.0, 412.491396507024], [60.0, 2.0, 2.0, 60.0, 422.0828587162822], [92.0, 2.0, 2.0, 60.0, 428.54263891348444], [5.0, 1.0, 1.0, 30.0, 430.18884989348794], [32.0, 2.0, 2.0, 60.0, 431.1918089653501], [115.0, 3.0, 1.0, 30.0, 433.84690701169285]]","[100, 106, 111, 112, 113, 114, 115]","[[0, 1, 0], [0], [2, 0, 1, 2, 0]]","[2, 2, 2, 2, 0, 2, 2]",200,10
154,429.49594305753715,0.01594476302464803,0.6921320509961635,11.860820387219396,7.640324959084368,84.83573260856421,810.8286333291053,1453.79972714763,2790.4598052849574,1,0.236875,0.7055880154089393,0.031154859946812708,"[0, 0, 2]","[30.23452959562243, 13.258802055563699, 0.9749043604377192]",6,6000,"[[ 0.          9.61736961 12.25715996 10.11049918  9.52783328]
 [ 9.61736961  0.          2.69986178  1.26879931  0.89811857]
 [12.25715996  2.69986178  0.          2.86906932  3.51446117]
 [10.11049918  1.26879931  2.86906932  0.          1.31122585]
 [ 9.52783328  0.89811857  3.51446117  1.31122585  0.        ]]","[[20.0, 2.0, 2.0, 60.0, 0.0], [45.0, 1.0, 2.0, 60.0, 0.0], [100.0, 2.0, 2.0, 60.0, 0.0], [46.0, 2.0, 1.0, 30.0, 0.0], [29.0, 3.0, 1.0, 30.0, 0.0], [89.0, 2.0, 2.0, 60.0, 0.0], [21.0, 1.0, 2.0, 60.0, 0.0], [110.0, 1.0, 1.0, 30.0, 0.0], [30.0, 2.0, 2.0, 60.0, 0.0], [53.0, 2.0, 2.0, 60.0, 0.0], [35.0, 3.0, 1.0, 30.0, 0.0], [29.0, 3.0, 1.0, 30.0, 0.0], [85.0, 3.0, 2.0, 60.0, 0.0], [21.0, 3.0, 2.0, 60.0, 0.0], [48.0, 2.0, 2.0, 60.0, 0.0], [45.0, 2.0, 2.0, 60.0, 0.0], [88.0, 3.0, 3.0, 120.0, 0.0], [58.0, 2.0, 2.0, 60.0, 0.0], [141.0, 1.0, 2.0, 60.0, 0.0], [445.0, 1.0, 1.0, 30.0, 0.0], [55.0, 2.0, 2.0, 60.0, 0.0], [100.0, 1.0, 3.0, 120.0, 0.0], [25.0, 2.0, 2.0, 60.0, 0.0], [4.0, 1.0, 1.0, 30.0, 0.0], [73.0, 3.0, 2.0, 60.0, 12.021043019829973], [11.0, 1.0, 2.0, 60.0, 23.70199129895224], [24.0, 2.0, 2.0, 60.0, 35.625796298323515], [80.0, 2.0, 2.0, 60.0, 37.02476774758143], [16.0, 2.0, 1.0, 30.0, 37.456954746073315], [45.0, 2.0, 2.0, 60.0, 44.72025732460407], [47.0, 2.0, 2.0, 60.0, 51.770060795891936], [104.0, 2.0, 2.0, 60.0, 67.39154057863942], [79.0, 2.0, 2.0, 60.0, 67.78801156455697], [65.0, 2.0, 2.0, 60.0, 73.02081579727279], [10.0, 3.0, 1.0, 30.0, 73.37299733126183], [92.0, 2.0, 2.0, 60.0, 78.81811547138163], [34.0, 2.0, 2.0, 60.0, 87.47475223580068], [23.0, 1.0, 1.0, 30.0, 89.40922635875023], [55.0, 2.0, 2.0, 60.0, 95.5671546720581], [184.0, 3.0, 2.0, 60.0, 96.33602094118923], [121.0, 3.0, 2.0, 60.0, 96.7939072781402], [61.0, 2.0, 2.0, 60.0, 98.36980328880216], [90.0, 2.0, 2.0, 60.0, 102.87579966565295], [18.0, 1.0, 1.0, 30.0, 104.9407263143454], [13.0, 1.0, 1.0, 30.0, 111.17765606341352], [184.0, 2.0, 2.0, 60.0, 112.29553792447513], [59.0, 3.0, 2.0, 60.0, 121.48538924519744], [87.0, 3.0, 1.0, 30.0, 127.62081856126873], [76.0, 1.0, 1.0, 30.0, 130.89979933108373], [64.0, 2.0, 2.0, 60.0, 132.98523286264282], [79.0, 1.0, 1.0, 30.0, 135.25183130913413], [74.0, 1.0, 1.0, 30.0, 135.6372170444124], [132.0, 1.0, 1.0, 30.0, 136.53537831628518], [13.0, 1.0, 1.0, 30.0, 139.96198057430644], [37.0, 1.0, 1.0, 30.0, 141.90538175510554], [3.0, 1.0, 2.0, 60.0, 148.22641604293108], [105.0, 1.0, 1.0, 30.0, 151.7688691800117], [19.0, 2.0, 2.0, 60.0, 152.9585189515018], [17.0, 2.0, 2.0, 60.0, 155.26396063278915], [45.0, 3.0, 2.0, 60.0, 158.4717443187417], [41.0, 2.0, 2.0, 60.0, 160.19091112593068], [14.0, 3.0, 2.0, 60.0, 161.80046723046223], [40.0, 2.0, 2.0, 60.0, 166.19504064142495], [119.0, 2.0, 2.0, 60.0, 167.67977668606895], [52.0, 2.0, 2.0, 60.0, 174.34828881122837], [52.0, 2.0, 2.0, 60.0, 181.30260874245792], [445.0, 2.0, 1.0, 30.0, 186.72302338228388], [68.0, 2.0, 2.0, 60.0, 187.08816512218607], [55.0, 2.0, 2.0, 60.0, 192.75850263079985], [27.0, 2.0, 2.0, 60.0, 199.5301925701257], [129.0, 1.0, 1.0, 30.0, 205.14039082741283], [45.0, 2.0, 2.0, 60.0, 206.54063642859495], [22.0, 2.0, 1.0, 30.0, 208.1453173837751], [17.0, 1.0, 1.0, 30.0, 208.9739969202831], [24.0, 3.0, 1.0, 30.0, 210.74581448374042], [18.0, 1.0, 1.0, 30.0, 210.85151326578935], [59.0, 2.0, 3.0, 120.0, 211.68829524636791], [58.0, 2.0, 2.0, 60.0, 218.2635794691037], [79.0, 2.0, 2.0, 60.0, 238.24236082502787], [79.0, 1.0, 2.0, 60.0, 241.06005128697106], [91.0, 1.0, 1.0, 30.0, 242.4802497949752], [62.0, 2.0, 2.0, 60.0, 244.4690310645114], [134.0, 3.0, 2.0, 60.0, 246.27574217918595], [80.0, 2.0, 2.0, 60.0, 246.92391019530396], [22.0, 2.0, 2.0, 60.0, 252.340535869662], [79.0, 1.0, 1.0, 30.0, 259.21978013724924], [107.0, 2.0, 2.0, 60.0, 266.7588257904633], [53.0, 2.0, 2.0, 60.0, 293.3082397692622], [55.0, 3.0, 1.0, 30.0, 303.841540943146], [17.0, 1.0, 1.0, 30.0, 312.06587014562393], [46.0, 3.0, 2.0, 60.0, 317.28332755550696], [84.0, 1.0, 1.0, 30.0, 320.2459485503109], [29.0, 3.0, 1.0, 30.0, 320.46821633167013], [93.0, 2.0, 2.0, 60.0, 325.25123026577114], [10.0, 1.0, 1.0, 30.0, 328.35814570323583], [72.0, 3.0, 1.0, 30.0, 335.8979525787838], [105.0, 1.0, 2.0, 60.0, 346.037960484565], [9.0, 3.0, 1.0, 30.0, 347.69830455805135], [66.0, 2.0, 1.0, 30.0, 347.94705816407], [12.0, 2.0, 2.0, 60.0, 352.5711693396838], [64.0, 1.0, 2.0, 60.0, 365.3382663386541], [134.0, 3.0, 2.0, 60.0, 369.44362432169635], [99.0, 2.0, 2.0, 60.0, 380.09833875091823], [28.0, 1.0, 1.0, 30.0, 383.8634124776174], [86.0, 2.0, 2.0, 60.0, 390.4333827158369], [100.0, 3.0, 3.0, 120.0, 391.8772976892559], [111.0, 1.0, 1.0, 30.0, 392.54938394344936], [19.0, 1.0, 1.0, 30.0, 393.26178810715084], [100.0, 3.0, 3.0, 120.0, 393.85019969752625], [47.0, 2.0, 2.0, 60.0, 394.1235652920939], [100.0, 2.0, 3.0, 120.0, 402.7065312495663], [272.0, 1.0, 1.0, 30.0, 404.9496062434009], [40.0, 2.0, 2.0, 60.0, 406.8802625567264], [81.0, 1.0, 2.0, 60.0, 411.5550592296831], [13.0, 2.0, 2.0, 60.0, 412.491396507024], [60.0, 2.0, 2.0, 60.0, 422.0828587162822], [92.0, 2.0, 2.0, 60.0, 428.54263891348444], [5.0, 1.0, 1.0, 30.0, 430.18884989348794], [32.0, 2.0, 2.0, 60.0, 431.1918089653501], [115.0, 3.0, 1.0, 30.0, 433.84690701169285]]","[100, 106, 111, 112, 113, 114, 115, 116]","[[0, 1, 2, 0], [0], [2, 0, 2, 1, 0]]","[2, 2, 2, 2, 0, 0, 0, 2]",200,10
155,430.5118878205618,0.01616667111714681,0.29940005477601667,10.734727900273672,7.901830856512253,36.69794362710191,237.56619144762067,1315.7727697519374,2098.4849090972293,1,0.09833333333333334,0.15340493685981896,0.03016271808960602,"[0, 0, 0]","[31.25047435864708, 14.274746818588346, 1.7715348208131574]",6,6000,"[[ 0.          9.61736961 12.25715996 10.11049918  9.52783328]
 [ 9.61736961  0.          2.69986178  1.26879931  0.89811857]
 [12.25715996  2.69986178  0.          2.86906932  3.51446117]
 [10.11049918  1.26879931  2.86906932  0.          1.31122585]
 [ 9.52783328  0.89811857  3.51446117  1.31122585  0.        ]]","[[20.0, 2.0, 2.0, 60.0, 0.0], [45.0, 1.0, 2.0, 60.0, 0.0], [100.0, 2.0, 2.0, 60.0, 0.0], [46.0, 2.0, 1.0, 30.0, 0.0], [29.0, 3.0, 1.0, 30.0, 0.0], [89.0, 2.0, 2.0, 60.0, 0.0], [21.0, 1.0, 2.0, 60.0, 0.0], [110.0, 1.0, 1.0, 30.0, 0.0], [30.0, 2.0, 2.0, 60.0, 0.0], [53.0, 2.0, 2.0, 60.0, 0.0], [35.0, 3.0, 1.0, 30.0, 0.0], [29.0, 3.0, 1.0, 30.0, 0.0], [85.0, 3.0, 2.0, 60.0, 0.0], [21.0, 3.0, 2.0, 60.0, 0.0], [48.0, 2.0, 2.0, 60.0, 0.0], [45.0, 2.0, 2.0, 60.0, 0.0], [88.0, 3.0, 3.0, 120.0, 0.0], [58.0, 2.0, 2.0, 60.0, 0.0], [141.0, 1.0, 2.0, 60.0, 0.0], [445.0, 1.0, 1.0, 30.0, 0.0], [55.0, 2.0, 2.0, 60.0, 0.0], [100.0, 1.0, 3.0, 120.0, 0.0], [25.0, 2.0, 2.0, 60.0, 0.0], [4.0, 1.0, 1.0, 30.0, 0.0], [73.0, 3.0, 2.0, 60.0, 12.021043019829973], [11.0, 1.0, 2.0, 60.0, 23.70199129895224], [24.0, 2.0, 2.0, 60.0, 35.625796298323515], [80.0, 2.0, 2.0, 60.0, 37.02476774758143], [16.0, 2.0, 1.0, 30.0, 37.456954746073315], [45.0, 2.0, 2.0, 60.0, 44.72025732460407], [47.0, 2.0, 2.0, 60.0, 51.770060795891936], [104.0, 2.0, 2.0, 60.0, 67.39154057863942], [79.0, 2.0, 2.0, 60.0, 67.78801156455697], [65.0, 2.0, 2.0, 60.0, 73.02081579727279], [10.0, 3.0, 1.0, 30.0, 73.37299733126183], [92.0, 2.0, 2.0, 60.0, 78.81811547138163], [34.0, 2.0, 2.0, 60.0, 87.47475223580068], [23.0, 1.0, 1.0, 30.0, 89.40922635875023], [55.0, 2.0, 2.0, 60.0, 95.5671546720581], [184.0, 3.0, 2.0, 60.0, 96.33602094118923], [121.0, 3.0, 2.0, 60.0, 96.7939072781402], [61.0, 2.0, 2.0, 60.0, 98.36980328880216], [90.0, 2.0, 2.0, 60.0, 102.87579966565295], [18.0, 1.0, 1.0, 30.0, 104.9407263143454], [13.0, 1.0, 1.0, 30.0, 111.17765606341352], [184.0, 2.0, 2.0, 60.0, 112.29553792447513], [59.0, 3.0, 2.0, 60.0, 121.48538924519744], [87.0, 3.0, 1.0, 30.0, 127.62081856126873], [76.0, 1.0, 1.0, 30.0, 130.89979933108373], [64.0, 2.0, 2.0, 60.0, 132.98523286264282], [79.0, 1.0, 1.0, 30.0, 135.25183130913413], [74.0, 1.0, 1.0, 30.0, 135.6372170444124], [132.0, 1.0, 1.0, 30.0, 136.53537831628518], [13.0, 1.0, 1.0, 30.0, 139.96198057430644], [37.0, 1.0, 1.0, 30.0, 141.90538175510554], [3.0, 1.0, 2.0, 60.0, 148.22641604293108], [105.0, 1.0, 1.0, 30.0, 151.7688691800117], [19.0, 2.0, 2.0, 60.0, 152.9585189515018], [17.0, 2.0, 2.0, 60.0, 155.26396063278915], [45.0, 3.0, 2.0, 60.0, 158.4717443187417], [41.0, 2.0, 2.0, 60.0, 160.19091112593068], [14.0, 3.0, 2.0, 60.0, 161.80046723046223], [40.0, 2.0, 2.0, 60.0, 166.19504064142495], [119.0, 2.0, 2.0, 60.0, 167.67977668606895], [52.0, 2.0, 2.0, 60.0, 174.34828881122837], [52.0, 2.0, 2.0, 60.0, 181.30260874245792], [445.0, 2.0, 1.0, 30.0, 186.72302338228388], [68.0, 2.0, 2.0, 60.0, 187.08816512218607], [55.0, 2.0, 2.0, 60.0, 192.75850263079985], [27.0, 2.0, 2.0, 60.0, 199.5301925701257], [129.0, 1.0, 1.0, 30.0, 205.14039082741283], [45.0, 2.0, 2.0, 60.0, 206.54063642859495], [22.0, 2.0, 1.0, 30.0, 208.1453173837751], [17.0, 1.0, 1.0, 30.0, 208.9739969202831], [24.0, 3.0, 1.0, 30.0, 210.74581448374042], [18.0, 1.0, 1.0, 30.0, 210.85151326578935], [59.0, 2.0, 3.0, 120.0, 211.68829524636791], [58.0, 2.0, 2.0, 60.0, 218.2635794691037], [79.0, 2.0, 2.0, 60.0, 238.24236082502787], [79.0, 1.0, 2.0, 60.0, 241.06005128697106], [91.0, 1.0, 1.0, 30.0, 242.4802497949752], [62.0, 2.0, 2.0, 60.0, 244.4690310645114], [134.0, 3.0, 2.0, 60.0, 246.27574217918595], [80.0, 2.0, 2.0, 60.0, 246.92391019530396], [22.0, 2.0, 2.0, 60.0, 252.340535869662], [79.0, 1.0, 1.0, 30.0, 259.21978013724924], [107.0, 2.0, 2.0, 60.0, 266.7588257904633], [53.0, 2.0, 2.0, 60.0, 293.3082397692622], [55.0, 3.0, 1.0, 30.0, 303.841540943146], [17.0, 1.0, 1.0, 30.0, 312.06587014562393], [46.0, 3.0, 2.0, 60.0, 317.28332755550696], [84.0, 1.0, 1.0, 30.0, 320.2459485503109], [29.0, 3.0, 1.0, 30.0, 320.46821633167013], [93.0, 2.0, 2.0, 60.0, 325.25123026577114], [10.0, 1.0, 1.0, 30.0, 328.35814570323583], [72.0, 3.0, 1.0, 30.0, 335.8979525787838], [105.0, 1.0, 2.0, 60.0, 346.037960484565], [9.0, 3.0, 1.0, 30.0, 347.69830455805135], [66.0, 2.0, 1.0, 30.0, 347.94705816407], [12.0, 2.0, 2.0, 60.0, 352.5711693396838], [64.0, 1.0, 2.0, 60.0, 365.3382663386541], [134.0, 3.0, 2.0, 60.0, 369.44362432169635], [99.0, 2.0, 2.0, 60.0, 380.09833875091823], [28.0, 1.0, 1.0, 30.0, 383.8634124776174], [86.0, 2.0, 2.0, 60.0, 390.4333827158369], [100.0, 3.0, 3.0, 120.0, 391.8772976892559], [111.0, 1.0, 1.0, 30.0, 392.54938394344936], [19.0, 1.0, 1.0, 30.0, 393.26178810715084], [100.0, 3.0, 3.0, 120.0, 393.85019969752625], [47.0, 2.0, 2.0, 60.0, 394.1235652920939], [100.0, 2.0, 3.0, 120.0, 402.7065312495663], [272.0, 1.0, 1.0, 30.0, 404.9496062434009], [40.0, 2.0, 2.0, 60.0, 406.8802625567264], [81.0, 1.0, 2.0, 60.0, 411.5550592296831], [13.0, 2.0, 2.0, 60.0, 412.491396507024], [60.0, 2.0, 2.0, 60.0, 422.0828587162822], [92.0, 2.0, 2.0, 60.0, 428.54263891348444], [5.0, 1.0, 1.0, 30.0, 430.18884989348794], [32.0, 2.0, 2.0, 60.0, 431.1918089653501], [115.0, 3.0, 1.0, 30.0, 433.84690701169285]]","[100, 106, 111, 112, 113, 114, 115, 116, 117]","[[0, 1, 2, 0], [0], [0, 1, 0]]","[2, 2, 2, 0, 0, 0, 0, 0, 0]",200,10
156,431.528054491679,0.015413602193196615,0.37823673163384314,9.578912569124796,1.8549942019319803,46.36108121483865,323.0006255184519,1174.1026357983105,1612.0579083738603,1,0.0045000000000000005,0.013238251696784034,0.00461831858524373,"[0, 0, 0]","[21.64927141778546, 15.290913489705492, 2.7877014919303043]",6,6000,"[[ 0.          9.61736961 12.25715996 10.11049918  9.52783328]
 [ 9.61736961  0.          2.69986178  1.26879931  0.89811857]
 [12.25715996  2.69986178  0.          2.86906932  3.51446117]
 [10.11049918  1.26879931  2.86906932  0.          1.31122585]
 [ 9.52783328  0.89811857  3.51446117  1.31122585  0.        ]]","[[20.0, 2.0, 2.0, 60.0, 0.0], [45.0, 1.0, 2.0, 60.0, 0.0], [100.0, 2.0, 2.0, 60.0, 0.0], [46.0, 2.0, 1.0, 30.0, 0.0], [29.0, 3.0, 1.0, 30.0, 0.0], [89.0, 2.0, 2.0, 60.0, 0.0], [21.0, 1.0, 2.0, 60.0, 0.0], [110.0, 1.0, 1.0, 30.0, 0.0], [30.0, 2.0, 2.0, 60.0, 0.0], [53.0, 2.0, 2.0, 60.0, 0.0], [35.0, 3.0, 1.0, 30.0, 0.0], [29.0, 3.0, 1.0, 30.0, 0.0], [85.0, 3.0, 2.0, 60.0, 0.0], [21.0, 3.0, 2.0, 60.0, 0.0], [48.0, 2.0, 2.0, 60.0, 0.0], [45.0, 2.0, 2.0, 60.0, 0.0], [88.0, 3.0, 3.0, 120.0, 0.0], [58.0, 2.0, 2.0, 60.0, 0.0], [141.0, 1.0, 2.0, 60.0, 0.0], [445.0, 1.0, 1.0, 30.0, 0.0], [55.0, 2.0, 2.0, 60.0, 0.0], [100.0, 1.0, 3.0, 120.0, 0.0], [25.0, 2.0, 2.0, 60.0, 0.0], [4.0, 1.0, 1.0, 30.0, 0.0], [73.0, 3.0, 2.0, 60.0, 12.021043019829973], [11.0, 1.0, 2.0, 60.0, 23.70199129895224], [24.0, 2.0, 2.0, 60.0, 35.625796298323515], [80.0, 2.0, 2.0, 60.0, 37.02476774758143], [16.0, 2.0, 1.0, 30.0, 37.456954746073315], [45.0, 2.0, 2.0, 60.0, 44.72025732460407], [47.0, 2.0, 2.0, 60.0, 51.770060795891936], [104.0, 2.0, 2.0, 60.0, 67.39154057863942], [79.0, 2.0, 2.0, 60.0, 67.78801156455697], [65.0, 2.0, 2.0, 60.0, 73.02081579727279], [10.0, 3.0, 1.0, 30.0, 73.37299733126183], [92.0, 2.0, 2.0, 60.0, 78.81811547138163], [34.0, 2.0, 2.0, 60.0, 87.47475223580068], [23.0, 1.0, 1.0, 30.0, 89.40922635875023], [55.0, 2.0, 2.0, 60.0, 95.5671546720581], [184.0, 3.0, 2.0, 60.0, 96.33602094118923], [121.0, 3.0, 2.0, 60.0, 96.7939072781402], [61.0, 2.0, 2.0, 60.0, 98.36980328880216], [90.0, 2.0, 2.0, 60.0, 102.87579966565295], [18.0, 1.0, 1.0, 30.0, 104.9407263143454], [13.0, 1.0, 1.0, 30.0, 111.17765606341352], [184.0, 2.0, 2.0, 60.0, 112.29553792447513], [59.0, 3.0, 2.0, 60.0, 121.48538924519744], [87.0, 3.0, 1.0, 30.0, 127.62081856126873], [76.0, 1.0, 1.0, 30.0, 130.89979933108373], [64.0, 2.0, 2.0, 60.0, 132.98523286264282], [79.0, 1.0, 1.0, 30.0, 135.25183130913413], [74.0, 1.0, 1.0, 30.0, 135.6372170444124], [132.0, 1.0, 1.0, 30.0, 136.53537831628518], [13.0, 1.0, 1.0, 30.0, 139.96198057430644], [37.0, 1.0, 1.0, 30.0, 141.90538175510554], [3.0, 1.0, 2.0, 60.0, 148.22641604293108], [105.0, 1.0, 1.0, 30.0, 151.7688691800117], [19.0, 2.0, 2.0, 60.0, 152.9585189515018], [17.0, 2.0, 2.0, 60.0, 155.26396063278915], [45.0, 3.0, 2.0, 60.0, 158.4717443187417], [41.0, 2.0, 2.0, 60.0, 160.19091112593068], [14.0, 3.0, 2.0, 60.0, 161.80046723046223], [40.0, 2.0, 2.0, 60.0, 166.19504064142495], [119.0, 2.0, 2.0, 60.0, 167.67977668606895], [52.0, 2.0, 2.0, 60.0, 174.34828881122837], [52.0, 2.0, 2.0, 60.0, 181.30260874245792], [445.0, 2.0, 1.0, 30.0, 186.72302338228388], [68.0, 2.0, 2.0, 60.0, 187.08816512218607], [55.0, 2.0, 2.0, 60.0, 192.75850263079985], [27.0, 2.0, 2.0, 60.0, 199.5301925701257], [129.0, 1.0, 1.0, 30.0, 205.14039082741283], [45.0, 2.0, 2.0, 60.0, 206.54063642859495], [22.0, 2.0, 1.0, 30.0, 208.1453173837751], [17.0, 1.0, 1.0, 30.0, 208.9739969202831], [24.0, 3.0, 1.0, 30.0, 210.74581448374042], [18.0, 1.0, 1.0, 30.0, 210.85151326578935], [59.0, 2.0, 3.0, 120.0, 211.68829524636791], [58.0, 2.0, 2.0, 60.0, 218.2635794691037], [79.0, 2.0, 2.0, 60.0, 238.24236082502787], [79.0, 1.0, 2.0, 60.0, 241.06005128697106], [91.0, 1.0, 1.0, 30.0, 242.4802497949752], [62.0, 2.0, 2.0, 60.0, 244.4690310645114], [134.0, 3.0, 2.0, 60.0, 246.27574217918595], [80.0, 2.0, 2.0, 60.0, 246.92391019530396], [22.0, 2.0, 2.0, 60.0, 252.340535869662], [79.0, 1.0, 1.0, 30.0, 259.21978013724924], [107.0, 2.0, 2.0, 60.0, 266.7588257904633], [53.0, 2.0, 2.0, 60.0, 293.3082397692622], [55.0, 3.0, 1.0, 30.0, 303.841540943146], [17.0, 1.0, 1.0, 30.0, 312.06587014562393], [46.0, 3.0, 2.0, 60.0, 317.28332755550696], [84.0, 1.0, 1.0, 30.0, 320.2459485503109], [29.0, 3.0, 1.0, 30.0, 320.46821633167013], [93.0, 2.0, 2.0, 60.0, 325.25123026577114], [10.0, 1.0, 1.0, 30.0, 328.35814570323583], [72.0, 3.0, 1.0, 30.0, 335.8979525787838], [105.0, 1.0, 2.0, 60.0, 346.037960484565], [9.0, 3.0, 1.0, 30.0, 347.69830455805135], [66.0, 2.0, 1.0, 30.0, 347.94705816407], [12.0, 2.0, 2.0, 60.0, 352.5711693396838], [64.0, 1.0, 2.0, 60.0, 365.3382663386541], [134.0, 3.0, 2.0, 60.0, 369.44362432169635], [99.0, 2.0, 2.0, 60.0, 380.09833875091823], [28.0, 1.0, 1.0, 30.0, 383.8634124776174], [86.0, 2.0, 2.0, 60.0, 390.4333827158369], [100.0, 3.0, 3.0, 120.0, 391.8772976892559], [111.0, 1.0, 1.0, 30.0, 392.54938394344936], [19.0, 1.0, 1.0, 30.0, 393.26178810715084], [100.0, 3.0, 3.0, 120.0, 393.85019969752625], [47.0, 2.0, 2.0, 60.0, 394.1235652920939], [100.0, 2.0, 3.0, 120.0, 402.7065312495663], [272.0, 1.0, 1.0, 30.0, 404.9496062434009], [40.0, 2.0, 2.0, 60.0, 406.8802625567264], [81.0, 1.0, 2.0, 60.0, 411.5550592296831], [13.0, 2.0, 2.0, 60.0, 412.491396507024], [60.0, 2.0, 2.0, 60.0, 422.0828587162822], [92.0, 2.0, 2.0, 60.0, 428.54263891348444], [5.0, 1.0, 1.0, 30.0, 430.18884989348794], [32.0, 2.0, 2.0, 60.0, 431.1918089653501], [115.0, 3.0, 1.0, 30.0, 433.84690701169285]]","[100, 106, 111, 112, 113, 114, 115, 116, 117, 118]","[[0, 2, 1, 0], [0], [0, 2, 1, 0]]","[2, 2, 2, 0, 0, 0, 0, 0, 0, 2]",200,10
157,434.54346809387215,0.01807066599527995,0.3762657581902732,8.767520203030196,8.896227922344442,44.49952028128081,282.9556741206167,1036.901271504985,1942.0640999642094,1,0.12876839826839828,0.29394598260237004,0.02079116335052404,"[0, 0, 0]","[21.64927141778546, 18.306327091898687, 5.803115094123501]",6,6000,"[[ 0.          9.18682935 11.8266197   9.67995893  9.09729302]
 [ 9.18682935  0.          2.69986178  1.26879931  0.89811857]
 [11.8266197   2.69986178  0.          2.86906932  3.51446117]
 [ 9.67995893  1.26879931  2.86906932  0.          1.31122585]
 [ 9.09729302  0.89811857  3.51446117  1.31122585  0.        ]]","[[20.0, 2.0, 2.0, 60.0, 0.0], [45.0, 1.0, 2.0, 60.0, 0.0], [100.0, 2.0, 2.0, 60.0, 0.0], [46.0, 2.0, 1.0, 30.0, 0.0], [29.0, 3.0, 1.0, 30.0, 0.0], [89.0, 2.0, 2.0, 60.0, 0.0], [21.0, 1.0, 2.0, 60.0, 0.0], [110.0, 1.0, 1.0, 30.0, 0.0], [30.0, 2.0, 2.0, 60.0, 0.0], [53.0, 2.0, 2.0, 60.0, 0.0], [35.0, 3.0, 1.0, 30.0, 0.0], [29.0, 3.0, 1.0, 30.0, 0.0], [85.0, 3.0, 2.0, 60.0, 0.0], [21.0, 3.0, 2.0, 60.0, 0.0], [48.0, 2.0, 2.0, 60.0, 0.0], [45.0, 2.0, 2.0, 60.0, 0.0], [88.0, 3.0, 3.0, 120.0, 0.0], [58.0, 2.0, 2.0, 60.0, 0.0], [141.0, 1.0, 2.0, 60.0, 0.0], [445.0, 1.0, 1.0, 30.0, 0.0], [55.0, 2.0, 2.0, 60.0, 0.0], [100.0, 1.0, 3.0, 120.0, 0.0], [25.0, 2.0, 2.0, 60.0, 0.0], [4.0, 1.0, 1.0, 30.0, 0.0], [73.0, 3.0, 2.0, 60.0, 12.021043019829973], [11.0, 1.0, 2.0, 60.0, 23.70199129895224], [24.0, 2.0, 2.0, 60.0, 35.625796298323515], [80.0, 2.0, 2.0, 60.0, 37.02476774758143], [16.0, 2.0, 1.0, 30.0, 37.456954746073315], [45.0, 2.0, 2.0, 60.0, 44.72025732460407], [47.0, 2.0, 2.0, 60.0, 51.770060795891936], [104.0, 2.0, 2.0, 60.0, 67.39154057863942], [79.0, 2.0, 2.0, 60.0, 67.78801156455697], [65.0, 2.0, 2.0, 60.0, 73.02081579727279], [10.0, 3.0, 1.0, 30.0, 73.37299733126183], [92.0, 2.0, 2.0, 60.0, 78.81811547138163], [34.0, 2.0, 2.0, 60.0, 87.47475223580068], [23.0, 1.0, 1.0, 30.0, 89.40922635875023], [55.0, 2.0, 2.0, 60.0, 95.5671546720581], [184.0, 3.0, 2.0, 60.0, 96.33602094118923], [121.0, 3.0, 2.0, 60.0, 96.7939072781402], [61.0, 2.0, 2.0, 60.0, 98.36980328880216], [90.0, 2.0, 2.0, 60.0, 102.87579966565295], [18.0, 1.0, 1.0, 30.0, 104.9407263143454], [13.0, 1.0, 1.0, 30.0, 111.17765606341352], [184.0, 2.0, 2.0, 60.0, 112.29553792447513], [59.0, 3.0, 2.0, 60.0, 121.48538924519744], [87.0, 3.0, 1.0, 30.0, 127.62081856126873], [76.0, 1.0, 1.0, 30.0, 130.89979933108373], [64.0, 2.0, 2.0, 60.0, 132.98523286264282], [79.0, 1.0, 1.0, 30.0, 135.25183130913413], [74.0, 1.0, 1.0, 30.0, 135.6372170444124], [132.0, 1.0, 1.0, 30.0, 136.53537831628518], [13.0, 1.0, 1.0, 30.0, 139.96198057430644], [37.0, 1.0, 1.0, 30.0, 141.90538175510554], [3.0, 1.0, 2.0, 60.0, 148.22641604293108], [105.0, 1.0, 1.0, 30.0, 151.7688691800117], [19.0, 2.0, 2.0, 60.0, 152.9585189515018], [17.0, 2.0, 2.0, 60.0, 155.26396063278915], [45.0, 3.0, 2.0, 60.0, 158.4717443187417], [41.0, 2.0, 2.0, 60.0, 160.19091112593068], [14.0, 3.0, 2.0, 60.0, 161.80046723046223], [40.0, 2.0, 2.0, 60.0, 166.19504064142495], [119.0, 2.0, 2.0, 60.0, 167.67977668606895], [52.0, 2.0, 2.0, 60.0, 174.34828881122837], [52.0, 2.0, 2.0, 60.0, 181.30260874245792], [445.0, 2.0, 1.0, 30.0, 186.72302338228388], [68.0, 2.0, 2.0, 60.0, 187.08816512218607], [55.0, 2.0, 2.0, 60.0, 192.75850263079985], [27.0, 2.0, 2.0, 60.0, 199.5301925701257], [129.0, 1.0, 1.0, 30.0, 205.14039082741283], [45.0, 2.0, 2.0, 60.0, 206.54063642859495], [22.0, 2.0, 1.0, 30.0, 208.1453173837751], [17.0, 1.0, 1.0, 30.0, 208.9739969202831], [24.0, 3.0, 1.0, 30.0, 210.74581448374042], [18.0, 1.0, 1.0, 30.0, 210.85151326578935], [59.0, 2.0, 3.0, 120.0, 211.68829524636791], [58.0, 2.0, 2.0, 60.0, 218.2635794691037], [79.0, 2.0, 2.0, 60.0, 238.24236082502787], [79.0, 1.0, 2.0, 60.0, 241.06005128697106], [91.0, 1.0, 1.0, 30.0, 242.4802497949752], [62.0, 2.0, 2.0, 60.0, 244.4690310645114], [134.0, 3.0, 2.0, 60.0, 246.27574217918595], [80.0, 2.0, 2.0, 60.0, 246.92391019530396], [22.0, 2.0, 2.0, 60.0, 252.340535869662], [79.0, 1.0, 1.0, 30.0, 259.21978013724924], [107.0, 2.0, 2.0, 60.0, 266.7588257904633], [53.0, 2.0, 2.0, 60.0, 293.3082397692622], [55.0, 3.0, 1.0, 30.0, 303.841540943146], [17.0, 1.0, 1.0, 30.0, 312.06587014562393], [46.0, 3.0, 2.0, 60.0, 317.28332755550696], [84.0, 1.0, 1.0, 30.0, 320.2459485503109], [29.0, 3.0, 1.0, 30.0, 320.46821633167013], [93.0, 2.0, 2.0, 60.0, 325.25123026577114], [10.0, 1.0, 1.0, 30.0, 328.35814570323583], [72.0, 3.0, 1.0, 30.0, 335.8979525787838], [105.0, 1.0, 2.0, 60.0, 346.037960484565], [9.0, 3.0, 1.0, 30.0, 347.69830455805135], [66.0, 2.0, 1.0, 30.0, 347.94705816407], [12.0, 2.0, 2.0, 60.0, 352.5711693396838], [64.0, 1.0, 2.0, 60.0, 365.3382663386541], [134.0, 3.0, 2.0, 60.0, 369.44362432169635], [99.0, 2.0, 2.0, 60.0, 380.09833875091823], [28.0, 1.0, 1.0, 30.0, 383.8634124776174], [86.0, 2.0, 2.0, 60.0, 390.4333827158369], [100.0, 3.0, 3.0, 120.0, 391.8772976892559], [111.0, 1.0, 1.0, 30.0, 392.54938394344936], [19.0, 1.0, 1.0, 30.0, 393.26178810715084], [100.0, 3.0, 3.0, 120.0, 393.85019969752625], [47.0, 2.0, 2.0, 60.0, 394.1235652920939], [100.0, 2.0, 3.0, 120.0, 402.7065312495663], [272.0, 1.0, 1.0, 30.0, 404.9496062434009], [40.0, 2.0, 2.0, 60.0, 406.8802625567264], [81.0, 1.0, 2.0, 60.0, 411.5550592296831], [13.0, 2.0, 2.0, 60.0, 412.491396507024], [60.0, 2.0, 2.0, 60.0, 422.0828587162822], [92.0, 2.0, 2.0, 60.0, 428.54263891348444], [5.0, 1.0, 1.0, 30.0, 430.18884989348794], [32.0, 2.0, 2.0, 60.0, 431.1918089653501], [115.0, 3.0, 1.0, 30.0, 433.84690701169285]]","[100, 106, 111, 112, 113, 114, 115, 116, 117, 118, 119]","[[0, 2, 1, 0], [0], [0, 1, 3, 2, 0]]","[2, 2, 2, 0, 0, 0, 0, 0, 0, 2, 2]",200,10
158,436.5615387598674,0.017096479733784992,0.3466044343436232,1.9497993677036651,4.7683255406961536,40.61078058183437,286.80095706347777,228.45314847273744,737.4314466856757,5,0.10369047619047614,0.29171580447281553,7.976564744284829e-16,"[0, 0, 0]","[21.64927141778546, 20.324397757893966, 7.821185760118781]",6,6000,"[[ 0.          9.07696125 11.71675159  9.57009082  8.98742492]
 [ 9.07696125  0.          2.69986178  1.26879931  0.89811857]
 [11.71675159  2.69986178  0.          2.86906932  3.51446117]
 [ 9.57009082  1.26879931  2.86906932  0.          1.31122585]
 [ 8.98742492  0.89811857  3.51446117  1.31122585  0.        ]]","[[20.0, 2.0, 2.0, 60.0, 0.0], [45.0, 1.0, 2.0, 60.0, 0.0], [100.0, 2.0, 2.0, 60.0, 0.0], [46.0, 2.0, 1.0, 30.0, 0.0], [29.0, 3.0, 1.0, 30.0, 0.0], [89.0, 2.0, 2.0, 60.0, 0.0], [21.0, 1.0, 2.0, 60.0, 0.0], [110.0, 1.0, 1.0, 30.0, 0.0], [30.0, 2.0, 2.0, 60.0, 0.0], [53.0, 2.0, 2.0, 60.0, 0.0], [35.0, 3.0, 1.0, 30.0, 0.0], [29.0, 3.0, 1.0, 30.0, 0.0], [85.0, 3.0, 2.0, 60.0, 0.0], [21.0, 3.0, 2.0, 60.0, 0.0], [48.0, 2.0, 2.0, 60.0, 0.0], [45.0, 2.0, 2.0, 60.0, 0.0], [88.0, 3.0, 3.0, 120.0, 0.0], [58.0, 2.0, 2.0, 60.0, 0.0], [141.0, 1.0, 2.0, 60.0, 0.0], [445.0, 1.0, 1.0, 30.0, 0.0], [55.0, 2.0, 2.0, 60.0, 0.0], [100.0, 1.0, 3.0, 120.0, 0.0], [25.0, 2.0, 2.0, 60.0, 0.0], [4.0, 1.0, 1.0, 30.0, 0.0], [73.0, 3.0, 2.0, 60.0, 12.021043019829973], [11.0, 1.0, 2.0, 60.0, 23.70199129895224], [24.0, 2.0, 2.0, 60.0, 35.625796298323515], [80.0, 2.0, 2.0, 60.0, 37.02476774758143], [16.0, 2.0, 1.0, 30.0, 37.456954746073315], [45.0, 2.0, 2.0, 60.0, 44.72025732460407], [47.0, 2.0, 2.0, 60.0, 51.770060795891936], [104.0, 2.0, 2.0, 60.0, 67.39154057863942], [79.0, 2.0, 2.0, 60.0, 67.78801156455697], [65.0, 2.0, 2.0, 60.0, 73.02081579727279], [10.0, 3.0, 1.0, 30.0, 73.37299733126183], [92.0, 2.0, 2.0, 60.0, 78.81811547138163], [34.0, 2.0, 2.0, 60.0, 87.47475223580068], [23.0, 1.0, 1.0, 30.0, 89.40922635875023], [55.0, 2.0, 2.0, 60.0, 95.5671546720581], [184.0, 3.0, 2.0, 60.0, 96.33602094118923], [121.0, 3.0, 2.0, 60.0, 96.7939072781402], [61.0, 2.0, 2.0, 60.0, 98.36980328880216], [90.0, 2.0, 2.0, 60.0, 102.87579966565295], [18.0, 1.0, 1.0, 30.0, 104.9407263143454], [13.0, 1.0, 1.0, 30.0, 111.17765606341352], [184.0, 2.0, 2.0, 60.0, 112.29553792447513], [59.0, 3.0, 2.0, 60.0, 121.48538924519744], [87.0, 3.0, 1.0, 30.0, 127.62081856126873], [76.0, 1.0, 1.0, 30.0, 130.89979933108373], [64.0, 2.0, 2.0, 60.0, 132.98523286264282], [79.0, 1.0, 1.0, 30.0, 135.25183130913413], [74.0, 1.0, 1.0, 30.0, 135.6372170444124], [132.0, 1.0, 1.0, 30.0, 136.53537831628518], [13.0, 1.0, 1.0, 30.0, 139.96198057430644], [37.0, 1.0, 1.0, 30.0, 141.90538175510554], [3.0, 1.0, 2.0, 60.0, 148.22641604293108], [105.0, 1.0, 1.0, 30.0, 151.7688691800117], [19.0, 2.0, 2.0, 60.0, 152.9585189515018], [17.0, 2.0, 2.0, 60.0, 155.26396063278915], [45.0, 3.0, 2.0, 60.0, 158.4717443187417], [41.0, 2.0, 2.0, 60.0, 160.19091112593068], [14.0, 3.0, 2.0, 60.0, 161.80046723046223], [40.0, 2.0, 2.0, 60.0, 166.19504064142495], [119.0, 2.0, 2.0, 60.0, 167.67977668606895], [52.0, 2.0, 2.0, 60.0, 174.34828881122837], [52.0, 2.0, 2.0, 60.0, 181.30260874245792], [445.0, 2.0, 1.0, 30.0, 186.72302338228388], [68.0, 2.0, 2.0, 60.0, 187.08816512218607], [55.0, 2.0, 2.0, 60.0, 192.75850263079985], [27.0, 2.0, 2.0, 60.0, 199.5301925701257], [129.0, 1.0, 1.0, 30.0, 205.14039082741283], [45.0, 2.0, 2.0, 60.0, 206.54063642859495], [22.0, 2.0, 1.0, 30.0, 208.1453173837751], [17.0, 1.0, 1.0, 30.0, 208.9739969202831], [24.0, 3.0, 1.0, 30.0, 210.74581448374042], [18.0, 1.0, 1.0, 30.0, 210.85151326578935], [59.0, 2.0, 3.0, 120.0, 211.68829524636791], [58.0, 2.0, 2.0, 60.0, 218.2635794691037], [79.0, 2.0, 2.0, 60.0, 238.24236082502787], [79.0, 1.0, 2.0, 60.0, 241.06005128697106], [91.0, 1.0, 1.0, 30.0, 242.4802497949752], [62.0, 2.0, 2.0, 60.0, 244.4690310645114], [134.0, 3.0, 2.0, 60.0, 246.27574217918595], [80.0, 2.0, 2.0, 60.0, 246.92391019530396], [22.0, 2.0, 2.0, 60.0, 252.340535869662], [79.0, 1.0, 1.0, 30.0, 259.21978013724924], [107.0, 2.0, 2.0, 60.0, 266.7588257904633], [53.0, 2.0, 2.0, 60.0, 293.3082397692622], [55.0, 3.0, 1.0, 30.0, 303.841540943146], [17.0, 1.0, 1.0, 30.0, 312.06587014562393], [46.0, 3.0, 2.0, 60.0, 317.28332755550696], [84.0, 1.0, 1.0, 30.0, 320.2459485503109], [29.0, 3.0, 1.0, 30.0, 320.46821633167013], [93.0, 2.0, 2.0, 60.0, 325.25123026577114], [10.0, 1.0, 1.0, 30.0, 328.35814570323583], [72.0, 3.0, 1.0, 30.0, 335.8979525787838], [105.0, 1.0, 2.0, 60.0, 346.037960484565], [9.0, 3.0, 1.0, 30.0, 347.69830455805135], [66.0, 2.0, 1.0, 30.0, 347.94705816407], [12.0, 2.0, 2.0, 60.0, 352.5711693396838], [64.0, 1.0, 2.0, 60.0, 365.3382663386541], [134.0, 3.0, 2.0, 60.0, 369.44362432169635], [99.0, 2.0, 2.0, 60.0, 380.09833875091823], [28.0, 1.0, 1.0, 30.0, 383.8634124776174], [86.0, 2.0, 2.0, 60.0, 390.4333827158369], [100.0, 3.0, 3.0, 120.0, 391.8772976892559], [111.0, 1.0, 1.0, 30.0, 392.54938394344936], [19.0, 1.0, 1.0, 30.0, 393.26178810715084], [100.0, 3.0, 3.0, 120.0, 393.85019969752625], [47.0, 2.0, 2.0, 60.0, 394.1235652920939], [100.0, 2.0, 3.0, 120.0, 402.7065312495663], [272.0, 1.0, 1.0, 30.0, 404.9496062434009], [40.0, 2.0, 2.0, 60.0, 406.8802625567264], [81.0, 1.0, 2.0, 60.0, 411.5550592296831], [13.0, 2.0, 2.0, 60.0, 412.491396507024], [60.0, 2.0, 2.0, 60.0, 422.0828587162822], [92.0, 2.0, 2.0, 60.0, 428.54263891348444], [5.0, 1.0, 1.0, 30.0, 430.18884989348794], [32.0, 2.0, 2.0, 60.0, 431.1918089653501], [115.0, 3.0, 1.0, 30.0, 433.84690701169285]]","[100, 106, 111, 112, 113, 114, 115, 116, 117, 118, 119]","[[0, 1, 2, 0], [0], [0, 1, 2, 3, 0]]","[2, 2, 2, 0, 0, 0, 0, 0, 0, 2, 2]",200,10
159,441.57863523960117,0.016849668820699056,0.30424230315297396,1.1287365069177588,2.4636134116493538,35.62664369093847,322.499238671978,132.17456263041183,570.8992977618093,15,0.08571428571428569,0.4462626036454957,1.0017081306776297e-15,"[1, 0, 0]","[21.64927141778546, 25.34149423762775, 12.838282239852566]",6,6000,"[[ 0.          8.99618619 11.70995727  9.56724456  8.98457865]
 [ 8.99618619  0.          2.7999629   1.23211123  0.86143048]
 [11.70995727  2.7999629   0.          2.86906932  3.51446117]
 [ 9.56724456  1.23211123  2.86906932  0.          1.31122585]
 [ 8.98457865  0.86143048  3.51446117  1.31122585  0.        ]]","[[20.0, 2.0, 2.0, 60.0, 0.0], [45.0, 1.0, 2.0, 60.0, 0.0], [100.0, 2.0, 2.0, 60.0, 0.0], [46.0, 2.0, 1.0, 30.0, 0.0], [29.0, 3.0, 1.0, 30.0, 0.0], [89.0, 2.0, 2.0, 60.0, 0.0], [21.0, 1.0, 2.0, 60.0, 0.0], [110.0, 1.0, 1.0, 30.0, 0.0], [30.0, 2.0, 2.0, 60.0, 0.0], [53.0, 2.0, 2.0, 60.0, 0.0], [35.0, 3.0, 1.0, 30.0, 0.0], [29.0, 3.0, 1.0, 30.0, 0.0], [85.0, 3.0, 2.0, 60.0, 0.0], [21.0, 3.0, 2.0, 60.0, 0.0], [48.0, 2.0, 2.0, 60.0, 0.0], [45.0, 2.0, 2.0, 60.0, 0.0], [88.0, 3.0, 3.0, 120.0, 0.0], [58.0, 2.0, 2.0, 60.0, 0.0], [141.0, 1.0, 2.0, 60.0, 0.0], [445.0, 1.0, 1.0, 30.0, 0.0], [55.0, 2.0, 2.0, 60.0, 0.0], [100.0, 1.0, 3.0, 120.0, 0.0], [25.0, 2.0, 2.0, 60.0, 0.0], [4.0, 1.0, 1.0, 30.0, 0.0], [73.0, 3.0, 2.0, 60.0, 12.021043019829973], [11.0, 1.0, 2.0, 60.0, 23.70199129895224], [24.0, 2.0, 2.0, 60.0, 35.625796298323515], [80.0, 2.0, 2.0, 60.0, 37.02476774758143], [16.0, 2.0, 1.0, 30.0, 37.456954746073315], [45.0, 2.0, 2.0, 60.0, 44.72025732460407], [47.0, 2.0, 2.0, 60.0, 51.770060795891936], [104.0, 2.0, 2.0, 60.0, 67.39154057863942], [79.0, 2.0, 2.0, 60.0, 67.78801156455697], [65.0, 2.0, 2.0, 60.0, 73.02081579727279], [10.0, 3.0, 1.0, 30.0, 73.37299733126183], [92.0, 2.0, 2.0, 60.0, 78.81811547138163], [34.0, 2.0, 2.0, 60.0, 87.47475223580068], [23.0, 1.0, 1.0, 30.0, 89.40922635875023], [55.0, 2.0, 2.0, 60.0, 95.5671546720581], [184.0, 3.0, 2.0, 60.0, 96.33602094118923], [121.0, 3.0, 2.0, 60.0, 96.7939072781402], [61.0, 2.0, 2.0, 60.0, 98.36980328880216], [90.0, 2.0, 2.0, 60.0, 102.87579966565295], [18.0, 1.0, 1.0, 30.0, 104.9407263143454], [13.0, 1.0, 1.0, 30.0, 111.17765606341352], [184.0, 2.0, 2.0, 60.0, 112.29553792447513], [59.0, 3.0, 2.0, 60.0, 121.48538924519744], [87.0, 3.0, 1.0, 30.0, 127.62081856126873], [76.0, 1.0, 1.0, 30.0, 130.89979933108373], [64.0, 2.0, 2.0, 60.0, 132.98523286264282], [79.0, 1.0, 1.0, 30.0, 135.25183130913413], [74.0, 1.0, 1.0, 30.0, 135.6372170444124], [132.0, 1.0, 1.0, 30.0, 136.53537831628518], [13.0, 1.0, 1.0, 30.0, 139.96198057430644], [37.0, 1.0, 1.0, 30.0, 141.90538175510554], [3.0, 1.0, 2.0, 60.0, 148.22641604293108], [105.0, 1.0, 1.0, 30.0, 151.7688691800117], [19.0, 2.0, 2.0, 60.0, 152.9585189515018], [17.0, 2.0, 2.0, 60.0, 155.26396063278915], [45.0, 3.0, 2.0, 60.0, 158.4717443187417], [41.0, 2.0, 2.0, 60.0, 160.19091112593068], [14.0, 3.0, 2.0, 60.0, 161.80046723046223], [40.0, 2.0, 2.0, 60.0, 166.19504064142495], [119.0, 2.0, 2.0, 60.0, 167.67977668606895], [52.0, 2.0, 2.0, 60.0, 174.34828881122837], [52.0, 2.0, 2.0, 60.0, 181.30260874245792], [445.0, 2.0, 1.0, 30.0, 186.72302338228388], [68.0, 2.0, 2.0, 60.0, 187.08816512218607], [55.0, 2.0, 2.0, 60.0, 192.75850263079985], [27.0, 2.0, 2.0, 60.0, 199.5301925701257], [129.0, 1.0, 1.0, 30.0, 205.14039082741283], [45.0, 2.0, 2.0, 60.0, 206.54063642859495], [22.0, 2.0, 1.0, 30.0, 208.1453173837751], [17.0, 1.0, 1.0, 30.0, 208.9739969202831], [24.0, 3.0, 1.0, 30.0, 210.74581448374042], [18.0, 1.0, 1.0, 30.0, 210.85151326578935], [59.0, 2.0, 3.0, 120.0, 211.68829524636791], [58.0, 2.0, 2.0, 60.0, 218.2635794691037], [79.0, 2.0, 2.0, 60.0, 238.24236082502787], [79.0, 1.0, 2.0, 60.0, 241.06005128697106], [91.0, 1.0, 1.0, 30.0, 242.4802497949752], [62.0, 2.0, 2.0, 60.0, 244.4690310645114], [134.0, 3.0, 2.0, 60.0, 246.27574217918595], [80.0, 2.0, 2.0, 60.0, 246.92391019530396], [22.0, 2.0, 2.0, 60.0, 252.340535869662], [79.0, 1.0, 1.0, 30.0, 259.21978013724924], [107.0, 2.0, 2.0, 60.0, 266.7588257904633], [53.0, 2.0, 2.0, 60.0, 293.3082397692622], [55.0, 3.0, 1.0, 30.0, 303.841540943146], [17.0, 1.0, 1.0, 30.0, 312.06587014562393], [46.0, 3.0, 2.0, 60.0, 317.28332755550696], [84.0, 1.0, 1.0, 30.0, 320.2459485503109], [29.0, 3.0, 1.0, 30.0, 320.46821633167013], [93.0, 2.0, 2.0, 60.0, 325.25123026577114], [10.0, 1.0, 1.0, 30.0, 328.35814570323583], [72.0, 3.0, 1.0, 30.0, 335.8979525787838], [105.0, 1.0, 2.0, 60.0, 346.037960484565], [9.0, 3.0, 1.0, 30.0, 347.69830455805135], [66.0, 2.0, 1.0, 30.0, 347.94705816407], [12.0, 2.0, 2.0, 60.0, 352.5711693396838], [64.0, 1.0, 2.0, 60.0, 365.3382663386541], [134.0, 3.0, 2.0, 60.0, 369.44362432169635], [99.0, 2.0, 2.0, 60.0, 380.09833875091823], [28.0, 1.0, 1.0, 30.0, 383.8634124776174], [86.0, 2.0, 2.0, 60.0, 390.4333827158369], [100.0, 3.0, 3.0, 120.0, 391.8772976892559], [111.0, 1.0, 1.0, 30.0, 392.54938394344936], [19.0, 1.0, 1.0, 30.0, 393.26178810715084], [100.0, 3.0, 3.0, 120.0, 393.85019969752625], [47.0, 2.0, 2.0, 60.0, 394.1235652920939], [100.0, 2.0, 3.0, 120.0, 402.7065312495663], [272.0, 1.0, 1.0, 30.0, 404.9496062434009], [40.0, 2.0, 2.0, 60.0, 406.8802625567264], [81.0, 1.0, 2.0, 60.0, 411.5550592296831], [13.0, 2.0, 2.0, 60.0, 412.491396507024], [60.0, 2.0, 2.0, 60.0, 422.0828587162822], [92.0, 2.0, 2.0, 60.0, 428.54263891348444], [5.0, 1.0, 1.0, 30.0, 430.18884989348794], [32.0, 2.0, 2.0, 60.0, 431.1918089653501], [115.0, 3.0, 1.0, 30.0, 433.84690701169285]]","[100, 106, 111, 112, 114, 115, 116, 118, 119]","[[1, 2, 0], [0], [0, 3, 2, 1, 0]]","[2, 2, 2, 0, 0, 0, 0, 2, 2]",200,10
160,445.5954849084219,0.015504856904347738,0.26987364998910995,1.4422889413999262,5.97225147423147,29.821529767660486,270.6979382048924,159.37555445394923,540.130286482402,21,0.16388095238095235,0.44900975741202326,2.040516562491468e-16,"[2, 0, 0]","[18.84930852187367, 29.35834390644845, 16.855131908673265]",6,6000,"[[ 0.          8.87613082 11.0501821   9.56724456  8.98457865]
 [ 8.87613082  0.          2.17405128  1.29820015  0.92751941]
 [11.0501821   2.17405128  0.          2.69286232  3.10157069]
 [ 9.56724456  1.29820015  2.69286232  0.          1.31122585]
 [ 8.98457865  0.92751941  3.10157069  1.31122585  0.        ]]","[[20.0, 2.0, 2.0, 60.0, 0.0], [45.0, 1.0, 2.0, 60.0, 0.0], [100.0, 2.0, 2.0, 60.0, 0.0], [46.0, 2.0, 1.0, 30.0, 0.0], [29.0, 3.0, 1.0, 30.0, 0.0], [89.0, 2.0, 2.0, 60.0, 0.0], [21.0, 1.0, 2.0, 60.0, 0.0], [110.0, 1.0, 1.0, 30.0, 0.0], [30.0, 2.0, 2.0, 60.0, 0.0], [53.0, 2.0, 2.0, 60.0, 0.0], [35.0, 3.0, 1.0, 30.0, 0.0], [29.0, 3.0, 1.0, 30.0, 0.0], [85.0, 3.0, 2.0, 60.0, 0.0], [21.0, 3.0, 2.0, 60.0, 0.0], [48.0, 2.0, 2.0, 60.0, 0.0], [45.0, 2.0, 2.0, 60.0, 0.0], [88.0, 3.0, 3.0, 120.0, 0.0], [58.0, 2.0, 2.0, 60.0, 0.0], [141.0, 1.0, 2.0, 60.0, 0.0], [445.0, 1.0, 1.0, 30.0, 0.0], [55.0, 2.0, 2.0, 60.0, 0.0], [100.0, 1.0, 3.0, 120.0, 0.0], [25.0, 2.0, 2.0, 60.0, 0.0], [4.0, 1.0, 1.0, 30.0, 0.0], [73.0, 3.0, 2.0, 60.0, 12.021043019829973], [11.0, 1.0, 2.0, 60.0, 23.70199129895224], [24.0, 2.0, 2.0, 60.0, 35.625796298323515], [80.0, 2.0, 2.0, 60.0, 37.02476774758143], [16.0, 2.0, 1.0, 30.0, 37.456954746073315], [45.0, 2.0, 2.0, 60.0, 44.72025732460407], [47.0, 2.0, 2.0, 60.0, 51.770060795891936], [104.0, 2.0, 2.0, 60.0, 67.39154057863942], [79.0, 2.0, 2.0, 60.0, 67.78801156455697], [65.0, 2.0, 2.0, 60.0, 73.02081579727279], [10.0, 3.0, 1.0, 30.0, 73.37299733126183], [92.0, 2.0, 2.0, 60.0, 78.81811547138163], [34.0, 2.0, 2.0, 60.0, 87.47475223580068], [23.0, 1.0, 1.0, 30.0, 89.40922635875023], [55.0, 2.0, 2.0, 60.0, 95.5671546720581], [184.0, 3.0, 2.0, 60.0, 96.33602094118923], [121.0, 3.0, 2.0, 60.0, 96.7939072781402], [61.0, 2.0, 2.0, 60.0, 98.36980328880216], [90.0, 2.0, 2.0, 60.0, 102.87579966565295], [18.0, 1.0, 1.0, 30.0, 104.9407263143454], [13.0, 1.0, 1.0, 30.0, 111.17765606341352], [184.0, 2.0, 2.0, 60.0, 112.29553792447513], [59.0, 3.0, 2.0, 60.0, 121.48538924519744], [87.0, 3.0, 1.0, 30.0, 127.62081856126873], [76.0, 1.0, 1.0, 30.0, 130.89979933108373], [64.0, 2.0, 2.0, 60.0, 132.98523286264282], [79.0, 1.0, 1.0, 30.0, 135.25183130913413], [74.0, 1.0, 1.0, 30.0, 135.6372170444124], [132.0, 1.0, 1.0, 30.0, 136.53537831628518], [13.0, 1.0, 1.0, 30.0, 139.96198057430644], [37.0, 1.0, 1.0, 30.0, 141.90538175510554], [3.0, 1.0, 2.0, 60.0, 148.22641604293108], [105.0, 1.0, 1.0, 30.0, 151.7688691800117], [19.0, 2.0, 2.0, 60.0, 152.9585189515018], [17.0, 2.0, 2.0, 60.0, 155.26396063278915], [45.0, 3.0, 2.0, 60.0, 158.4717443187417], [41.0, 2.0, 2.0, 60.0, 160.19091112593068], [14.0, 3.0, 2.0, 60.0, 161.80046723046223], [40.0, 2.0, 2.0, 60.0, 166.19504064142495], [119.0, 2.0, 2.0, 60.0, 167.67977668606895], [52.0, 2.0, 2.0, 60.0, 174.34828881122837], [52.0, 2.0, 2.0, 60.0, 181.30260874245792], [445.0, 2.0, 1.0, 30.0, 186.72302338228388], [68.0, 2.0, 2.0, 60.0, 187.08816512218607], [55.0, 2.0, 2.0, 60.0, 192.75850263079985], [27.0, 2.0, 2.0, 60.0, 199.5301925701257], [129.0, 1.0, 1.0, 30.0, 205.14039082741283], [45.0, 2.0, 2.0, 60.0, 206.54063642859495], [22.0, 2.0, 1.0, 30.0, 208.1453173837751], [17.0, 1.0, 1.0, 30.0, 208.9739969202831], [24.0, 3.0, 1.0, 30.0, 210.74581448374042], [18.0, 1.0, 1.0, 30.0, 210.85151326578935], [59.0, 2.0, 3.0, 120.0, 211.68829524636791], [58.0, 2.0, 2.0, 60.0, 218.2635794691037], [79.0, 2.0, 2.0, 60.0, 238.24236082502787], [79.0, 1.0, 2.0, 60.0, 241.06005128697106], [91.0, 1.0, 1.0, 30.0, 242.4802497949752], [62.0, 2.0, 2.0, 60.0, 244.4690310645114], [134.0, 3.0, 2.0, 60.0, 246.27574217918595], [80.0, 2.0, 2.0, 60.0, 246.92391019530396], [22.0, 2.0, 2.0, 60.0, 252.340535869662], [79.0, 1.0, 1.0, 30.0, 259.21978013724924], [107.0, 2.0, 2.0, 60.0, 266.7588257904633], [53.0, 2.0, 2.0, 60.0, 293.3082397692622], [55.0, 3.0, 1.0, 30.0, 303.841540943146], [17.0, 1.0, 1.0, 30.0, 312.06587014562393], [46.0, 3.0, 2.0, 60.0, 317.28332755550696], [84.0, 1.0, 1.0, 30.0, 320.2459485503109], [29.0, 3.0, 1.0, 30.0, 320.46821633167013], [93.0, 2.0, 2.0, 60.0, 325.25123026577114], [10.0, 1.0, 1.0, 30.0, 328.35814570323583], [72.0, 3.0, 1.0, 30.0, 335.8979525787838], [105.0, 1.0, 2.0, 60.0, 346.037960484565], [9.0, 3.0, 1.0, 30.0, 347.69830455805135], [66.0, 2.0, 1.0, 30.0, 347.94705816407], [12.0, 2.0, 2.0, 60.0, 352.5711693396838], [64.0, 1.0, 2.0, 60.0, 365.3382663386541], [134.0, 3.0, 2.0, 60.0, 369.44362432169635], [99.0, 2.0, 2.0, 60.0, 380.09833875091823], [28.0, 1.0, 1.0, 30.0, 383.8634124776174], [86.0, 2.0, 2.0, 60.0, 390.4333827158369], [100.0, 3.0, 3.0, 120.0, 391.8772976892559], [111.0, 1.0, 1.0, 30.0, 392.54938394344936], [19.0, 1.0, 1.0, 30.0, 393.26178810715084], [100.0, 3.0, 3.0, 120.0, 393.85019969752625], [47.0, 2.0, 2.0, 60.0, 394.1235652920939], [100.0, 2.0, 3.0, 120.0, 402.7065312495663], [272.0, 1.0, 1.0, 30.0, 404.9496062434009], [40.0, 2.0, 2.0, 60.0, 406.8802625567264], [81.0, 1.0, 2.0, 60.0, 411.5550592296831], [13.0, 2.0, 2.0, 60.0, 412.491396507024], [60.0, 2.0, 2.0, 60.0, 422.0828587162822], [92.0, 2.0, 2.0, 60.0, 428.54263891348444], [5.0, 1.0, 1.0, 30.0, 430.18884989348794], [32.0, 2.0, 2.0, 60.0, 431.1918089653501], [115.0, 3.0, 1.0, 30.0, 433.84690701169285]]","[100, 106, 111, 118, 119]","[[2, 0], [0], [0, 1, 2, 3, 0]]","[2, 2, 2, 2, 2]",200,10
161,446.6109897653262,0.015717669328053793,0.2618566732541968,2.7411796522222347,9.14771707044336,28.935639239420688,272.1236958202021,302.9053432987965,686.9342034342949,19,0.16395238095238096,0.4591670153233963,2.040516562491468e-16,"[2, 0, 0]","[7.799126420411058, 30.373848763352797, 17.87063676557761]",6,6000,"[[ 0.          8.87613082 11.0501821   9.56724456  8.98457865]
 [ 8.87613082  0.          2.17405128  1.29820015  0.92751941]
 [11.0501821   2.17405128  0.          2.69286232  3.10157069]
 [ 9.56724456  1.29820015  2.69286232  0.          1.31122585]
 [ 8.98457865  0.92751941  3.10157069  1.31122585  0.        ]]","[[20.0, 2.0, 2.0, 60.0, 0.0], [45.0, 1.0, 2.0, 60.0, 0.0], [100.0, 2.0, 2.0, 60.0, 0.0], [46.0, 2.0, 1.0, 30.0, 0.0], [29.0, 3.0, 1.0, 30.0, 0.0], [89.0, 2.0, 2.0, 60.0, 0.0], [21.0, 1.0, 2.0, 60.0, 0.0], [110.0, 1.0, 1.0, 30.0, 0.0], [30.0, 2.0, 2.0, 60.0, 0.0], [53.0, 2.0, 2.0, 60.0, 0.0], [35.0, 3.0, 1.0, 30.0, 0.0], [29.0, 3.0, 1.0, 30.0, 0.0], [85.0, 3.0, 2.0, 60.0, 0.0], [21.0, 3.0, 2.0, 60.0, 0.0], [48.0, 2.0, 2.0, 60.0, 0.0], [45.0, 2.0, 2.0, 60.0, 0.0], [88.0, 3.0, 3.0, 120.0, 0.0], [58.0, 2.0, 2.0, 60.0, 0.0], [141.0, 1.0, 2.0, 60.0, 0.0], [445.0, 1.0, 1.0, 30.0, 0.0], [55.0, 2.0, 2.0, 60.0, 0.0], [100.0, 1.0, 3.0, 120.0, 0.0], [25.0, 2.0, 2.0, 60.0, 0.0], [4.0, 1.0, 1.0, 30.0, 0.0], [73.0, 3.0, 2.0, 60.0, 12.021043019829973], [11.0, 1.0, 2.0, 60.0, 23.70199129895224], [24.0, 2.0, 2.0, 60.0, 35.625796298323515], [80.0, 2.0, 2.0, 60.0, 37.02476774758143], [16.0, 2.0, 1.0, 30.0, 37.456954746073315], [45.0, 2.0, 2.0, 60.0, 44.72025732460407], [47.0, 2.0, 2.0, 60.0, 51.770060795891936], [104.0, 2.0, 2.0, 60.0, 67.39154057863942], [79.0, 2.0, 2.0, 60.0, 67.78801156455697], [65.0, 2.0, 2.0, 60.0, 73.02081579727279], [10.0, 3.0, 1.0, 30.0, 73.37299733126183], [92.0, 2.0, 2.0, 60.0, 78.81811547138163], [34.0, 2.0, 2.0, 60.0, 87.47475223580068], [23.0, 1.0, 1.0, 30.0, 89.40922635875023], [55.0, 2.0, 2.0, 60.0, 95.5671546720581], [184.0, 3.0, 2.0, 60.0, 96.33602094118923], [121.0, 3.0, 2.0, 60.0, 96.7939072781402], [61.0, 2.0, 2.0, 60.0, 98.36980328880216], [90.0, 2.0, 2.0, 60.0, 102.87579966565295], [18.0, 1.0, 1.0, 30.0, 104.9407263143454], [13.0, 1.0, 1.0, 30.0, 111.17765606341352], [184.0, 2.0, 2.0, 60.0, 112.29553792447513], [59.0, 3.0, 2.0, 60.0, 121.48538924519744], [87.0, 3.0, 1.0, 30.0, 127.62081856126873], [76.0, 1.0, 1.0, 30.0, 130.89979933108373], [64.0, 2.0, 2.0, 60.0, 132.98523286264282], [79.0, 1.0, 1.0, 30.0, 135.25183130913413], [74.0, 1.0, 1.0, 30.0, 135.6372170444124], [132.0, 1.0, 1.0, 30.0, 136.53537831628518], [13.0, 1.0, 1.0, 30.0, 139.96198057430644], [37.0, 1.0, 1.0, 30.0, 141.90538175510554], [3.0, 1.0, 2.0, 60.0, 148.22641604293108], [105.0, 1.0, 1.0, 30.0, 151.7688691800117], [19.0, 2.0, 2.0, 60.0, 152.9585189515018], [17.0, 2.0, 2.0, 60.0, 155.26396063278915], [45.0, 3.0, 2.0, 60.0, 158.4717443187417], [41.0, 2.0, 2.0, 60.0, 160.19091112593068], [14.0, 3.0, 2.0, 60.0, 161.80046723046223], [40.0, 2.0, 2.0, 60.0, 166.19504064142495], [119.0, 2.0, 2.0, 60.0, 167.67977668606895], [52.0, 2.0, 2.0, 60.0, 174.34828881122837], [52.0, 2.0, 2.0, 60.0, 181.30260874245792], [445.0, 2.0, 1.0, 30.0, 186.72302338228388], [68.0, 2.0, 2.0, 60.0, 187.08816512218607], [55.0, 2.0, 2.0, 60.0, 192.75850263079985], [27.0, 2.0, 2.0, 60.0, 199.5301925701257], [129.0, 1.0, 1.0, 30.0, 205.14039082741283], [45.0, 2.0, 2.0, 60.0, 206.54063642859495], [22.0, 2.0, 1.0, 30.0, 208.1453173837751], [17.0, 1.0, 1.0, 30.0, 208.9739969202831], [24.0, 3.0, 1.0, 30.0, 210.74581448374042], [18.0, 1.0, 1.0, 30.0, 210.85151326578935], [59.0, 2.0, 3.0, 120.0, 211.68829524636791], [58.0, 2.0, 2.0, 60.0, 218.2635794691037], [79.0, 2.0, 2.0, 60.0, 238.24236082502787], [79.0, 1.0, 2.0, 60.0, 241.06005128697106], [91.0, 1.0, 1.0, 30.0, 242.4802497949752], [62.0, 2.0, 2.0, 60.0, 244.4690310645114], [134.0, 3.0, 2.0, 60.0, 246.27574217918595], [80.0, 2.0, 2.0, 60.0, 246.92391019530396], [22.0, 2.0, 2.0, 60.0, 252.340535869662], [79.0, 1.0, 1.0, 30.0, 259.21978013724924], [107.0, 2.0, 2.0, 60.0, 266.7588257904633], [53.0, 2.0, 2.0, 60.0, 293.3082397692622], [55.0, 3.0, 1.0, 30.0, 303.841540943146], [17.0, 1.0, 1.0, 30.0, 312.06587014562393], [46.0, 3.0, 2.0, 60.0, 317.28332755550696], [84.0, 1.0, 1.0, 30.0, 320.2459485503109], [29.0, 3.0, 1.0, 30.0, 320.46821633167013], [93.0, 2.0, 2.0, 60.0, 325.25123026577114], [10.0, 1.0, 1.0, 30.0, 328.35814570323583], [72.0, 3.0, 1.0, 30.0, 335.8979525787838], [105.0, 1.0, 2.0, 60.0, 346.037960484565], [9.0, 3.0, 1.0, 30.0, 347.69830455805135], [66.0, 2.0, 1.0, 30.0, 347.94705816407], [12.0, 2.0, 2.0, 60.0, 352.5711693396838], [64.0, 1.0, 2.0, 60.0, 365.3382663386541], [134.0, 3.0, 2.0, 60.0, 369.44362432169635], [99.0, 2.0, 2.0, 60.0, 380.09833875091823], [28.0, 1.0, 1.0, 30.0, 383.8634124776174], [86.0, 2.0, 2.0, 60.0, 390.4333827158369], [100.0, 3.0, 3.0, 120.0, 391.8772976892559], [111.0, 1.0, 1.0, 30.0, 392.54938394344936], [19.0, 1.0, 1.0, 30.0, 393.26178810715084], [100.0, 3.0, 3.0, 120.0, 393.85019969752625], [47.0, 2.0, 2.0, 60.0, 394.1235652920939], [100.0, 2.0, 3.0, 120.0, 402.7065312495663], [272.0, 1.0, 1.0, 30.0, 404.9496062434009], [40.0, 2.0, 2.0, 60.0, 406.8802625567264], [81.0, 1.0, 2.0, 60.0, 411.5550592296831], [13.0, 2.0, 2.0, 60.0, 412.491396507024], [60.0, 2.0, 2.0, 60.0, 422.0828587162822], [92.0, 2.0, 2.0, 60.0, 428.54263891348444], [5.0, 1.0, 1.0, 30.0, 430.18884989348794], [32.0, 2.0, 2.0, 60.0, 431.1918089653501], [115.0, 3.0, 1.0, 30.0, 433.84690701169285]]","[100, 106, 111, 118, 119]","[[2, 0], [0], [0, 1, 2, 3, 0]]","[2, 2, 2, 2, 2]",200,10
162,451.6267074346543,0.015726574261983237,0.20803075289944734,0.7610485580998037,2.0544030749604607,22.659269809032736,264.38587807065335,82.89545836568756,477.2520687069428,26,0.19404761904761905,0.4568936540049601,2.040516562491468e-16,"[2, 0, 0]","[7.799126420411058, 35.38956643268085, 22.886354434905666]",6,6000,"[[ 0.          8.9912806  10.89226929  9.56724456  8.98457865]
 [ 8.9912806   0.          1.90098869  1.10594264  0.73526189]
 [10.89226929  1.90098869  0.          2.19975596  2.63625058]
 [ 9.56724456  1.10594264  2.19975596  0.          1.31122585]
 [ 8.98457865  0.73526189  2.63625058  1.31122585  0.        ]]","[[20.0, 2.0, 2.0, 60.0, 0.0], [45.0, 1.0, 2.0, 60.0, 0.0], [100.0, 2.0, 2.0, 60.0, 0.0], [46.0, 2.0, 1.0, 30.0, 0.0], [29.0, 3.0, 1.0, 30.0, 0.0], [89.0, 2.0, 2.0, 60.0, 0.0], [21.0, 1.0, 2.0, 60.0, 0.0], [110.0, 1.0, 1.0, 30.0, 0.0], [30.0, 2.0, 2.0, 60.0, 0.0], [53.0, 2.0, 2.0, 60.0, 0.0], [35.0, 3.0, 1.0, 30.0, 0.0], [29.0, 3.0, 1.0, 30.0, 0.0], [85.0, 3.0, 2.0, 60.0, 0.0], [21.0, 3.0, 2.0, 60.0, 0.0], [48.0, 2.0, 2.0, 60.0, 0.0], [45.0, 2.0, 2.0, 60.0, 0.0], [88.0, 3.0, 3.0, 120.0, 0.0], [58.0, 2.0, 2.0, 60.0, 0.0], [141.0, 1.0, 2.0, 60.0, 0.0], [445.0, 1.0, 1.0, 30.0, 0.0], [55.0, 2.0, 2.0, 60.0, 0.0], [100.0, 1.0, 3.0, 120.0, 0.0], [25.0, 2.0, 2.0, 60.0, 0.0], [4.0, 1.0, 1.0, 30.0, 0.0], [73.0, 3.0, 2.0, 60.0, 12.021043019829973], [11.0, 1.0, 2.0, 60.0, 23.70199129895224], [24.0, 2.0, 2.0, 60.0, 35.625796298323515], [80.0, 2.0, 2.0, 60.0, 37.02476774758143], [16.0, 2.0, 1.0, 30.0, 37.456954746073315], [45.0, 2.0, 2.0, 60.0, 44.72025732460407], [47.0, 2.0, 2.0, 60.0, 51.770060795891936], [104.0, 2.0, 2.0, 60.0, 67.39154057863942], [79.0, 2.0, 2.0, 60.0, 67.78801156455697], [65.0, 2.0, 2.0, 60.0, 73.02081579727279], [10.0, 3.0, 1.0, 30.0, 73.37299733126183], [92.0, 2.0, 2.0, 60.0, 78.81811547138163], [34.0, 2.0, 2.0, 60.0, 87.47475223580068], [23.0, 1.0, 1.0, 30.0, 89.40922635875023], [55.0, 2.0, 2.0, 60.0, 95.5671546720581], [184.0, 3.0, 2.0, 60.0, 96.33602094118923], [121.0, 3.0, 2.0, 60.0, 96.7939072781402], [61.0, 2.0, 2.0, 60.0, 98.36980328880216], [90.0, 2.0, 2.0, 60.0, 102.87579966565295], [18.0, 1.0, 1.0, 30.0, 104.9407263143454], [13.0, 1.0, 1.0, 30.0, 111.17765606341352], [184.0, 2.0, 2.0, 60.0, 112.29553792447513], [59.0, 3.0, 2.0, 60.0, 121.48538924519744], [87.0, 3.0, 1.0, 30.0, 127.62081856126873], [76.0, 1.0, 1.0, 30.0, 130.89979933108373], [64.0, 2.0, 2.0, 60.0, 132.98523286264282], [79.0, 1.0, 1.0, 30.0, 135.25183130913413], [74.0, 1.0, 1.0, 30.0, 135.6372170444124], [132.0, 1.0, 1.0, 30.0, 136.53537831628518], [13.0, 1.0, 1.0, 30.0, 139.96198057430644], [37.0, 1.0, 1.0, 30.0, 141.90538175510554], [3.0, 1.0, 2.0, 60.0, 148.22641604293108], [105.0, 1.0, 1.0, 30.0, 151.7688691800117], [19.0, 2.0, 2.0, 60.0, 152.9585189515018], [17.0, 2.0, 2.0, 60.0, 155.26396063278915], [45.0, 3.0, 2.0, 60.0, 158.4717443187417], [41.0, 2.0, 2.0, 60.0, 160.19091112593068], [14.0, 3.0, 2.0, 60.0, 161.80046723046223], [40.0, 2.0, 2.0, 60.0, 166.19504064142495], [119.0, 2.0, 2.0, 60.0, 167.67977668606895], [52.0, 2.0, 2.0, 60.0, 174.34828881122837], [52.0, 2.0, 2.0, 60.0, 181.30260874245792], [445.0, 2.0, 1.0, 30.0, 186.72302338228388], [68.0, 2.0, 2.0, 60.0, 187.08816512218607], [55.0, 2.0, 2.0, 60.0, 192.75850263079985], [27.0, 2.0, 2.0, 60.0, 199.5301925701257], [129.0, 1.0, 1.0, 30.0, 205.14039082741283], [45.0, 2.0, 2.0, 60.0, 206.54063642859495], [22.0, 2.0, 1.0, 30.0, 208.1453173837751], [17.0, 1.0, 1.0, 30.0, 208.9739969202831], [24.0, 3.0, 1.0, 30.0, 210.74581448374042], [18.0, 1.0, 1.0, 30.0, 210.85151326578935], [59.0, 2.0, 3.0, 120.0, 211.68829524636791], [58.0, 2.0, 2.0, 60.0, 218.2635794691037], [79.0, 2.0, 2.0, 60.0, 238.24236082502787], [79.0, 1.0, 2.0, 60.0, 241.06005128697106], [91.0, 1.0, 1.0, 30.0, 242.4802497949752], [62.0, 2.0, 2.0, 60.0, 244.4690310645114], [134.0, 3.0, 2.0, 60.0, 246.27574217918595], [80.0, 2.0, 2.0, 60.0, 246.92391019530396], [22.0, 2.0, 2.0, 60.0, 252.340535869662], [79.0, 1.0, 1.0, 30.0, 259.21978013724924], [107.0, 2.0, 2.0, 60.0, 266.7588257904633], [53.0, 2.0, 2.0, 60.0, 293.3082397692622], [55.0, 3.0, 1.0, 30.0, 303.841540943146], [17.0, 1.0, 1.0, 30.0, 312.06587014562393], [46.0, 3.0, 2.0, 60.0, 317.28332755550696], [84.0, 1.0, 1.0, 30.0, 320.2459485503109], [29.0, 3.0, 1.0, 30.0, 320.46821633167013], [93.0, 2.0, 2.0, 60.0, 325.25123026577114], [10.0, 1.0, 1.0, 30.0, 328.35814570323583], [72.0, 3.0, 1.0, 30.0, 335.8979525787838], [105.0, 1.0, 2.0, 60.0, 346.037960484565], [9.0, 3.0, 1.0, 30.0, 347.69830455805135], [66.0, 2.0, 1.0, 30.0, 347.94705816407], [12.0, 2.0, 2.0, 60.0, 352.5711693396838], [64.0, 1.0, 2.0, 60.0, 365.3382663386541], [134.0, 3.0, 2.0, 60.0, 369.44362432169635], [99.0, 2.0, 2.0, 60.0, 380.09833875091823], [28.0, 1.0, 1.0, 30.0, 383.8634124776174], [86.0, 2.0, 2.0, 60.0, 390.4333827158369], [100.0, 3.0, 3.0, 120.0, 391.8772976892559], [111.0, 1.0, 1.0, 30.0, 392.54938394344936], [19.0, 1.0, 1.0, 30.0, 393.26178810715084], [100.0, 3.0, 3.0, 120.0, 393.85019969752625], [47.0, 2.0, 2.0, 60.0, 394.1235652920939], [100.0, 2.0, 3.0, 120.0, 402.7065312495663], [272.0, 1.0, 1.0, 30.0, 404.9496062434009], [40.0, 2.0, 2.0, 60.0, 406.8802625567264], [81.0, 1.0, 2.0, 60.0, 411.5550592296831], [13.0, 2.0, 2.0, 60.0, 412.491396507024], [60.0, 2.0, 2.0, 60.0, 422.0828587162822], [92.0, 2.0, 2.0, 60.0, 428.54263891348444], [5.0, 1.0, 1.0, 30.0, 430.18884989348794], [32.0, 2.0, 2.0, 60.0, 431.1918089653501], [115.0, 3.0, 1.0, 30.0, 433.84690701169285]]","[100, 106, 111, 118, 119]","[[2, 0], [0], [0, 1, 2, 3, 0]]","[2, 2, 2, 2, 2]",200,10
163,456.64243400891627,0.014683632055918376,0.27744446180563614,1.1626618885907072,4.875422356290586,27.835491805631356,385.95130070407686,116.64772568161268,624.0966387092666,38,0.11130952380952382,0.349423814529089,2.040516562491468e-16,"[2, 0, 0]","[7.799126420411058, 40.405293006942834, 14.045233865540679]",6,6000,"[[ 0.          8.13182711 10.0328158   8.70779107  8.12512517]
 [ 8.13182711  0.          1.90098869  1.10594264  0.73526189]
 [10.0328158   1.90098869  0.          2.19975596  2.63625058]
 [ 8.70779107  1.10594264  2.19975596  0.          1.31122585]
 [ 8.12512517  0.73526189  2.63625058  1.31122585  0.        ]]","[[20.0, 2.0, 2.0, 60.0, 0.0], [45.0, 1.0, 2.0, 60.0, 0.0], [100.0, 2.0, 2.0, 60.0, 0.0], [46.0, 2.0, 1.0, 30.0, 0.0], [29.0, 3.0, 1.0, 30.0, 0.0], [89.0, 2.0, 2.0, 60.0, 0.0], [21.0, 1.0, 2.0, 60.0, 0.0], [110.0, 1.0, 1.0, 30.0, 0.0], [30.0, 2.0, 2.0, 60.0, 0.0], [53.0, 2.0, 2.0, 60.0, 0.0], [35.0, 3.0, 1.0, 30.0, 0.0], [29.0, 3.0, 1.0, 30.0, 0.0], [85.0, 3.0, 2.0, 60.0, 0.0], [21.0, 3.0, 2.0, 60.0, 0.0], [48.0, 2.0, 2.0, 60.0, 0.0], [45.0, 2.0, 2.0, 60.0, 0.0], [88.0, 3.0, 3.0, 120.0, 0.0], [58.0, 2.0, 2.0, 60.0, 0.0], [141.0, 1.0, 2.0, 60.0, 0.0], [445.0, 1.0, 1.0, 30.0, 0.0], [55.0, 2.0, 2.0, 60.0, 0.0], [100.0, 1.0, 3.0, 120.0, 0.0], [25.0, 2.0, 2.0, 60.0, 0.0], [4.0, 1.0, 1.0, 30.0, 0.0], [73.0, 3.0, 2.0, 60.0, 12.021043019829973], [11.0, 1.0, 2.0, 60.0, 23.70199129895224], [24.0, 2.0, 2.0, 60.0, 35.625796298323515], [80.0, 2.0, 2.0, 60.0, 37.02476774758143], [16.0, 2.0, 1.0, 30.0, 37.456954746073315], [45.0, 2.0, 2.0, 60.0, 44.72025732460407], [47.0, 2.0, 2.0, 60.0, 51.770060795891936], [104.0, 2.0, 2.0, 60.0, 67.39154057863942], [79.0, 2.0, 2.0, 60.0, 67.78801156455697], [65.0, 2.0, 2.0, 60.0, 73.02081579727279], [10.0, 3.0, 1.0, 30.0, 73.37299733126183], [92.0, 2.0, 2.0, 60.0, 78.81811547138163], [34.0, 2.0, 2.0, 60.0, 87.47475223580068], [23.0, 1.0, 1.0, 30.0, 89.40922635875023], [55.0, 2.0, 2.0, 60.0, 95.5671546720581], [184.0, 3.0, 2.0, 60.0, 96.33602094118923], [121.0, 3.0, 2.0, 60.0, 96.7939072781402], [61.0, 2.0, 2.0, 60.0, 98.36980328880216], [90.0, 2.0, 2.0, 60.0, 102.87579966565295], [18.0, 1.0, 1.0, 30.0, 104.9407263143454], [13.0, 1.0, 1.0, 30.0, 111.17765606341352], [184.0, 2.0, 2.0, 60.0, 112.29553792447513], [59.0, 3.0, 2.0, 60.0, 121.48538924519744], [87.0, 3.0, 1.0, 30.0, 127.62081856126873], [76.0, 1.0, 1.0, 30.0, 130.89979933108373], [64.0, 2.0, 2.0, 60.0, 132.98523286264282], [79.0, 1.0, 1.0, 30.0, 135.25183130913413], [74.0, 1.0, 1.0, 30.0, 135.6372170444124], [132.0, 1.0, 1.0, 30.0, 136.53537831628518], [13.0, 1.0, 1.0, 30.0, 139.96198057430644], [37.0, 1.0, 1.0, 30.0, 141.90538175510554], [3.0, 1.0, 2.0, 60.0, 148.22641604293108], [105.0, 1.0, 1.0, 30.0, 151.7688691800117], [19.0, 2.0, 2.0, 60.0, 152.9585189515018], [17.0, 2.0, 2.0, 60.0, 155.26396063278915], [45.0, 3.0, 2.0, 60.0, 158.4717443187417], [41.0, 2.0, 2.0, 60.0, 160.19091112593068], [14.0, 3.0, 2.0, 60.0, 161.80046723046223], [40.0, 2.0, 2.0, 60.0, 166.19504064142495], [119.0, 2.0, 2.0, 60.0, 167.67977668606895], [52.0, 2.0, 2.0, 60.0, 174.34828881122837], [52.0, 2.0, 2.0, 60.0, 181.30260874245792], [445.0, 2.0, 1.0, 30.0, 186.72302338228388], [68.0, 2.0, 2.0, 60.0, 187.08816512218607], [55.0, 2.0, 2.0, 60.0, 192.75850263079985], [27.0, 2.0, 2.0, 60.0, 199.5301925701257], [129.0, 1.0, 1.0, 30.0, 205.14039082741283], [45.0, 2.0, 2.0, 60.0, 206.54063642859495], [22.0, 2.0, 1.0, 30.0, 208.1453173837751], [17.0, 1.0, 1.0, 30.0, 208.9739969202831], [24.0, 3.0, 1.0, 30.0, 210.74581448374042], [18.0, 1.0, 1.0, 30.0, 210.85151326578935], [59.0, 2.0, 3.0, 120.0, 211.68829524636791], [58.0, 2.0, 2.0, 60.0, 218.2635794691037], [79.0, 2.0, 2.0, 60.0, 238.24236082502787], [79.0, 1.0, 2.0, 60.0, 241.06005128697106], [91.0, 1.0, 1.0, 30.0, 242.4802497949752], [62.0, 2.0, 2.0, 60.0, 244.4690310645114], [134.0, 3.0, 2.0, 60.0, 246.27574217918595], [80.0, 2.0, 2.0, 60.0, 246.92391019530396], [22.0, 2.0, 2.0, 60.0, 252.340535869662], [79.0, 1.0, 1.0, 30.0, 259.21978013724924], [107.0, 2.0, 2.0, 60.0, 266.7588257904633], [53.0, 2.0, 2.0, 60.0, 293.3082397692622], [55.0, 3.0, 1.0, 30.0, 303.841540943146], [17.0, 1.0, 1.0, 30.0, 312.06587014562393], [46.0, 3.0, 2.0, 60.0, 317.28332755550696], [84.0, 1.0, 1.0, 30.0, 320.2459485503109], [29.0, 3.0, 1.0, 30.0, 320.46821633167013], [93.0, 2.0, 2.0, 60.0, 325.25123026577114], [10.0, 1.0, 1.0, 30.0, 328.35814570323583], [72.0, 3.0, 1.0, 30.0, 335.8979525787838], [105.0, 1.0, 2.0, 60.0, 346.037960484565], [9.0, 3.0, 1.0, 30.0, 347.69830455805135], [66.0, 2.0, 1.0, 30.0, 347.94705816407], [12.0, 2.0, 2.0, 60.0, 352.5711693396838], [64.0, 1.0, 2.0, 60.0, 365.3382663386541], [134.0, 3.0, 2.0, 60.0, 369.44362432169635], [99.0, 2.0, 2.0, 60.0, 380.09833875091823], [28.0, 1.0, 1.0, 30.0, 383.8634124776174], [86.0, 2.0, 2.0, 60.0, 390.4333827158369], [100.0, 3.0, 3.0, 120.0, 391.8772976892559], [111.0, 1.0, 1.0, 30.0, 392.54938394344936], [19.0, 1.0, 1.0, 30.0, 393.26178810715084], [100.0, 3.0, 3.0, 120.0, 393.85019969752625], [47.0, 2.0, 2.0, 60.0, 394.1235652920939], [100.0, 2.0, 3.0, 120.0, 402.7065312495663], [272.0, 1.0, 1.0, 30.0, 404.9496062434009], [40.0, 2.0, 2.0, 60.0, 406.8802625567264], [81.0, 1.0, 2.0, 60.0, 411.5550592296831], [13.0, 2.0, 2.0, 60.0, 412.491396507024], [60.0, 2.0, 2.0, 60.0, 422.0828587162822], [92.0, 2.0, 2.0, 60.0, 428.54263891348444], [5.0, 1.0, 1.0, 30.0, 430.18884989348794], [32.0, 2.0, 2.0, 60.0, 431.1918089653501], [115.0, 3.0, 1.0, 30.0, 433.84690701169285]]","[100, 106, 111, 118, 119]","[[2, 0], [0], [0, 1, 2, 3, 0]]","[2, 2, 2, 2, 2]",200,10
164,461.65711764097216,0.012273307641347249,0.12425551202690543,0.7665298982783552,0.2731514036682363,13.82072924123445,5.393862764751816,85.25981670030204,242.84482282528626,4,0.06616666666666665,0.15834017948487591,1.3356108409035063e-15,"[0, 0, 1]","[11.7950721945944, 45.419976638998754, 14.045233865540679]",6,6000,"[[ 0.          9.33484224 11.1228299   9.83298562  9.25911615]
 [ 9.33484224  0.          1.78798766  1.02804048  0.63975082]
 [11.1228299   1.78798766  0.          2.19975596  2.42773848]
 [ 9.83298562  1.02804048  2.19975596  0.          1.1378942 ]
 [ 9.25911615  0.63975082  2.42773848  1.1378942   0.        ]]","[[20.0, 2.0, 2.0, 60.0, 0.0], [45.0, 1.0, 2.0, 60.0, 0.0], [100.0, 2.0, 2.0, 60.0, 0.0], [46.0, 2.0, 1.0, 30.0, 0.0], [29.0, 3.0, 1.0, 30.0, 0.0], [89.0, 2.0, 2.0, 60.0, 0.0], [21.0, 1.0, 2.0, 60.0, 0.0], [110.0, 1.0, 1.0, 30.0, 0.0], [30.0, 2.0, 2.0, 60.0, 0.0], [53.0, 2.0, 2.0, 60.0, 0.0], [35.0, 3.0, 1.0, 30.0, 0.0], [29.0, 3.0, 1.0, 30.0, 0.0], [85.0, 3.0, 2.0, 60.0, 0.0], [21.0, 3.0, 2.0, 60.0, 0.0], [48.0, 2.0, 2.0, 60.0, 0.0], [45.0, 2.0, 2.0, 60.0, 0.0], [88.0, 3.0, 3.0, 120.0, 0.0], [58.0, 2.0, 2.0, 60.0, 0.0], [141.0, 1.0, 2.0, 60.0, 0.0], [445.0, 1.0, 1.0, 30.0, 0.0], [55.0, 2.0, 2.0, 60.0, 0.0], [100.0, 1.0, 3.0, 120.0, 0.0], [25.0, 2.0, 2.0, 60.0, 0.0], [4.0, 1.0, 1.0, 30.0, 0.0], [73.0, 3.0, 2.0, 60.0, 12.021043019829973], [11.0, 1.0, 2.0, 60.0, 23.70199129895224], [24.0, 2.0, 2.0, 60.0, 35.625796298323515], [80.0, 2.0, 2.0, 60.0, 37.02476774758143], [16.0, 2.0, 1.0, 30.0, 37.456954746073315], [45.0, 2.0, 2.0, 60.0, 44.72025732460407], [47.0, 2.0, 2.0, 60.0, 51.770060795891936], [104.0, 2.0, 2.0, 60.0, 67.39154057863942], [79.0, 2.0, 2.0, 60.0, 67.78801156455697], [65.0, 2.0, 2.0, 60.0, 73.02081579727279], [10.0, 3.0, 1.0, 30.0, 73.37299733126183], [92.0, 2.0, 2.0, 60.0, 78.81811547138163], [34.0, 2.0, 2.0, 60.0, 87.47475223580068], [23.0, 1.0, 1.0, 30.0, 89.40922635875023], [55.0, 2.0, 2.0, 60.0, 95.5671546720581], [184.0, 3.0, 2.0, 60.0, 96.33602094118923], [121.0, 3.0, 2.0, 60.0, 96.7939072781402], [61.0, 2.0, 2.0, 60.0, 98.36980328880216], [90.0, 2.0, 2.0, 60.0, 102.87579966565295], [18.0, 1.0, 1.0, 30.0, 104.9407263143454], [13.0, 1.0, 1.0, 30.0, 111.17765606341352], [184.0, 2.0, 2.0, 60.0, 112.29553792447513], [59.0, 3.0, 2.0, 60.0, 121.48538924519744], [87.0, 3.0, 1.0, 30.0, 127.62081856126873], [76.0, 1.0, 1.0, 30.0, 130.89979933108373], [64.0, 2.0, 2.0, 60.0, 132.98523286264282], [79.0, 1.0, 1.0, 30.0, 135.25183130913413], [74.0, 1.0, 1.0, 30.0, 135.6372170444124], [132.0, 1.0, 1.0, 30.0, 136.53537831628518], [13.0, 1.0, 1.0, 30.0, 139.96198057430644], [37.0, 1.0, 1.0, 30.0, 141.90538175510554], [3.0, 1.0, 2.0, 60.0, 148.22641604293108], [105.0, 1.0, 1.0, 30.0, 151.7688691800117], [19.0, 2.0, 2.0, 60.0, 152.9585189515018], [17.0, 2.0, 2.0, 60.0, 155.26396063278915], [45.0, 3.0, 2.0, 60.0, 158.4717443187417], [41.0, 2.0, 2.0, 60.0, 160.19091112593068], [14.0, 3.0, 2.0, 60.0, 161.80046723046223], [40.0, 2.0, 2.0, 60.0, 166.19504064142495], [119.0, 2.0, 2.0, 60.0, 167.67977668606895], [52.0, 2.0, 2.0, 60.0, 174.34828881122837], [52.0, 2.0, 2.0, 60.0, 181.30260874245792], [445.0, 2.0, 1.0, 30.0, 186.72302338228388], [68.0, 2.0, 2.0, 60.0, 187.08816512218607], [55.0, 2.0, 2.0, 60.0, 192.75850263079985], [27.0, 2.0, 2.0, 60.0, 199.5301925701257], [129.0, 1.0, 1.0, 30.0, 205.14039082741283], [45.0, 2.0, 2.0, 60.0, 206.54063642859495], [22.0, 2.0, 1.0, 30.0, 208.1453173837751], [17.0, 1.0, 1.0, 30.0, 208.9739969202831], [24.0, 3.0, 1.0, 30.0, 210.74581448374042], [18.0, 1.0, 1.0, 30.0, 210.85151326578935], [59.0, 2.0, 3.0, 120.0, 211.68829524636791], [58.0, 2.0, 2.0, 60.0, 218.2635794691037], [79.0, 2.0, 2.0, 60.0, 238.24236082502787], [79.0, 1.0, 2.0, 60.0, 241.06005128697106], [91.0, 1.0, 1.0, 30.0, 242.4802497949752], [62.0, 2.0, 2.0, 60.0, 244.4690310645114], [134.0, 3.0, 2.0, 60.0, 246.27574217918595], [80.0, 2.0, 2.0, 60.0, 246.92391019530396], [22.0, 2.0, 2.0, 60.0, 252.340535869662], [79.0, 1.0, 1.0, 30.0, 259.21978013724924], [107.0, 2.0, 2.0, 60.0, 266.7588257904633], [53.0, 2.0, 2.0, 60.0, 293.3082397692622], [55.0, 3.0, 1.0, 30.0, 303.841540943146], [17.0, 1.0, 1.0, 30.0, 312.06587014562393], [46.0, 3.0, 2.0, 60.0, 317.28332755550696], [84.0, 1.0, 1.0, 30.0, 320.2459485503109], [29.0, 3.0, 1.0, 30.0, 320.46821633167013], [93.0, 2.0, 2.0, 60.0, 325.25123026577114], [10.0, 1.0, 1.0, 30.0, 328.35814570323583], [72.0, 3.0, 1.0, 30.0, 335.8979525787838], [105.0, 1.0, 2.0, 60.0, 346.037960484565], [9.0, 3.0, 1.0, 30.0, 347.69830455805135], [66.0, 2.0, 1.0, 30.0, 347.94705816407], [12.0, 2.0, 2.0, 60.0, 352.5711693396838], [64.0, 1.0, 2.0, 60.0, 365.3382663386541], [134.0, 3.0, 2.0, 60.0, 369.44362432169635], [99.0, 2.0, 2.0, 60.0, 380.09833875091823], [28.0, 1.0, 1.0, 30.0, 383.8634124776174], [86.0, 2.0, 2.0, 60.0, 390.4333827158369], [100.0, 3.0, 3.0, 120.0, 391.8772976892559], [111.0, 1.0, 1.0, 30.0, 392.54938394344936], [19.0, 1.0, 1.0, 30.0, 393.26178810715084], [100.0, 3.0, 3.0, 120.0, 393.85019969752625], [47.0, 2.0, 2.0, 60.0, 394.1235652920939], [100.0, 2.0, 3.0, 120.0, 402.7065312495663], [272.0, 1.0, 1.0, 30.0, 404.9496062434009], [40.0, 2.0, 2.0, 60.0, 406.8802625567264], [81.0, 1.0, 2.0, 60.0, 411.5550592296831], [13.0, 2.0, 2.0, 60.0, 412.491396507024], [60.0, 2.0, 2.0, 60.0, 422.0828587162822], [92.0, 2.0, 2.0, 60.0, 428.54263891348444], [5.0, 1.0, 1.0, 30.0, 430.18884989348794], [32.0, 2.0, 2.0, 60.0, 431.1918089653501], [115.0, 3.0, 1.0, 30.0, 433.84690701169285]]","[118, 119]","[[0], [0], [1, 2, 3, 0]]","[2, 2]",200,10
165,464.6693909486135,0.017648112773895264,0.4262610097400073,0.5052832398252923,0.10631098163365264,51.00696482651937,125.98938944353063,60.46287099286501,154.35710794256758,87,0.0,0.0,1.1501093352224639e-15,"[0, 0, 2]","[14.807345502235748, 48.4322499466401, 12.257246204193002]",6,6000,"[[ 0.          9.38257526 11.96613428  9.83298562  9.25911615]
 [ 9.38257526  0.          2.63353631  1.15175028  0.76346062]
 [11.96613428  2.63353631  0.          2.93187519  3.39699693]
 [ 9.83298562  1.15175028  2.93187519  0.          1.1378942 ]
 [ 9.25911615  0.76346062  3.39699693  1.1378942   0.        ]]","[[20.0, 2.0, 2.0, 60.0, 0.0], [45.0, 1.0, 2.0, 60.0, 0.0], [100.0, 2.0, 2.0, 60.0, 0.0], [46.0, 2.0, 1.0, 30.0, 0.0], [29.0, 3.0, 1.0, 30.0, 0.0], [89.0, 2.0, 2.0, 60.0, 0.0], [21.0, 1.0, 2.0, 60.0, 0.0], [110.0, 1.0, 1.0, 30.0, 0.0], [30.0, 2.0, 2.0, 60.0, 0.0], [53.0, 2.0, 2.0, 60.0, 0.0], [35.0, 3.0, 1.0, 30.0, 0.0], [29.0, 3.0, 1.0, 30.0, 0.0], [85.0, 3.0, 2.0, 60.0, 0.0], [21.0, 3.0, 2.0, 60.0, 0.0], [48.0, 2.0, 2.0, 60.0, 0.0], [45.0, 2.0, 2.0, 60.0, 0.0], [88.0, 3.0, 3.0, 120.0, 0.0], [58.0, 2.0, 2.0, 60.0, 0.0], [141.0, 1.0, 2.0, 60.0, 0.0], [445.0, 1.0, 1.0, 30.0, 0.0], [55.0, 2.0, 2.0, 60.0, 0.0], [100.0, 1.0, 3.0, 120.0, 0.0], [25.0, 2.0, 2.0, 60.0, 0.0], [4.0, 1.0, 1.0, 30.0, 0.0], [73.0, 3.0, 2.0, 60.0, 12.021043019829973], [11.0, 1.0, 2.0, 60.0, 23.70199129895224], [24.0, 2.0, 2.0, 60.0, 35.625796298323515], [80.0, 2.0, 2.0, 60.0, 37.02476774758143], [16.0, 2.0, 1.0, 30.0, 37.456954746073315], [45.0, 2.0, 2.0, 60.0, 44.72025732460407], [47.0, 2.0, 2.0, 60.0, 51.770060795891936], [104.0, 2.0, 2.0, 60.0, 67.39154057863942], [79.0, 2.0, 2.0, 60.0, 67.78801156455697], [65.0, 2.0, 2.0, 60.0, 73.02081579727279], [10.0, 3.0, 1.0, 30.0, 73.37299733126183], [92.0, 2.0, 2.0, 60.0, 78.81811547138163], [34.0, 2.0, 2.0, 60.0, 87.47475223580068], [23.0, 1.0, 1.0, 30.0, 89.40922635875023], [55.0, 2.0, 2.0, 60.0, 95.5671546720581], [184.0, 3.0, 2.0, 60.0, 96.33602094118923], [121.0, 3.0, 2.0, 60.0, 96.7939072781402], [61.0, 2.0, 2.0, 60.0, 98.36980328880216], [90.0, 2.0, 2.0, 60.0, 102.87579966565295], [18.0, 1.0, 1.0, 30.0, 104.9407263143454], [13.0, 1.0, 1.0, 30.0, 111.17765606341352], [184.0, 2.0, 2.0, 60.0, 112.29553792447513], [59.0, 3.0, 2.0, 60.0, 121.48538924519744], [87.0, 3.0, 1.0, 30.0, 127.62081856126873], [76.0, 1.0, 1.0, 30.0, 130.89979933108373], [64.0, 2.0, 2.0, 60.0, 132.98523286264282], [79.0, 1.0, 1.0, 30.0, 135.25183130913413], [74.0, 1.0, 1.0, 30.0, 135.6372170444124], [132.0, 1.0, 1.0, 30.0, 136.53537831628518], [13.0, 1.0, 1.0, 30.0, 139.96198057430644], [37.0, 1.0, 1.0, 30.0, 141.90538175510554], [3.0, 1.0, 2.0, 60.0, 148.22641604293108], [105.0, 1.0, 1.0, 30.0, 151.7688691800117], [19.0, 2.0, 2.0, 60.0, 152.9585189515018], [17.0, 2.0, 2.0, 60.0, 155.26396063278915], [45.0, 3.0, 2.0, 60.0, 158.4717443187417], [41.0, 2.0, 2.0, 60.0, 160.19091112593068], [14.0, 3.0, 2.0, 60.0, 161.80046723046223], [40.0, 2.0, 2.0, 60.0, 166.19504064142495], [119.0, 2.0, 2.0, 60.0, 167.67977668606895], [52.0, 2.0, 2.0, 60.0, 174.34828881122837], [52.0, 2.0, 2.0, 60.0, 181.30260874245792], [445.0, 2.0, 1.0, 30.0, 186.72302338228388], [68.0, 2.0, 2.0, 60.0, 187.08816512218607], [55.0, 2.0, 2.0, 60.0, 192.75850263079985], [27.0, 2.0, 2.0, 60.0, 199.5301925701257], [129.0, 1.0, 1.0, 30.0, 205.14039082741283], [45.0, 2.0, 2.0, 60.0, 206.54063642859495], [22.0, 2.0, 1.0, 30.0, 208.1453173837751], [17.0, 1.0, 1.0, 30.0, 208.9739969202831], [24.0, 3.0, 1.0, 30.0, 210.74581448374042], [18.0, 1.0, 1.0, 30.0, 210.85151326578935], [59.0, 2.0, 3.0, 120.0, 211.68829524636791], [58.0, 2.0, 2.0, 60.0, 218.2635794691037], [79.0, 2.0, 2.0, 60.0, 238.24236082502787], [79.0, 1.0, 2.0, 60.0, 241.06005128697106], [91.0, 1.0, 1.0, 30.0, 242.4802497949752], [62.0, 2.0, 2.0, 60.0, 244.4690310645114], [134.0, 3.0, 2.0, 60.0, 246.27574217918595], [80.0, 2.0, 2.0, 60.0, 246.92391019530396], [22.0, 2.0, 2.0, 60.0, 252.340535869662], [79.0, 1.0, 1.0, 30.0, 259.21978013724924], [107.0, 2.0, 2.0, 60.0, 266.7588257904633], [53.0, 2.0, 2.0, 60.0, 293.3082397692622], [55.0, 3.0, 1.0, 30.0, 303.841540943146], [17.0, 1.0, 1.0, 30.0, 312.06587014562393], [46.0, 3.0, 2.0, 60.0, 317.28332755550696], [84.0, 1.0, 1.0, 30.0, 320.2459485503109], [29.0, 3.0, 1.0, 30.0, 320.46821633167013], [93.0, 2.0, 2.0, 60.0, 325.25123026577114], [10.0, 1.0, 1.0, 30.0, 328.35814570323583], [72.0, 3.0, 1.0, 30.0, 335.8979525787838], [105.0, 1.0, 2.0, 60.0, 346.037960484565], [9.0, 3.0, 1.0, 30.0, 347.69830455805135], [66.0, 2.0, 1.0, 30.0, 347.94705816407], [12.0, 2.0, 2.0, 60.0, 352.5711693396838], [64.0, 1.0, 2.0, 60.0, 365.3382663386541], [134.0, 3.0, 2.0, 60.0, 369.44362432169635], [99.0, 2.0, 2.0, 60.0, 380.09833875091823], [28.0, 1.0, 1.0, 30.0, 383.8634124776174], [86.0, 2.0, 2.0, 60.0, 390.4333827158369], [100.0, 3.0, 3.0, 120.0, 391.8772976892559], [111.0, 1.0, 1.0, 30.0, 392.54938394344936], [19.0, 1.0, 1.0, 30.0, 393.26178810715084], [100.0, 3.0, 3.0, 120.0, 393.85019969752625], [47.0, 2.0, 2.0, 60.0, 394.1235652920939], [100.0, 2.0, 3.0, 120.0, 402.7065312495663], [272.0, 1.0, 1.0, 30.0, 404.9496062434009], [40.0, 2.0, 2.0, 60.0, 406.8802625567264], [81.0, 1.0, 2.0, 60.0, 411.5550592296831], [13.0, 2.0, 2.0, 60.0, 412.491396507024], [60.0, 2.0, 2.0, 60.0, 422.0828587162822], [92.0, 2.0, 2.0, 60.0, 428.54263891348444], [5.0, 1.0, 1.0, 30.0, 430.18884989348794], [32.0, 2.0, 2.0, 60.0, 431.1918089653501], [115.0, 3.0, 1.0, 30.0, 433.84690701169285]]",[119],"[[0], [0], [2, 0, 3, 0]]",[2],200,10
166,466.6870390613874,0.017691075801849365,0.5398023026368977,0.6222100863003759,0.1107926652130238,62.019386155073086,165.07959776751346,71.487445354233,193.48377536499314,87,0.0,0.0,1.1501093352224639e-15,"[0, 0, 2]","[16.824993615009642, 50.449898059414, 0.29111192002977404]",6,6000,"[[ 0.          9.38257526 11.48927781  9.83298562  9.25911615]
 [ 9.38257526  0.          2.15667983  1.15175028  0.76346062]
 [11.48927781  2.15667983  0.          2.45501872  2.92014045]
 [ 9.83298562  1.15175028  2.45501872  0.          1.1378942 ]
 [ 9.25911615  0.76346062  2.92014045  1.1378942   0.        ]]","[[20.0, 2.0, 2.0, 60.0, 0.0], [45.0, 1.0, 2.0, 60.0, 0.0], [100.0, 2.0, 2.0, 60.0, 0.0], [46.0, 2.0, 1.0, 30.0, 0.0], [29.0, 3.0, 1.0, 30.0, 0.0], [89.0, 2.0, 2.0, 60.0, 0.0], [21.0, 1.0, 2.0, 60.0, 0.0], [110.0, 1.0, 1.0, 30.0, 0.0], [30.0, 2.0, 2.0, 60.0, 0.0], [53.0, 2.0, 2.0, 60.0, 0.0], [35.0, 3.0, 1.0, 30.0, 0.0], [29.0, 3.0, 1.0, 30.0, 0.0], [85.0, 3.0, 2.0, 60.0, 0.0], [21.0, 3.0, 2.0, 60.0, 0.0], [48.0, 2.0, 2.0, 60.0, 0.0], [45.0, 2.0, 2.0, 60.0, 0.0], [88.0, 3.0, 3.0, 120.0, 0.0], [58.0, 2.0, 2.0, 60.0, 0.0], [141.0, 1.0, 2.0, 60.0, 0.0], [445.0, 1.0, 1.0, 30.0, 0.0], [55.0, 2.0, 2.0, 60.0, 0.0], [100.0, 1.0, 3.0, 120.0, 0.0], [25.0, 2.0, 2.0, 60.0, 0.0], [4.0, 1.0, 1.0, 30.0, 0.0], [73.0, 3.0, 2.0, 60.0, 12.021043019829973], [11.0, 1.0, 2.0, 60.0, 23.70199129895224], [24.0, 2.0, 2.0, 60.0, 35.625796298323515], [80.0, 2.0, 2.0, 60.0, 37.02476774758143], [16.0, 2.0, 1.0, 30.0, 37.456954746073315], [45.0, 2.0, 2.0, 60.0, 44.72025732460407], [47.0, 2.0, 2.0, 60.0, 51.770060795891936], [104.0, 2.0, 2.0, 60.0, 67.39154057863942], [79.0, 2.0, 2.0, 60.0, 67.78801156455697], [65.0, 2.0, 2.0, 60.0, 73.02081579727279], [10.0, 3.0, 1.0, 30.0, 73.37299733126183], [92.0, 2.0, 2.0, 60.0, 78.81811547138163], [34.0, 2.0, 2.0, 60.0, 87.47475223580068], [23.0, 1.0, 1.0, 30.0, 89.40922635875023], [55.0, 2.0, 2.0, 60.0, 95.5671546720581], [184.0, 3.0, 2.0, 60.0, 96.33602094118923], [121.0, 3.0, 2.0, 60.0, 96.7939072781402], [61.0, 2.0, 2.0, 60.0, 98.36980328880216], [90.0, 2.0, 2.0, 60.0, 102.87579966565295], [18.0, 1.0, 1.0, 30.0, 104.9407263143454], [13.0, 1.0, 1.0, 30.0, 111.17765606341352], [184.0, 2.0, 2.0, 60.0, 112.29553792447513], [59.0, 3.0, 2.0, 60.0, 121.48538924519744], [87.0, 3.0, 1.0, 30.0, 127.62081856126873], [76.0, 1.0, 1.0, 30.0, 130.89979933108373], [64.0, 2.0, 2.0, 60.0, 132.98523286264282], [79.0, 1.0, 1.0, 30.0, 135.25183130913413], [74.0, 1.0, 1.0, 30.0, 135.6372170444124], [132.0, 1.0, 1.0, 30.0, 136.53537831628518], [13.0, 1.0, 1.0, 30.0, 139.96198057430644], [37.0, 1.0, 1.0, 30.0, 141.90538175510554], [3.0, 1.0, 2.0, 60.0, 148.22641604293108], [105.0, 1.0, 1.0, 30.0, 151.7688691800117], [19.0, 2.0, 2.0, 60.0, 152.9585189515018], [17.0, 2.0, 2.0, 60.0, 155.26396063278915], [45.0, 3.0, 2.0, 60.0, 158.4717443187417], [41.0, 2.0, 2.0, 60.0, 160.19091112593068], [14.0, 3.0, 2.0, 60.0, 161.80046723046223], [40.0, 2.0, 2.0, 60.0, 166.19504064142495], [119.0, 2.0, 2.0, 60.0, 167.67977668606895], [52.0, 2.0, 2.0, 60.0, 174.34828881122837], [52.0, 2.0, 2.0, 60.0, 181.30260874245792], [445.0, 2.0, 1.0, 30.0, 186.72302338228388], [68.0, 2.0, 2.0, 60.0, 187.08816512218607], [55.0, 2.0, 2.0, 60.0, 192.75850263079985], [27.0, 2.0, 2.0, 60.0, 199.5301925701257], [129.0, 1.0, 1.0, 30.0, 205.14039082741283], [45.0, 2.0, 2.0, 60.0, 206.54063642859495], [22.0, 2.0, 1.0, 30.0, 208.1453173837751], [17.0, 1.0, 1.0, 30.0, 208.9739969202831], [24.0, 3.0, 1.0, 30.0, 210.74581448374042], [18.0, 1.0, 1.0, 30.0, 210.85151326578935], [59.0, 2.0, 3.0, 120.0, 211.68829524636791], [58.0, 2.0, 2.0, 60.0, 218.2635794691037], [79.0, 2.0, 2.0, 60.0, 238.24236082502787], [79.0, 1.0, 2.0, 60.0, 241.06005128697106], [91.0, 1.0, 1.0, 30.0, 242.4802497949752], [62.0, 2.0, 2.0, 60.0, 244.4690310645114], [134.0, 3.0, 2.0, 60.0, 246.27574217918595], [80.0, 2.0, 2.0, 60.0, 246.92391019530396], [22.0, 2.0, 2.0, 60.0, 252.340535869662], [79.0, 1.0, 1.0, 30.0, 259.21978013724924], [107.0, 2.0, 2.0, 60.0, 266.7588257904633], [53.0, 2.0, 2.0, 60.0, 293.3082397692622], [55.0, 3.0, 1.0, 30.0, 303.841540943146], [17.0, 1.0, 1.0, 30.0, 312.06587014562393], [46.0, 3.0, 2.0, 60.0, 317.28332755550696], [84.0, 1.0, 1.0, 30.0, 320.2459485503109], [29.0, 3.0, 1.0, 30.0, 320.46821633167013], [93.0, 2.0, 2.0, 60.0, 325.25123026577114], [10.0, 1.0, 1.0, 30.0, 328.35814570323583], [72.0, 3.0, 1.0, 30.0, 335.8979525787838], [105.0, 1.0, 2.0, 60.0, 346.037960484565], [9.0, 3.0, 1.0, 30.0, 347.69830455805135], [66.0, 2.0, 1.0, 30.0, 347.94705816407], [12.0, 2.0, 2.0, 60.0, 352.5711693396838], [64.0, 1.0, 2.0, 60.0, 365.3382663386541], [134.0, 3.0, 2.0, 60.0, 369.44362432169635], [99.0, 2.0, 2.0, 60.0, 380.09833875091823], [28.0, 1.0, 1.0, 30.0, 383.8634124776174], [86.0, 2.0, 2.0, 60.0, 390.4333827158369], [100.0, 3.0, 3.0, 120.0, 391.8772976892559], [111.0, 1.0, 1.0, 30.0, 392.54938394344936], [19.0, 1.0, 1.0, 30.0, 393.26178810715084], [100.0, 3.0, 3.0, 120.0, 393.85019969752625], [47.0, 2.0, 2.0, 60.0, 394.1235652920939], [100.0, 2.0, 3.0, 120.0, 402.7065312495663], [272.0, 1.0, 1.0, 30.0, 404.9496062434009], [40.0, 2.0, 2.0, 60.0, 406.8802625567264], [81.0, 1.0, 2.0, 60.0, 411.5550592296831], [13.0, 2.0, 2.0, 60.0, 412.491396507024], [60.0, 2.0, 2.0, 60.0, 422.0828587162822], [92.0, 2.0, 2.0, 60.0, 428.54263891348444], [5.0, 1.0, 1.0, 30.0, 430.18884989348794], [32.0, 2.0, 2.0, 60.0, 431.1918089653501], [115.0, 3.0, 1.0, 30.0, 433.84690701169285]]",[119],"[[0], [0], [2, 0, 3, 0]]",[2],200,10
167,471.70473013718924,0.01713201602300008,0.5193282840183537,0.5982940342514159,0.10620849247217722,62.320942270791335,181.5777027162473,71.79706770645214,210.0060790232296,87,0.0,0.0,1.1501093352224639e-15,"[0, 0, 2]","[21.842684690811492, 55.467589135215846, 0.29111192002977404]",6,6000,"[[ 0.          9.27843091 12.00029811  9.65286449  9.07899502]
 [ 9.27843091  0.          2.8014877   1.15175028  0.76346062]
 [12.00029811  2.8014877   0.          3.01326762  3.48532782]
 [ 9.65286449  1.15175028  3.01326762  0.          1.1378942 ]
 [ 9.07899502  0.76346062  3.48532782  1.1378942   0.        ]]","[[20.0, 2.0, 2.0, 60.0, 0.0], [45.0, 1.0, 2.0, 60.0, 0.0], [100.0, 2.0, 2.0, 60.0, 0.0], [46.0, 2.0, 1.0, 30.0, 0.0], [29.0, 3.0, 1.0, 30.0, 0.0], [89.0, 2.0, 2.0, 60.0, 0.0], [21.0, 1.0, 2.0, 60.0, 0.0], [110.0, 1.0, 1.0, 30.0, 0.0], [30.0, 2.0, 2.0, 60.0, 0.0], [53.0, 2.0, 2.0, 60.0, 0.0], [35.0, 3.0, 1.0, 30.0, 0.0], [29.0, 3.0, 1.0, 30.0, 0.0], [85.0, 3.0, 2.0, 60.0, 0.0], [21.0, 3.0, 2.0, 60.0, 0.0], [48.0, 2.0, 2.0, 60.0, 0.0], [45.0, 2.0, 2.0, 60.0, 0.0], [88.0, 3.0, 3.0, 120.0, 0.0], [58.0, 2.0, 2.0, 60.0, 0.0], [141.0, 1.0, 2.0, 60.0, 0.0], [445.0, 1.0, 1.0, 30.0, 0.0], [55.0, 2.0, 2.0, 60.0, 0.0], [100.0, 1.0, 3.0, 120.0, 0.0], [25.0, 2.0, 2.0, 60.0, 0.0], [4.0, 1.0, 1.0, 30.0, 0.0], [73.0, 3.0, 2.0, 60.0, 12.021043019829973], [11.0, 1.0, 2.0, 60.0, 23.70199129895224], [24.0, 2.0, 2.0, 60.0, 35.625796298323515], [80.0, 2.0, 2.0, 60.0, 37.02476774758143], [16.0, 2.0, 1.0, 30.0, 37.456954746073315], [45.0, 2.0, 2.0, 60.0, 44.72025732460407], [47.0, 2.0, 2.0, 60.0, 51.770060795891936], [104.0, 2.0, 2.0, 60.0, 67.39154057863942], [79.0, 2.0, 2.0, 60.0, 67.78801156455697], [65.0, 2.0, 2.0, 60.0, 73.02081579727279], [10.0, 3.0, 1.0, 30.0, 73.37299733126183], [92.0, 2.0, 2.0, 60.0, 78.81811547138163], [34.0, 2.0, 2.0, 60.0, 87.47475223580068], [23.0, 1.0, 1.0, 30.0, 89.40922635875023], [55.0, 2.0, 2.0, 60.0, 95.5671546720581], [184.0, 3.0, 2.0, 60.0, 96.33602094118923], [121.0, 3.0, 2.0, 60.0, 96.7939072781402], [61.0, 2.0, 2.0, 60.0, 98.36980328880216], [90.0, 2.0, 2.0, 60.0, 102.87579966565295], [18.0, 1.0, 1.0, 30.0, 104.9407263143454], [13.0, 1.0, 1.0, 30.0, 111.17765606341352], [184.0, 2.0, 2.0, 60.0, 112.29553792447513], [59.0, 3.0, 2.0, 60.0, 121.48538924519744], [87.0, 3.0, 1.0, 30.0, 127.62081856126873], [76.0, 1.0, 1.0, 30.0, 130.89979933108373], [64.0, 2.0, 2.0, 60.0, 132.98523286264282], [79.0, 1.0, 1.0, 30.0, 135.25183130913413], [74.0, 1.0, 1.0, 30.0, 135.6372170444124], [132.0, 1.0, 1.0, 30.0, 136.53537831628518], [13.0, 1.0, 1.0, 30.0, 139.96198057430644], [37.0, 1.0, 1.0, 30.0, 141.90538175510554], [3.0, 1.0, 2.0, 60.0, 148.22641604293108], [105.0, 1.0, 1.0, 30.0, 151.7688691800117], [19.0, 2.0, 2.0, 60.0, 152.9585189515018], [17.0, 2.0, 2.0, 60.0, 155.26396063278915], [45.0, 3.0, 2.0, 60.0, 158.4717443187417], [41.0, 2.0, 2.0, 60.0, 160.19091112593068], [14.0, 3.0, 2.0, 60.0, 161.80046723046223], [40.0, 2.0, 2.0, 60.0, 166.19504064142495], [119.0, 2.0, 2.0, 60.0, 167.67977668606895], [52.0, 2.0, 2.0, 60.0, 174.34828881122837], [52.0, 2.0, 2.0, 60.0, 181.30260874245792], [445.0, 2.0, 1.0, 30.0, 186.72302338228388], [68.0, 2.0, 2.0, 60.0, 187.08816512218607], [55.0, 2.0, 2.0, 60.0, 192.75850263079985], [27.0, 2.0, 2.0, 60.0, 199.5301925701257], [129.0, 1.0, 1.0, 30.0, 205.14039082741283], [45.0, 2.0, 2.0, 60.0, 206.54063642859495], [22.0, 2.0, 1.0, 30.0, 208.1453173837751], [17.0, 1.0, 1.0, 30.0, 208.9739969202831], [24.0, 3.0, 1.0, 30.0, 210.74581448374042], [18.0, 1.0, 1.0, 30.0, 210.85151326578935], [59.0, 2.0, 3.0, 120.0, 211.68829524636791], [58.0, 2.0, 2.0, 60.0, 218.2635794691037], [79.0, 2.0, 2.0, 60.0, 238.24236082502787], [79.0, 1.0, 2.0, 60.0, 241.06005128697106], [91.0, 1.0, 1.0, 30.0, 242.4802497949752], [62.0, 2.0, 2.0, 60.0, 244.4690310645114], [134.0, 3.0, 2.0, 60.0, 246.27574217918595], [80.0, 2.0, 2.0, 60.0, 246.92391019530396], [22.0, 2.0, 2.0, 60.0, 252.340535869662], [79.0, 1.0, 1.0, 30.0, 259.21978013724924], [107.0, 2.0, 2.0, 60.0, 266.7588257904633], [53.0, 2.0, 2.0, 60.0, 293.3082397692622], [55.0, 3.0, 1.0, 30.0, 303.841540943146], [17.0, 1.0, 1.0, 30.0, 312.06587014562393], [46.0, 3.0, 2.0, 60.0, 317.28332755550696], [84.0, 1.0, 1.0, 30.0, 320.2459485503109], [29.0, 3.0, 1.0, 30.0, 320.46821633167013], [93.0, 2.0, 2.0, 60.0, 325.25123026577114], [10.0, 1.0, 1.0, 30.0, 328.35814570323583], [72.0, 3.0, 1.0, 30.0, 335.8979525787838], [105.0, 1.0, 2.0, 60.0, 346.037960484565], [9.0, 3.0, 1.0, 30.0, 347.69830455805135], [66.0, 2.0, 1.0, 30.0, 347.94705816407], [12.0, 2.0, 2.0, 60.0, 352.5711693396838], [64.0, 1.0, 2.0, 60.0, 365.3382663386541], [134.0, 3.0, 2.0, 60.0, 369.44362432169635], [99.0, 2.0, 2.0, 60.0, 380.09833875091823], [28.0, 1.0, 1.0, 30.0, 383.8634124776174], [86.0, 2.0, 2.0, 60.0, 390.4333827158369], [100.0, 3.0, 3.0, 120.0, 391.8772976892559], [111.0, 1.0, 1.0, 30.0, 392.54938394344936], [19.0, 1.0, 1.0, 30.0, 393.26178810715084], [100.0, 3.0, 3.0, 120.0, 393.85019969752625], [47.0, 2.0, 2.0, 60.0, 394.1235652920939], [100.0, 2.0, 3.0, 120.0, 402.7065312495663], [272.0, 1.0, 1.0, 30.0, 404.9496062434009], [40.0, 2.0, 2.0, 60.0, 406.8802625567264], [81.0, 1.0, 2.0, 60.0, 411.5550592296831], [13.0, 2.0, 2.0, 60.0, 412.491396507024], [60.0, 2.0, 2.0, 60.0, 422.0828587162822], [92.0, 2.0, 2.0, 60.0, 428.54263891348444], [5.0, 1.0, 1.0, 30.0, 430.18884989348794], [32.0, 2.0, 2.0, 60.0, 431.1918089653501], [115.0, 3.0, 1.0, 30.0, 433.84690701169285]]",[119],"[[0], [0], [2, 0, 3, 0]]",[2],200,10
168,476.72186215321227,0.017941208680470784,0.5141579258484552,0.5988611156344998,0.11384249904498832,57.984199012443824,185.78724061844758,67.536607653112,214.44446654045205,87,0.0,0.0,1.1501093352224639e-15,"[0, 0, 2]","[26.859816706834494, 60.484721151238844, 0.29111192002977404]",6,6000,"[[ 0.          8.55564037 11.27750757  8.93007395  8.35620448]
 [ 8.55564037  0.          2.8014877   1.15175028  0.76346062]
 [11.27750757  2.8014877   0.          3.01326762  3.48532782]
 [ 8.93007395  1.15175028  3.01326762  0.          1.1378942 ]
 [ 8.35620448  0.76346062  3.48532782  1.1378942   0.        ]]","[[20.0, 2.0, 2.0, 60.0, 0.0], [45.0, 1.0, 2.0, 60.0, 0.0], [100.0, 2.0, 2.0, 60.0, 0.0], [46.0, 2.0, 1.0, 30.0, 0.0], [29.0, 3.0, 1.0, 30.0, 0.0], [89.0, 2.0, 2.0, 60.0, 0.0], [21.0, 1.0, 2.0, 60.0, 0.0], [110.0, 1.0, 1.0, 30.0, 0.0], [30.0, 2.0, 2.0, 60.0, 0.0], [53.0, 2.0, 2.0, 60.0, 0.0], [35.0, 3.0, 1.0, 30.0, 0.0], [29.0, 3.0, 1.0, 30.0, 0.0], [85.0, 3.0, 2.0, 60.0, 0.0], [21.0, 3.0, 2.0, 60.0, 0.0], [48.0, 2.0, 2.0, 60.0, 0.0], [45.0, 2.0, 2.0, 60.0, 0.0], [88.0, 3.0, 3.0, 120.0, 0.0], [58.0, 2.0, 2.0, 60.0, 0.0], [141.0, 1.0, 2.0, 60.0, 0.0], [445.0, 1.0, 1.0, 30.0, 0.0], [55.0, 2.0, 2.0, 60.0, 0.0], [100.0, 1.0, 3.0, 120.0, 0.0], [25.0, 2.0, 2.0, 60.0, 0.0], [4.0, 1.0, 1.0, 30.0, 0.0], [73.0, 3.0, 2.0, 60.0, 12.021043019829973], [11.0, 1.0, 2.0, 60.0, 23.70199129895224], [24.0, 2.0, 2.0, 60.0, 35.625796298323515], [80.0, 2.0, 2.0, 60.0, 37.02476774758143], [16.0, 2.0, 1.0, 30.0, 37.456954746073315], [45.0, 2.0, 2.0, 60.0, 44.72025732460407], [47.0, 2.0, 2.0, 60.0, 51.770060795891936], [104.0, 2.0, 2.0, 60.0, 67.39154057863942], [79.0, 2.0, 2.0, 60.0, 67.78801156455697], [65.0, 2.0, 2.0, 60.0, 73.02081579727279], [10.0, 3.0, 1.0, 30.0, 73.37299733126183], [92.0, 2.0, 2.0, 60.0, 78.81811547138163], [34.0, 2.0, 2.0, 60.0, 87.47475223580068], [23.0, 1.0, 1.0, 30.0, 89.40922635875023], [55.0, 2.0, 2.0, 60.0, 95.5671546720581], [184.0, 3.0, 2.0, 60.0, 96.33602094118923], [121.0, 3.0, 2.0, 60.0, 96.7939072781402], [61.0, 2.0, 2.0, 60.0, 98.36980328880216], [90.0, 2.0, 2.0, 60.0, 102.87579966565295], [18.0, 1.0, 1.0, 30.0, 104.9407263143454], [13.0, 1.0, 1.0, 30.0, 111.17765606341352], [184.0, 2.0, 2.0, 60.0, 112.29553792447513], [59.0, 3.0, 2.0, 60.0, 121.48538924519744], [87.0, 3.0, 1.0, 30.0, 127.62081856126873], [76.0, 1.0, 1.0, 30.0, 130.89979933108373], [64.0, 2.0, 2.0, 60.0, 132.98523286264282], [79.0, 1.0, 1.0, 30.0, 135.25183130913413], [74.0, 1.0, 1.0, 30.0, 135.6372170444124], [132.0, 1.0, 1.0, 30.0, 136.53537831628518], [13.0, 1.0, 1.0, 30.0, 139.96198057430644], [37.0, 1.0, 1.0, 30.0, 141.90538175510554], [3.0, 1.0, 2.0, 60.0, 148.22641604293108], [105.0, 1.0, 1.0, 30.0, 151.7688691800117], [19.0, 2.0, 2.0, 60.0, 152.9585189515018], [17.0, 2.0, 2.0, 60.0, 155.26396063278915], [45.0, 3.0, 2.0, 60.0, 158.4717443187417], [41.0, 2.0, 2.0, 60.0, 160.19091112593068], [14.0, 3.0, 2.0, 60.0, 161.80046723046223], [40.0, 2.0, 2.0, 60.0, 166.19504064142495], [119.0, 2.0, 2.0, 60.0, 167.67977668606895], [52.0, 2.0, 2.0, 60.0, 174.34828881122837], [52.0, 2.0, 2.0, 60.0, 181.30260874245792], [445.0, 2.0, 1.0, 30.0, 186.72302338228388], [68.0, 2.0, 2.0, 60.0, 187.08816512218607], [55.0, 2.0, 2.0, 60.0, 192.75850263079985], [27.0, 2.0, 2.0, 60.0, 199.5301925701257], [129.0, 1.0, 1.0, 30.0, 205.14039082741283], [45.0, 2.0, 2.0, 60.0, 206.54063642859495], [22.0, 2.0, 1.0, 30.0, 208.1453173837751], [17.0, 1.0, 1.0, 30.0, 208.9739969202831], [24.0, 3.0, 1.0, 30.0, 210.74581448374042], [18.0, 1.0, 1.0, 30.0, 210.85151326578935], [59.0, 2.0, 3.0, 120.0, 211.68829524636791], [58.0, 2.0, 2.0, 60.0, 218.2635794691037], [79.0, 2.0, 2.0, 60.0, 238.24236082502787], [79.0, 1.0, 2.0, 60.0, 241.06005128697106], [91.0, 1.0, 1.0, 30.0, 242.4802497949752], [62.0, 2.0, 2.0, 60.0, 244.4690310645114], [134.0, 3.0, 2.0, 60.0, 246.27574217918595], [80.0, 2.0, 2.0, 60.0, 246.92391019530396], [22.0, 2.0, 2.0, 60.0, 252.340535869662], [79.0, 1.0, 1.0, 30.0, 259.21978013724924], [107.0, 2.0, 2.0, 60.0, 266.7588257904633], [53.0, 2.0, 2.0, 60.0, 293.3082397692622], [55.0, 3.0, 1.0, 30.0, 303.841540943146], [17.0, 1.0, 1.0, 30.0, 312.06587014562393], [46.0, 3.0, 2.0, 60.0, 317.28332755550696], [84.0, 1.0, 1.0, 30.0, 320.2459485503109], [29.0, 3.0, 1.0, 30.0, 320.46821633167013], [93.0, 2.0, 2.0, 60.0, 325.25123026577114], [10.0, 1.0, 1.0, 30.0, 328.35814570323583], [72.0, 3.0, 1.0, 30.0, 335.8979525787838], [105.0, 1.0, 2.0, 60.0, 346.037960484565], [9.0, 3.0, 1.0, 30.0, 347.69830455805135], [66.0, 2.0, 1.0, 30.0, 347.94705816407], [12.0, 2.0, 2.0, 60.0, 352.5711693396838], [64.0, 1.0, 2.0, 60.0, 365.3382663386541], [134.0, 3.0, 2.0, 60.0, 369.44362432169635], [99.0, 2.0, 2.0, 60.0, 380.09833875091823], [28.0, 1.0, 1.0, 30.0, 383.8634124776174], [86.0, 2.0, 2.0, 60.0, 390.4333827158369], [100.0, 3.0, 3.0, 120.0, 391.8772976892559], [111.0, 1.0, 1.0, 30.0, 392.54938394344936], [19.0, 1.0, 1.0, 30.0, 393.26178810715084], [100.0, 3.0, 3.0, 120.0, 393.85019969752625], [47.0, 2.0, 2.0, 60.0, 394.1235652920939], [100.0, 2.0, 3.0, 120.0, 402.7065312495663], [272.0, 1.0, 1.0, 30.0, 404.9496062434009], [40.0, 2.0, 2.0, 60.0, 406.8802625567264], [81.0, 1.0, 2.0, 60.0, 411.5550592296831], [13.0, 2.0, 2.0, 60.0, 412.491396507024], [60.0, 2.0, 2.0, 60.0, 422.0828587162822], [92.0, 2.0, 2.0, 60.0, 428.54263891348444], [5.0, 1.0, 1.0, 30.0, 430.18884989348794], [32.0, 2.0, 2.0, 60.0, 431.1918089653501], [115.0, 3.0, 1.0, 30.0, 433.84690701169285]]",[119],"[[0], [0], [2, 0, 3, 0]]",[2],200,10
169,481.73980336189277,0.018055395285288493,0.2779209294132443,0.38254250870304574,0.14036592139247994,31.342553854884482,120.91612877181097,43.141260379782146,156.3122483465039,93,0.0,0.0,1.1501093352224639e-15,"[0, 0, 0]","[31.877757915514966, 65.50266235991931, 4.377741936371866]",6,6000,"[[ 0.          8.55564037 11.27750757  8.93007395  8.35620448]
 [ 8.55564037  0.          2.8014877   1.15175028  0.76346062]
 [11.27750757  2.8014877   0.          3.01326762  3.48532782]
 [ 8.93007395  1.15175028  3.01326762  0.          1.1378942 ]
 [ 8.35620448  0.76346062  3.48532782  1.1378942   0.        ]]","[[20.0, 2.0, 2.0, 60.0, 0.0], [45.0, 1.0, 2.0, 60.0, 0.0], [100.0, 2.0, 2.0, 60.0, 0.0], [46.0, 2.0, 1.0, 30.0, 0.0], [29.0, 3.0, 1.0, 30.0, 0.0], [89.0, 2.0, 2.0, 60.0, 0.0], [21.0, 1.0, 2.0, 60.0, 0.0], [110.0, 1.0, 1.0, 30.0, 0.0], [30.0, 2.0, 2.0, 60.0, 0.0], [53.0, 2.0, 2.0, 60.0, 0.0], [35.0, 3.0, 1.0, 30.0, 0.0], [29.0, 3.0, 1.0, 30.0, 0.0], [85.0, 3.0, 2.0, 60.0, 0.0], [21.0, 3.0, 2.0, 60.0, 0.0], [48.0, 2.0, 2.0, 60.0, 0.0], [45.0, 2.0, 2.0, 60.0, 0.0], [88.0, 3.0, 3.0, 120.0, 0.0], [58.0, 2.0, 2.0, 60.0, 0.0], [141.0, 1.0, 2.0, 60.0, 0.0], [445.0, 1.0, 1.0, 30.0, 0.0], [55.0, 2.0, 2.0, 60.0, 0.0], [100.0, 1.0, 3.0, 120.0, 0.0], [25.0, 2.0, 2.0, 60.0, 0.0], [4.0, 1.0, 1.0, 30.0, 0.0], [73.0, 3.0, 2.0, 60.0, 12.021043019829973], [11.0, 1.0, 2.0, 60.0, 23.70199129895224], [24.0, 2.0, 2.0, 60.0, 35.625796298323515], [80.0, 2.0, 2.0, 60.0, 37.02476774758143], [16.0, 2.0, 1.0, 30.0, 37.456954746073315], [45.0, 2.0, 2.0, 60.0, 44.72025732460407], [47.0, 2.0, 2.0, 60.0, 51.770060795891936], [104.0, 2.0, 2.0, 60.0, 67.39154057863942], [79.0, 2.0, 2.0, 60.0, 67.78801156455697], [65.0, 2.0, 2.0, 60.0, 73.02081579727279], [10.0, 3.0, 1.0, 30.0, 73.37299733126183], [92.0, 2.0, 2.0, 60.0, 78.81811547138163], [34.0, 2.0, 2.0, 60.0, 87.47475223580068], [23.0, 1.0, 1.0, 30.0, 89.40922635875023], [55.0, 2.0, 2.0, 60.0, 95.5671546720581], [184.0, 3.0, 2.0, 60.0, 96.33602094118923], [121.0, 3.0, 2.0, 60.0, 96.7939072781402], [61.0, 2.0, 2.0, 60.0, 98.36980328880216], [90.0, 2.0, 2.0, 60.0, 102.87579966565295], [18.0, 1.0, 1.0, 30.0, 104.9407263143454], [13.0, 1.0, 1.0, 30.0, 111.17765606341352], [184.0, 2.0, 2.0, 60.0, 112.29553792447513], [59.0, 3.0, 2.0, 60.0, 121.48538924519744], [87.0, 3.0, 1.0, 30.0, 127.62081856126873], [76.0, 1.0, 1.0, 30.0, 130.89979933108373], [64.0, 2.0, 2.0, 60.0, 132.98523286264282], [79.0, 1.0, 1.0, 30.0, 135.25183130913413], [74.0, 1.0, 1.0, 30.0, 135.6372170444124], [132.0, 1.0, 1.0, 30.0, 136.53537831628518], [13.0, 1.0, 1.0, 30.0, 139.96198057430644], [37.0, 1.0, 1.0, 30.0, 141.90538175510554], [3.0, 1.0, 2.0, 60.0, 148.22641604293108], [105.0, 1.0, 1.0, 30.0, 151.7688691800117], [19.0, 2.0, 2.0, 60.0, 152.9585189515018], [17.0, 2.0, 2.0, 60.0, 155.26396063278915], [45.0, 3.0, 2.0, 60.0, 158.4717443187417], [41.0, 2.0, 2.0, 60.0, 160.19091112593068], [14.0, 3.0, 2.0, 60.0, 161.80046723046223], [40.0, 2.0, 2.0, 60.0, 166.19504064142495], [119.0, 2.0, 2.0, 60.0, 167.67977668606895], [52.0, 2.0, 2.0, 60.0, 174.34828881122837], [52.0, 2.0, 2.0, 60.0, 181.30260874245792], [445.0, 2.0, 1.0, 30.0, 186.72302338228388], [68.0, 2.0, 2.0, 60.0, 187.08816512218607], [55.0, 2.0, 2.0, 60.0, 192.75850263079985], [27.0, 2.0, 2.0, 60.0, 199.5301925701257], [129.0, 1.0, 1.0, 30.0, 205.14039082741283], [45.0, 2.0, 2.0, 60.0, 206.54063642859495], [22.0, 2.0, 1.0, 30.0, 208.1453173837751], [17.0, 1.0, 1.0, 30.0, 208.9739969202831], [24.0, 3.0, 1.0, 30.0, 210.74581448374042], [18.0, 1.0, 1.0, 30.0, 210.85151326578935], [59.0, 2.0, 3.0, 120.0, 211.68829524636791], [58.0, 2.0, 2.0, 60.0, 218.2635794691037], [79.0, 2.0, 2.0, 60.0, 238.24236082502787], [79.0, 1.0, 2.0, 60.0, 241.06005128697106], [91.0, 1.0, 1.0, 30.0, 242.4802497949752], [62.0, 2.0, 2.0, 60.0, 244.4690310645114], [134.0, 3.0, 2.0, 60.0, 246.27574217918595], [80.0, 2.0, 2.0, 60.0, 246.92391019530396], [22.0, 2.0, 2.0, 60.0, 252.340535869662], [79.0, 1.0, 1.0, 30.0, 259.21978013724924], [107.0, 2.0, 2.0, 60.0, 266.7588257904633], [53.0, 2.0, 2.0, 60.0, 293.3082397692622], [55.0, 3.0, 1.0, 30.0, 303.841540943146], [17.0, 1.0, 1.0, 30.0, 312.06587014562393], [46.0, 3.0, 2.0, 60.0, 317.28332755550696], [84.0, 1.0, 1.0, 30.0, 320.2459485503109], [29.0, 3.0, 1.0, 30.0, 320.46821633167013], [93.0, 2.0, 2.0, 60.0, 325.25123026577114], [10.0, 1.0, 1.0, 30.0, 328.35814570323583], [72.0, 3.0, 1.0, 30.0, 335.8979525787838], [105.0, 1.0, 2.0, 60.0, 346.037960484565], [9.0, 3.0, 1.0, 30.0, 347.69830455805135], [66.0, 2.0, 1.0, 30.0, 347.94705816407], [12.0, 2.0, 2.0, 60.0, 352.5711693396838], [64.0, 1.0, 2.0, 60.0, 365.3382663386541], [134.0, 3.0, 2.0, 60.0, 369.44362432169635], [99.0, 2.0, 2.0, 60.0, 380.09833875091823], [28.0, 1.0, 1.0, 30.0, 383.8634124776174], [86.0, 2.0, 2.0, 60.0, 390.4333827158369], [100.0, 3.0, 3.0, 120.0, 391.8772976892559], [111.0, 1.0, 1.0, 30.0, 392.54938394344936], [19.0, 1.0, 1.0, 30.0, 393.26178810715084], [100.0, 3.0, 3.0, 120.0, 393.85019969752625], [47.0, 2.0, 2.0, 60.0, 394.1235652920939], [100.0, 2.0, 3.0, 120.0, 402.7065312495663], [272.0, 1.0, 1.0, 30.0, 404.9496062434009], [40.0, 2.0, 2.0, 60.0, 406.8802625567264], [81.0, 1.0, 2.0, 60.0, 411.5550592296831], [13.0, 2.0, 2.0, 60.0, 412.491396507024], [60.0, 2.0, 2.0, 60.0, 422.0828587162822], [92.0, 2.0, 2.0, 60.0, 428.54263891348444], [5.0, 1.0, 1.0, 30.0, 430.18884989348794], [32.0, 2.0, 2.0, 60.0, 431.1918089653501], [115.0, 3.0, 1.0, 30.0, 433.84690701169285]]",[119],"[[0], [0], [0, 3, 0]]",[2],200,10
170,486.75785875717804,0.018957904974619546,0.23342479084834267,0.33805867223743663,0.14036893948307133,26.324498459599194,120.91612877181097,38.12459235467591,156.3164104570411,93,0.0,0.0,1.1501093352224639e-15,"[0, 0, 0]","[36.89581331080025, 70.5207177552046, 9.395797331657153]",6,6000,"[[ 0.          8.55564037 11.27750757  8.93007395  8.35620448]
 [ 8.55564037  0.          2.8014877   1.15175028  0.76346062]
 [11.27750757  2.8014877   0.          3.01326762  3.48532782]
 [ 8.93007395  1.15175028  3.01326762  0.          1.1378942 ]
 [ 8.35620448  0.76346062  3.48532782  1.1378942   0.        ]]","[[20.0, 2.0, 2.0, 60.0, 0.0], [45.0, 1.0, 2.0, 60.0, 0.0], [100.0, 2.0, 2.0, 60.0, 0.0], [46.0, 2.0, 1.0, 30.0, 0.0], [29.0, 3.0, 1.0, 30.0, 0.0], [89.0, 2.0, 2.0, 60.0, 0.0], [21.0, 1.0, 2.0, 60.0, 0.0], [110.0, 1.0, 1.0, 30.0, 0.0], [30.0, 2.0, 2.0, 60.0, 0.0], [53.0, 2.0, 2.0, 60.0, 0.0], [35.0, 3.0, 1.0, 30.0, 0.0], [29.0, 3.0, 1.0, 30.0, 0.0], [85.0, 3.0, 2.0, 60.0, 0.0], [21.0, 3.0, 2.0, 60.0, 0.0], [48.0, 2.0, 2.0, 60.0, 0.0], [45.0, 2.0, 2.0, 60.0, 0.0], [88.0, 3.0, 3.0, 120.0, 0.0], [58.0, 2.0, 2.0, 60.0, 0.0], [141.0, 1.0, 2.0, 60.0, 0.0], [445.0, 1.0, 1.0, 30.0, 0.0], [55.0, 2.0, 2.0, 60.0, 0.0], [100.0, 1.0, 3.0, 120.0, 0.0], [25.0, 2.0, 2.0, 60.0, 0.0], [4.0, 1.0, 1.0, 30.0, 0.0], [73.0, 3.0, 2.0, 60.0, 12.021043019829973], [11.0, 1.0, 2.0, 60.0, 23.70199129895224], [24.0, 2.0, 2.0, 60.0, 35.625796298323515], [80.0, 2.0, 2.0, 60.0, 37.02476774758143], [16.0, 2.0, 1.0, 30.0, 37.456954746073315], [45.0, 2.0, 2.0, 60.0, 44.72025732460407], [47.0, 2.0, 2.0, 60.0, 51.770060795891936], [104.0, 2.0, 2.0, 60.0, 67.39154057863942], [79.0, 2.0, 2.0, 60.0, 67.78801156455697], [65.0, 2.0, 2.0, 60.0, 73.02081579727279], [10.0, 3.0, 1.0, 30.0, 73.37299733126183], [92.0, 2.0, 2.0, 60.0, 78.81811547138163], [34.0, 2.0, 2.0, 60.0, 87.47475223580068], [23.0, 1.0, 1.0, 30.0, 89.40922635875023], [55.0, 2.0, 2.0, 60.0, 95.5671546720581], [184.0, 3.0, 2.0, 60.0, 96.33602094118923], [121.0, 3.0, 2.0, 60.0, 96.7939072781402], [61.0, 2.0, 2.0, 60.0, 98.36980328880216], [90.0, 2.0, 2.0, 60.0, 102.87579966565295], [18.0, 1.0, 1.0, 30.0, 104.9407263143454], [13.0, 1.0, 1.0, 30.0, 111.17765606341352], [184.0, 2.0, 2.0, 60.0, 112.29553792447513], [59.0, 3.0, 2.0, 60.0, 121.48538924519744], [87.0, 3.0, 1.0, 30.0, 127.62081856126873], [76.0, 1.0, 1.0, 30.0, 130.89979933108373], [64.0, 2.0, 2.0, 60.0, 132.98523286264282], [79.0, 1.0, 1.0, 30.0, 135.25183130913413], [74.0, 1.0, 1.0, 30.0, 135.6372170444124], [132.0, 1.0, 1.0, 30.0, 136.53537831628518], [13.0, 1.0, 1.0, 30.0, 139.96198057430644], [37.0, 1.0, 1.0, 30.0, 141.90538175510554], [3.0, 1.0, 2.0, 60.0, 148.22641604293108], [105.0, 1.0, 1.0, 30.0, 151.7688691800117], [19.0, 2.0, 2.0, 60.0, 152.9585189515018], [17.0, 2.0, 2.0, 60.0, 155.26396063278915], [45.0, 3.0, 2.0, 60.0, 158.4717443187417], [41.0, 2.0, 2.0, 60.0, 160.19091112593068], [14.0, 3.0, 2.0, 60.0, 161.80046723046223], [40.0, 2.0, 2.0, 60.0, 166.19504064142495], [119.0, 2.0, 2.0, 60.0, 167.67977668606895], [52.0, 2.0, 2.0, 60.0, 174.34828881122837], [52.0, 2.0, 2.0, 60.0, 181.30260874245792], [445.0, 2.0, 1.0, 30.0, 186.72302338228388], [68.0, 2.0, 2.0, 60.0, 187.08816512218607], [55.0, 2.0, 2.0, 60.0, 192.75850263079985], [27.0, 2.0, 2.0, 60.0, 199.5301925701257], [129.0, 1.0, 1.0, 30.0, 205.14039082741283], [45.0, 2.0, 2.0, 60.0, 206.54063642859495], [22.0, 2.0, 1.0, 30.0, 208.1453173837751], [17.0, 1.0, 1.0, 30.0, 208.9739969202831], [24.0, 3.0, 1.0, 30.0, 210.74581448374042], [18.0, 1.0, 1.0, 30.0, 210.85151326578935], [59.0, 2.0, 3.0, 120.0, 211.68829524636791], [58.0, 2.0, 2.0, 60.0, 218.2635794691037], [79.0, 2.0, 2.0, 60.0, 238.24236082502787], [79.0, 1.0, 2.0, 60.0, 241.06005128697106], [91.0, 1.0, 1.0, 30.0, 242.4802497949752], [62.0, 2.0, 2.0, 60.0, 244.4690310645114], [134.0, 3.0, 2.0, 60.0, 246.27574217918595], [80.0, 2.0, 2.0, 60.0, 246.92391019530396], [22.0, 2.0, 2.0, 60.0, 252.340535869662], [79.0, 1.0, 1.0, 30.0, 259.21978013724924], [107.0, 2.0, 2.0, 60.0, 266.7588257904633], [53.0, 2.0, 2.0, 60.0, 293.3082397692622], [55.0, 3.0, 1.0, 30.0, 303.841540943146], [17.0, 1.0, 1.0, 30.0, 312.06587014562393], [46.0, 3.0, 2.0, 60.0, 317.28332755550696], [84.0, 1.0, 1.0, 30.0, 320.2459485503109], [29.0, 3.0, 1.0, 30.0, 320.46821633167013], [93.0, 2.0, 2.0, 60.0, 325.25123026577114], [10.0, 1.0, 1.0, 30.0, 328.35814570323583], [72.0, 3.0, 1.0, 30.0, 335.8979525787838], [105.0, 1.0, 2.0, 60.0, 346.037960484565], [9.0, 3.0, 1.0, 30.0, 347.69830455805135], [66.0, 2.0, 1.0, 30.0, 347.94705816407], [12.0, 2.0, 2.0, 60.0, 352.5711693396838], [64.0, 1.0, 2.0, 60.0, 365.3382663386541], [134.0, 3.0, 2.0, 60.0, 369.44362432169635], [99.0, 2.0, 2.0, 60.0, 380.09833875091823], [28.0, 1.0, 1.0, 30.0, 383.8634124776174], [86.0, 2.0, 2.0, 60.0, 390.4333827158369], [100.0, 3.0, 3.0, 120.0, 391.8772976892559], [111.0, 1.0, 1.0, 30.0, 392.54938394344936], [19.0, 1.0, 1.0, 30.0, 393.26178810715084], [100.0, 3.0, 3.0, 120.0, 393.85019969752625], [47.0, 2.0, 2.0, 60.0, 394.1235652920939], [100.0, 2.0, 3.0, 120.0, 402.7065312495663], [272.0, 1.0, 1.0, 30.0, 404.9496062434009], [40.0, 2.0, 2.0, 60.0, 406.8802625567264], [81.0, 1.0, 2.0, 60.0, 411.5550592296831], [13.0, 2.0, 2.0, 60.0, 412.491396507024], [60.0, 2.0, 2.0, 60.0, 422.0828587162822], [92.0, 2.0, 2.0, 60.0, 428.54263891348444], [5.0, 1.0, 1.0, 30.0, 430.18884989348794], [32.0, 2.0, 2.0, 60.0, 431.1918089653501], [115.0, 3.0, 1.0, 30.0, 433.84690701169285]]",[119],"[[0], [0], [0, 3, 0]]",[2],200,10
171,491.77681666215267,0.018118655681610106,0.18892064954273186,0.29354250287383493,0.14036527453679287,21.305540554624574,120.91612877181097,33.104277984550784,156.31234106158954,93,0.0,0.0,1.1501093352224639e-15,"[0, 0, 0]","[41.91477121577487, 75.53967566017921, 14.414755236631773]",6,6000,"[[ 0.          8.55564037 11.27750757  8.93007395  8.35620448]
 [ 8.55564037  0.          2.8014877   1.15175028  0.76346062]
 [11.27750757  2.8014877   0.          3.01326762  3.48532782]
 [ 8.93007395  1.15175028  3.01326762  0.          1.1378942 ]
 [ 8.35620448  0.76346062  3.48532782  1.1378942   0.        ]]","[[20.0, 2.0, 2.0, 60.0, 0.0], [45.0, 1.0, 2.0, 60.0, 0.0], [100.0, 2.0, 2.0, 60.0, 0.0], [46.0, 2.0, 1.0, 30.0, 0.0], [29.0, 3.0, 1.0, 30.0, 0.0], [89.0, 2.0, 2.0, 60.0, 0.0], [21.0, 1.0, 2.0, 60.0, 0.0], [110.0, 1.0, 1.0, 30.0, 0.0], [30.0, 2.0, 2.0, 60.0, 0.0], [53.0, 2.0, 2.0, 60.0, 0.0], [35.0, 3.0, 1.0, 30.0, 0.0], [29.0, 3.0, 1.0, 30.0, 0.0], [85.0, 3.0, 2.0, 60.0, 0.0], [21.0, 3.0, 2.0, 60.0, 0.0], [48.0, 2.0, 2.0, 60.0, 0.0], [45.0, 2.0, 2.0, 60.0, 0.0], [88.0, 3.0, 3.0, 120.0, 0.0], [58.0, 2.0, 2.0, 60.0, 0.0], [141.0, 1.0, 2.0, 60.0, 0.0], [445.0, 1.0, 1.0, 30.0, 0.0], [55.0, 2.0, 2.0, 60.0, 0.0], [100.0, 1.0, 3.0, 120.0, 0.0], [25.0, 2.0, 2.0, 60.0, 0.0], [4.0, 1.0, 1.0, 30.0, 0.0], [73.0, 3.0, 2.0, 60.0, 12.021043019829973], [11.0, 1.0, 2.0, 60.0, 23.70199129895224], [24.0, 2.0, 2.0, 60.0, 35.625796298323515], [80.0, 2.0, 2.0, 60.0, 37.02476774758143], [16.0, 2.0, 1.0, 30.0, 37.456954746073315], [45.0, 2.0, 2.0, 60.0, 44.72025732460407], [47.0, 2.0, 2.0, 60.0, 51.770060795891936], [104.0, 2.0, 2.0, 60.0, 67.39154057863942], [79.0, 2.0, 2.0, 60.0, 67.78801156455697], [65.0, 2.0, 2.0, 60.0, 73.02081579727279], [10.0, 3.0, 1.0, 30.0, 73.37299733126183], [92.0, 2.0, 2.0, 60.0, 78.81811547138163], [34.0, 2.0, 2.0, 60.0, 87.47475223580068], [23.0, 1.0, 1.0, 30.0, 89.40922635875023], [55.0, 2.0, 2.0, 60.0, 95.5671546720581], [184.0, 3.0, 2.0, 60.0, 96.33602094118923], [121.0, 3.0, 2.0, 60.0, 96.7939072781402], [61.0, 2.0, 2.0, 60.0, 98.36980328880216], [90.0, 2.0, 2.0, 60.0, 102.87579966565295], [18.0, 1.0, 1.0, 30.0, 104.9407263143454], [13.0, 1.0, 1.0, 30.0, 111.17765606341352], [184.0, 2.0, 2.0, 60.0, 112.29553792447513], [59.0, 3.0, 2.0, 60.0, 121.48538924519744], [87.0, 3.0, 1.0, 30.0, 127.62081856126873], [76.0, 1.0, 1.0, 30.0, 130.89979933108373], [64.0, 2.0, 2.0, 60.0, 132.98523286264282], [79.0, 1.0, 1.0, 30.0, 135.25183130913413], [74.0, 1.0, 1.0, 30.0, 135.6372170444124], [132.0, 1.0, 1.0, 30.0, 136.53537831628518], [13.0, 1.0, 1.0, 30.0, 139.96198057430644], [37.0, 1.0, 1.0, 30.0, 141.90538175510554], [3.0, 1.0, 2.0, 60.0, 148.22641604293108], [105.0, 1.0, 1.0, 30.0, 151.7688691800117], [19.0, 2.0, 2.0, 60.0, 152.9585189515018], [17.0, 2.0, 2.0, 60.0, 155.26396063278915], [45.0, 3.0, 2.0, 60.0, 158.4717443187417], [41.0, 2.0, 2.0, 60.0, 160.19091112593068], [14.0, 3.0, 2.0, 60.0, 161.80046723046223], [40.0, 2.0, 2.0, 60.0, 166.19504064142495], [119.0, 2.0, 2.0, 60.0, 167.67977668606895], [52.0, 2.0, 2.0, 60.0, 174.34828881122837], [52.0, 2.0, 2.0, 60.0, 181.30260874245792], [445.0, 2.0, 1.0, 30.0, 186.72302338228388], [68.0, 2.0, 2.0, 60.0, 187.08816512218607], [55.0, 2.0, 2.0, 60.0, 192.75850263079985], [27.0, 2.0, 2.0, 60.0, 199.5301925701257], [129.0, 1.0, 1.0, 30.0, 205.14039082741283], [45.0, 2.0, 2.0, 60.0, 206.54063642859495], [22.0, 2.0, 1.0, 30.0, 208.1453173837751], [17.0, 1.0, 1.0, 30.0, 208.9739969202831], [24.0, 3.0, 1.0, 30.0, 210.74581448374042], [18.0, 1.0, 1.0, 30.0, 210.85151326578935], [59.0, 2.0, 3.0, 120.0, 211.68829524636791], [58.0, 2.0, 2.0, 60.0, 218.2635794691037], [79.0, 2.0, 2.0, 60.0, 238.24236082502787], [79.0, 1.0, 2.0, 60.0, 241.06005128697106], [91.0, 1.0, 1.0, 30.0, 242.4802497949752], [62.0, 2.0, 2.0, 60.0, 244.4690310645114], [134.0, 3.0, 2.0, 60.0, 246.27574217918595], [80.0, 2.0, 2.0, 60.0, 246.92391019530396], [22.0, 2.0, 2.0, 60.0, 252.340535869662], [79.0, 1.0, 1.0, 30.0, 259.21978013724924], [107.0, 2.0, 2.0, 60.0, 266.7588257904633], [53.0, 2.0, 2.0, 60.0, 293.3082397692622], [55.0, 3.0, 1.0, 30.0, 303.841540943146], [17.0, 1.0, 1.0, 30.0, 312.06587014562393], [46.0, 3.0, 2.0, 60.0, 317.28332755550696], [84.0, 1.0, 1.0, 30.0, 320.2459485503109], [29.0, 3.0, 1.0, 30.0, 320.46821633167013], [93.0, 2.0, 2.0, 60.0, 325.25123026577114], [10.0, 1.0, 1.0, 30.0, 328.35814570323583], [72.0, 3.0, 1.0, 30.0, 335.8979525787838], [105.0, 1.0, 2.0, 60.0, 346.037960484565], [9.0, 3.0, 1.0, 30.0, 347.69830455805135], [66.0, 2.0, 1.0, 30.0, 347.94705816407], [12.0, 2.0, 2.0, 60.0, 352.5711693396838], [64.0, 1.0, 2.0, 60.0, 365.3382663386541], [134.0, 3.0, 2.0, 60.0, 369.44362432169635], [99.0, 2.0, 2.0, 60.0, 380.09833875091823], [28.0, 1.0, 1.0, 30.0, 383.8634124776174], [86.0, 2.0, 2.0, 60.0, 390.4333827158369], [100.0, 3.0, 3.0, 120.0, 391.8772976892559], [111.0, 1.0, 1.0, 30.0, 392.54938394344936], [19.0, 1.0, 1.0, 30.0, 393.26178810715084], [100.0, 3.0, 3.0, 120.0, 393.85019969752625], [47.0, 2.0, 2.0, 60.0, 394.1235652920939], [100.0, 2.0, 3.0, 120.0, 402.7065312495663], [272.0, 1.0, 1.0, 30.0, 404.9496062434009], [40.0, 2.0, 2.0, 60.0, 406.8802625567264], [81.0, 1.0, 2.0, 60.0, 411.5550592296831], [13.0, 2.0, 2.0, 60.0, 412.491396507024], [60.0, 2.0, 2.0, 60.0, 422.0828587162822], [92.0, 2.0, 2.0, 60.0, 428.54263891348444], [5.0, 1.0, 1.0, 30.0, 430.18884989348794], [32.0, 2.0, 2.0, 60.0, 431.1918089653501], [115.0, 3.0, 1.0, 30.0, 433.84690701169285]]",[119],"[[0], [0], [0, 3, 0]]",[2],200,10
172,496.7949353178343,0.020931553840637208,0.23247597647449103,0.3371097450580887,0.14036891097939436,26.217495846757053,150.70635061525326,38.01757702018539,186.10659413553824,93,0.0,0.0,1.1501093352224639e-15,"[0, 0, 0]","[46.93288987145648, 80.55779431586082, 9.502799944499294]",6,6000,"[[ 0.          8.55564037 11.27750757  8.93007395  8.35620448]
 [ 8.55564037  0.          2.8014877   1.15175028  0.76346062]
 [11.27750757  2.8014877   0.          3.01326762  3.48532782]
 [ 8.93007395  1.15175028  3.01326762  0.          1.1378942 ]
 [ 8.35620448  0.76346062  3.48532782  1.1378942   0.        ]]","[[20.0, 2.0, 2.0, 60.0, 0.0], [45.0, 1.0, 2.0, 60.0, 0.0], [100.0, 2.0, 2.0, 60.0, 0.0], [46.0, 2.0, 1.0, 30.0, 0.0], [29.0, 3.0, 1.0, 30.0, 0.0], [89.0, 2.0, 2.0, 60.0, 0.0], [21.0, 1.0, 2.0, 60.0, 0.0], [110.0, 1.0, 1.0, 30.0, 0.0], [30.0, 2.0, 2.0, 60.0, 0.0], [53.0, 2.0, 2.0, 60.0, 0.0], [35.0, 3.0, 1.0, 30.0, 0.0], [29.0, 3.0, 1.0, 30.0, 0.0], [85.0, 3.0, 2.0, 60.0, 0.0], [21.0, 3.0, 2.0, 60.0, 0.0], [48.0, 2.0, 2.0, 60.0, 0.0], [45.0, 2.0, 2.0, 60.0, 0.0], [88.0, 3.0, 3.0, 120.0, 0.0], [58.0, 2.0, 2.0, 60.0, 0.0], [141.0, 1.0, 2.0, 60.0, 0.0], [445.0, 1.0, 1.0, 30.0, 0.0], [55.0, 2.0, 2.0, 60.0, 0.0], [100.0, 1.0, 3.0, 120.0, 0.0], [25.0, 2.0, 2.0, 60.0, 0.0], [4.0, 1.0, 1.0, 30.0, 0.0], [73.0, 3.0, 2.0, 60.0, 12.021043019829973], [11.0, 1.0, 2.0, 60.0, 23.70199129895224], [24.0, 2.0, 2.0, 60.0, 35.625796298323515], [80.0, 2.0, 2.0, 60.0, 37.02476774758143], [16.0, 2.0, 1.0, 30.0, 37.456954746073315], [45.0, 2.0, 2.0, 60.0, 44.72025732460407], [47.0, 2.0, 2.0, 60.0, 51.770060795891936], [104.0, 2.0, 2.0, 60.0, 67.39154057863942], [79.0, 2.0, 2.0, 60.0, 67.78801156455697], [65.0, 2.0, 2.0, 60.0, 73.02081579727279], [10.0, 3.0, 1.0, 30.0, 73.37299733126183], [92.0, 2.0, 2.0, 60.0, 78.81811547138163], [34.0, 2.0, 2.0, 60.0, 87.47475223580068], [23.0, 1.0, 1.0, 30.0, 89.40922635875023], [55.0, 2.0, 2.0, 60.0, 95.5671546720581], [184.0, 3.0, 2.0, 60.0, 96.33602094118923], [121.0, 3.0, 2.0, 60.0, 96.7939072781402], [61.0, 2.0, 2.0, 60.0, 98.36980328880216], [90.0, 2.0, 2.0, 60.0, 102.87579966565295], [18.0, 1.0, 1.0, 30.0, 104.9407263143454], [13.0, 1.0, 1.0, 30.0, 111.17765606341352], [184.0, 2.0, 2.0, 60.0, 112.29553792447513], [59.0, 3.0, 2.0, 60.0, 121.48538924519744], [87.0, 3.0, 1.0, 30.0, 127.62081856126873], [76.0, 1.0, 1.0, 30.0, 130.89979933108373], [64.0, 2.0, 2.0, 60.0, 132.98523286264282], [79.0, 1.0, 1.0, 30.0, 135.25183130913413], [74.0, 1.0, 1.0, 30.0, 135.6372170444124], [132.0, 1.0, 1.0, 30.0, 136.53537831628518], [13.0, 1.0, 1.0, 30.0, 139.96198057430644], [37.0, 1.0, 1.0, 30.0, 141.90538175510554], [3.0, 1.0, 2.0, 60.0, 148.22641604293108], [105.0, 1.0, 1.0, 30.0, 151.7688691800117], [19.0, 2.0, 2.0, 60.0, 152.9585189515018], [17.0, 2.0, 2.0, 60.0, 155.26396063278915], [45.0, 3.0, 2.0, 60.0, 158.4717443187417], [41.0, 2.0, 2.0, 60.0, 160.19091112593068], [14.0, 3.0, 2.0, 60.0, 161.80046723046223], [40.0, 2.0, 2.0, 60.0, 166.19504064142495], [119.0, 2.0, 2.0, 60.0, 167.67977668606895], [52.0, 2.0, 2.0, 60.0, 174.34828881122837], [52.0, 2.0, 2.0, 60.0, 181.30260874245792], [445.0, 2.0, 1.0, 30.0, 186.72302338228388], [68.0, 2.0, 2.0, 60.0, 187.08816512218607], [55.0, 2.0, 2.0, 60.0, 192.75850263079985], [27.0, 2.0, 2.0, 60.0, 199.5301925701257], [129.0, 1.0, 1.0, 30.0, 205.14039082741283], [45.0, 2.0, 2.0, 60.0, 206.54063642859495], [22.0, 2.0, 1.0, 30.0, 208.1453173837751], [17.0, 1.0, 1.0, 30.0, 208.9739969202831], [24.0, 3.0, 1.0, 30.0, 210.74581448374042], [18.0, 1.0, 1.0, 30.0, 210.85151326578935], [59.0, 2.0, 3.0, 120.0, 211.68829524636791], [58.0, 2.0, 2.0, 60.0, 218.2635794691037], [79.0, 2.0, 2.0, 60.0, 238.24236082502787], [79.0, 1.0, 2.0, 60.0, 241.06005128697106], [91.0, 1.0, 1.0, 30.0, 242.4802497949752], [62.0, 2.0, 2.0, 60.0, 244.4690310645114], [134.0, 3.0, 2.0, 60.0, 246.27574217918595], [80.0, 2.0, 2.0, 60.0, 246.92391019530396], [22.0, 2.0, 2.0, 60.0, 252.340535869662], [79.0, 1.0, 1.0, 30.0, 259.21978013724924], [107.0, 2.0, 2.0, 60.0, 266.7588257904633], [53.0, 2.0, 2.0, 60.0, 293.3082397692622], [55.0, 3.0, 1.0, 30.0, 303.841540943146], [17.0, 1.0, 1.0, 30.0, 312.06587014562393], [46.0, 3.0, 2.0, 60.0, 317.28332755550696], [84.0, 1.0, 1.0, 30.0, 320.2459485503109], [29.0, 3.0, 1.0, 30.0, 320.46821633167013], [93.0, 2.0, 2.0, 60.0, 325.25123026577114], [10.0, 1.0, 1.0, 30.0, 328.35814570323583], [72.0, 3.0, 1.0, 30.0, 335.8979525787838], [105.0, 1.0, 2.0, 60.0, 346.037960484565], [9.0, 3.0, 1.0, 30.0, 347.69830455805135], [66.0, 2.0, 1.0, 30.0, 347.94705816407], [12.0, 2.0, 2.0, 60.0, 352.5711693396838], [64.0, 1.0, 2.0, 60.0, 365.3382663386541], [134.0, 3.0, 2.0, 60.0, 369.44362432169635], [99.0, 2.0, 2.0, 60.0, 380.09833875091823], [28.0, 1.0, 1.0, 30.0, 383.8634124776174], [86.0, 2.0, 2.0, 60.0, 390.4333827158369], [100.0, 3.0, 3.0, 120.0, 391.8772976892559], [111.0, 1.0, 1.0, 30.0, 392.54938394344936], [19.0, 1.0, 1.0, 30.0, 393.26178810715084], [100.0, 3.0, 3.0, 120.0, 393.85019969752625], [47.0, 2.0, 2.0, 60.0, 394.1235652920939], [100.0, 2.0, 3.0, 120.0, 402.7065312495663], [272.0, 1.0, 1.0, 30.0, 404.9496062434009], [40.0, 2.0, 2.0, 60.0, 406.8802625567264], [81.0, 1.0, 2.0, 60.0, 411.5550592296831], [13.0, 2.0, 2.0, 60.0, 412.491396507024], [60.0, 2.0, 2.0, 60.0, 422.0828587162822], [92.0, 2.0, 2.0, 60.0, 428.54263891348444], [5.0, 1.0, 1.0, 30.0, 430.18884989348794], [32.0, 2.0, 2.0, 60.0, 431.1918089653501], [115.0, 3.0, 1.0, 30.0, 433.84690701169285]]",[119],"[[0], [0], [0, 3, 0]]",[2],200,10
173,501.8158668716749,0.024461662769317626,0.23799716438600038,0.3433604316530778,0.14137985365682845,26.621644062156072,166.6784787614228,38.407260943963536,202.03532940684534,93,0.0,0.0,1.1501093352224639e-15,"[0, 0, 0]","[51.95382142529712, 85.57872586970146, 9.502799944499294]",6,6000,"[[ 0.          8.51594238 11.185698    9.031111    8.45724153]
 [ 8.51594238  0.          2.8014877   1.15175028  0.76346062]
 [11.185698    2.8014877   0.          3.01326762  3.48532782]
 [ 9.031111    1.15175028  3.01326762  0.          1.1378942 ]
 [ 8.45724153  0.76346062  3.48532782  1.1378942   0.        ]]","[[20.0, 2.0, 2.0, 60.0, 0.0], [45.0, 1.0, 2.0, 60.0, 0.0], [100.0, 2.0, 2.0, 60.0, 0.0], [46.0, 2.0, 1.0, 30.0, 0.0], [29.0, 3.0, 1.0, 30.0, 0.0], [89.0, 2.0, 2.0, 60.0, 0.0], [21.0, 1.0, 2.0, 60.0, 0.0], [110.0, 1.0, 1.0, 30.0, 0.0], [30.0, 2.0, 2.0, 60.0, 0.0], [53.0, 2.0, 2.0, 60.0, 0.0], [35.0, 3.0, 1.0, 30.0, 0.0], [29.0, 3.0, 1.0, 30.0, 0.0], [85.0, 3.0, 2.0, 60.0, 0.0], [21.0, 3.0, 2.0, 60.0, 0.0], [48.0, 2.0, 2.0, 60.0, 0.0], [45.0, 2.0, 2.0, 60.0, 0.0], [88.0, 3.0, 3.0, 120.0, 0.0], [58.0, 2.0, 2.0, 60.0, 0.0], [141.0, 1.0, 2.0, 60.0, 0.0], [445.0, 1.0, 1.0, 30.0, 0.0], [55.0, 2.0, 2.0, 60.0, 0.0], [100.0, 1.0, 3.0, 120.0, 0.0], [25.0, 2.0, 2.0, 60.0, 0.0], [4.0, 1.0, 1.0, 30.0, 0.0], [73.0, 3.0, 2.0, 60.0, 12.021043019829973], [11.0, 1.0, 2.0, 60.0, 23.70199129895224], [24.0, 2.0, 2.0, 60.0, 35.625796298323515], [80.0, 2.0, 2.0, 60.0, 37.02476774758143], [16.0, 2.0, 1.0, 30.0, 37.456954746073315], [45.0, 2.0, 2.0, 60.0, 44.72025732460407], [47.0, 2.0, 2.0, 60.0, 51.770060795891936], [104.0, 2.0, 2.0, 60.0, 67.39154057863942], [79.0, 2.0, 2.0, 60.0, 67.78801156455697], [65.0, 2.0, 2.0, 60.0, 73.02081579727279], [10.0, 3.0, 1.0, 30.0, 73.37299733126183], [92.0, 2.0, 2.0, 60.0, 78.81811547138163], [34.0, 2.0, 2.0, 60.0, 87.47475223580068], [23.0, 1.0, 1.0, 30.0, 89.40922635875023], [55.0, 2.0, 2.0, 60.0, 95.5671546720581], [184.0, 3.0, 2.0, 60.0, 96.33602094118923], [121.0, 3.0, 2.0, 60.0, 96.7939072781402], [61.0, 2.0, 2.0, 60.0, 98.36980328880216], [90.0, 2.0, 2.0, 60.0, 102.87579966565295], [18.0, 1.0, 1.0, 30.0, 104.9407263143454], [13.0, 1.0, 1.0, 30.0, 111.17765606341352], [184.0, 2.0, 2.0, 60.0, 112.29553792447513], [59.0, 3.0, 2.0, 60.0, 121.48538924519744], [87.0, 3.0, 1.0, 30.0, 127.62081856126873], [76.0, 1.0, 1.0, 30.0, 130.89979933108373], [64.0, 2.0, 2.0, 60.0, 132.98523286264282], [79.0, 1.0, 1.0, 30.0, 135.25183130913413], [74.0, 1.0, 1.0, 30.0, 135.6372170444124], [132.0, 1.0, 1.0, 30.0, 136.53537831628518], [13.0, 1.0, 1.0, 30.0, 139.96198057430644], [37.0, 1.0, 1.0, 30.0, 141.90538175510554], [3.0, 1.0, 2.0, 60.0, 148.22641604293108], [105.0, 1.0, 1.0, 30.0, 151.7688691800117], [19.0, 2.0, 2.0, 60.0, 152.9585189515018], [17.0, 2.0, 2.0, 60.0, 155.26396063278915], [45.0, 3.0, 2.0, 60.0, 158.4717443187417], [41.0, 2.0, 2.0, 60.0, 160.19091112593068], [14.0, 3.0, 2.0, 60.0, 161.80046723046223], [40.0, 2.0, 2.0, 60.0, 166.19504064142495], [119.0, 2.0, 2.0, 60.0, 167.67977668606895], [52.0, 2.0, 2.0, 60.0, 174.34828881122837], [52.0, 2.0, 2.0, 60.0, 181.30260874245792], [445.0, 2.0, 1.0, 30.0, 186.72302338228388], [68.0, 2.0, 2.0, 60.0, 187.08816512218607], [55.0, 2.0, 2.0, 60.0, 192.75850263079985], [27.0, 2.0, 2.0, 60.0, 199.5301925701257], [129.0, 1.0, 1.0, 30.0, 205.14039082741283], [45.0, 2.0, 2.0, 60.0, 206.54063642859495], [22.0, 2.0, 1.0, 30.0, 208.1453173837751], [17.0, 1.0, 1.0, 30.0, 208.9739969202831], [24.0, 3.0, 1.0, 30.0, 210.74581448374042], [18.0, 1.0, 1.0, 30.0, 210.85151326578935], [59.0, 2.0, 3.0, 120.0, 211.68829524636791], [58.0, 2.0, 2.0, 60.0, 218.2635794691037], [79.0, 2.0, 2.0, 60.0, 238.24236082502787], [79.0, 1.0, 2.0, 60.0, 241.06005128697106], [91.0, 1.0, 1.0, 30.0, 242.4802497949752], [62.0, 2.0, 2.0, 60.0, 244.4690310645114], [134.0, 3.0, 2.0, 60.0, 246.27574217918595], [80.0, 2.0, 2.0, 60.0, 246.92391019530396], [22.0, 2.0, 2.0, 60.0, 252.340535869662], [79.0, 1.0, 1.0, 30.0, 259.21978013724924], [107.0, 2.0, 2.0, 60.0, 266.7588257904633], [53.0, 2.0, 2.0, 60.0, 293.3082397692622], [55.0, 3.0, 1.0, 30.0, 303.841540943146], [17.0, 1.0, 1.0, 30.0, 312.06587014562393], [46.0, 3.0, 2.0, 60.0, 317.28332755550696], [84.0, 1.0, 1.0, 30.0, 320.2459485503109], [29.0, 3.0, 1.0, 30.0, 320.46821633167013], [93.0, 2.0, 2.0, 60.0, 325.25123026577114], [10.0, 1.0, 1.0, 30.0, 328.35814570323583], [72.0, 3.0, 1.0, 30.0, 335.8979525787838], [105.0, 1.0, 2.0, 60.0, 346.037960484565], [9.0, 3.0, 1.0, 30.0, 347.69830455805135], [66.0, 2.0, 1.0, 30.0, 347.94705816407], [12.0, 2.0, 2.0, 60.0, 352.5711693396838], [64.0, 1.0, 2.0, 60.0, 365.3382663386541], [134.0, 3.0, 2.0, 60.0, 369.44362432169635], [99.0, 2.0, 2.0, 60.0, 380.09833875091823], [28.0, 1.0, 1.0, 30.0, 383.8634124776174], [86.0, 2.0, 2.0, 60.0, 390.4333827158369], [100.0, 3.0, 3.0, 120.0, 391.8772976892559], [111.0, 1.0, 1.0, 30.0, 392.54938394344936], [19.0, 1.0, 1.0, 30.0, 393.26178810715084], [100.0, 3.0, 3.0, 120.0, 393.85019969752625], [47.0, 2.0, 2.0, 60.0, 394.1235652920939], [100.0, 2.0, 3.0, 120.0, 402.7065312495663], [272.0, 1.0, 1.0, 30.0, 404.9496062434009], [40.0, 2.0, 2.0, 60.0, 406.8802625567264], [81.0, 1.0, 2.0, 60.0, 411.5550592296831], [13.0, 2.0, 2.0, 60.0, 412.491396507024], [60.0, 2.0, 2.0, 60.0, 422.0828587162822], [92.0, 2.0, 2.0, 60.0, 428.54263891348444], [5.0, 1.0, 1.0, 30.0, 430.18884989348794], [32.0, 2.0, 2.0, 60.0, 431.1918089653501], [115.0, 3.0, 1.0, 30.0, 433.84690701169285]]",[119],"[[0], [0], [0, 3, 0]]",[2],200,10
